CID,original_ID,original_optical,original_negative,original_positive,negative_retained,positive_retained,fitwindow_negative,fitwindow_negative_retained
DES15C3odz,1343759,534,259,275,0,247,0,0
DES15E2mhy,1336008,566,245,321,0,297,2,0
DES15E2nlz,1341370,566,263,303,0,279,0,0
DES15E2uc,1285317,566,236,330,0,306,8,0
DES15X2kvt,1329615,546,261,285,0,268,6,0
DES15X2mey,1335564,546,253,293,0,271,5,0
DES15X2nkz,1339149,546,205,341,0,307,2,0
DES16C1cim,1490034,622,281,341,0,281,9,0
DES16C3cmy,1504139,534,201,333,0,302,1,0
DES16E1dcx,1536028,1153,352,801,0,729,1,0
DES16E2clk,1500031,566,258,308,0,285,0,0
DES16E2cqq,1516019,566,236,330,0,305,0,0
DES16S1agd,1389074,539,256,283,0,260,5,0
DES16S1bno,1430158,539,251,288,0,264,6,0
DES16S2afz,1387101,526,221,305,0,275,2,0
DES16X3cry,1516088,464,217,247,0,225,4,0
DES16X3zd,1386047,464,234,230,0,207,5,0
