cid,raw_phot_row,raw_mjd,published_mjd,band,raw_flux,published_flux,raw_err,published_err,published_used,published_chi2,published_phase_observer_days,raw_photflag,raw_psf_sigma_pixels,raw_zp,raw_gain,refit_flux,refit_err,refit_used,refit_chi2,refit_phase_observer_days
1442085,287626,57643.258,57643.258,r,-19.25200080871582,-19.252,11.006834983825684,11.007,1,3.83,-22.93,1,3.302999973297119,32.2400016784668,1.0499999523162842,-19.252,11.007,1,3.83,-23.07
1442085,287633,57653.308,57653.309,r,25.461000442504883,25.461,6.237453937530518,6.2375,1,0.49,-12.88,0,1.6339999437332153,32.25600051879883,1.0499999523162842,25.461,6.2375,1,0.54,-13.02
1442085,287637,57657.384,57657.383,r,28.201000213623047,28.201,4.977437496185303,4.9774,1,1.01,-8.8,12288,2.0869998931884766,32.24300003051758,1.0499999523162842,28.201,4.9774,1,0.92,-8.94
1442085,287641,57663.309,57663.309,r,41.097999572753906,41.098,5.416903972625732,5.4169,1,0.0,-2.88,28672,2.365999937057495,32.25299835205078,1.0499999523162842,41.098,5.4169,1,0.0,-3.02
1442085,287645,57670.124,57670.125,r,35.047000885009766,35.047,11.121478080749512,11.121,1,0.05,3.94,12288,2.2960000038146973,32.16999816894531,1.0499999523162842,35.047,11.121,1,0.06,3.8
1442085,287652,57684.114,57684.113,r,24.413000106811523,24.413,8.310589790344238,8.3106,1,1.31,17.93,1,3.197999954223633,32.20500183105469,1.0499999523162842,24.413,8.3106,1,1.22,17.79
1442085,287656,57688.157,57688.156,r,10.371999740600586,10.372,5.017775058746338,5.0178,1,0.0,21.97,1,2.2049999237060547,32.2400016784668,1.0499999523162842,10.372,5.0178,1,0.0,21.83
1442085,287662,57695.095,57695.094,r,8.274999618530273,8.275,7.705527305603027,7.7055,1,0.12,28.91,1,3.240000009536743,32.18299865722656,1.0499999523162842,8.275,7.7055,1,0.11,28.77
1442085,287666,57702.093,57702.094,r,6.539999961853027,6.54,8.29679012298584,8.2968,1,0.14,35.91,1,1.968999981880188,32.24100112915039,1.0499999523162842,6.54,8.2968,1,0.13,35.77
1442085,287670,57709.162,57709.16,r,-3.2279999256134033,-3.228,13.137292861938477,13.137,1,0.2,42.98,1,2.490000009536743,32.23400115966797,1.0499999523162842,-3.228,13.137,1,0.2,42.84
1442085,287674,57714.24,57714.238,r,0.6570000052452087,0.657,6.984759330749512,6.9848,1,0.05,48.05,1,3.196000099182129,32.17300033569336,1.0499999523162842,0.657,6.9848,1,0.06,47.91
1442085,287678,57718.182,57718.184,r,-2.194000005722046,-2.194,4.13884162902832,4.1388,1,0.99,52.0,1,2.009999990463257,32.23699951171875,1.0499999523162842,-2.194,4.1388,1,1.0,51.86
1442085,287682,57723.079,57723.078,r,-3.7279999256134033,-3.728,5.44874906539917,5.4487,1,1.02,56.89,1,2.450000047683716,32.20800018310547,1.0499999523162842,-3.728,5.4487,1,1.03,56.75
1442085,287686,57730.103,57730.102,r,-17.030000686645508,-17.03,11.250983238220215,11.251,1,2.73,63.92,1,3.015000104904175,32.185001373291016,1.0499999523162842,-17.03,11.251,1,2.74,63.78
1442085,287690,57739.17,57739.172,r,-12.222999572753906,-12.223,8.219300270080566,8.2193,1,2.81,72.98,1,2.0429999828338623,32.220001220703125,1.0499999523162842,-12.223,8.2193,1,2.81,72.84
1442085,287618,57633.265,57633.266,r,-5.919000148773193,-5.919,5.8468170166015625,5.8468,-1,1.02,-32.92,1,2.4679999351501465,32.23899841308594,1.0499999523162842,-5.919,5.8468,-1,1.02,-33.06
1442085,287622,57637.274,57637.273,r,-0.039000000804662704,-0.039,6.717258453369141,6.7173,-1,0.0,-28.91,1,2.874000072479248,32.242000579833984,1.0499999523162842,-0.039,6.7173,-1,0.0,-29.05
1442085,287694,57746.046,57746.047,r,4.051000118255615,4.051,3.5305943489074707,3.5306,-1,0.65,79.86,1,1.565000057220459,32.244998931884766,1.0499999523162842,4.051,3.5306,-1,0.64,79.72
1442085,287698,57750.126,57750.125,r,-8.130000114440918,-8.13,6.152533054351807,6.1525,-1,2.17,83.94,1,2.9660000801086426,32.18899917602539,1.0499999523162842,-8.13,6.1525,-1,2.18,83.8
1442085,287702,57756.08,57756.078,r,-2.2790000438690186,-2.279,6.284160614013672,6.2842,-1,0.23,89.89,1,2.931999921798706,32.23500061035156,1.0499999523162842,-2.279,6.2842,-1,0.23,89.75
1442085,287627,57643.26,57643.262,i,3.4059998989105225,3.406,10.497227668762207,10.497,1,0.0,-22.93,1,2.993000030517578,32.499000549316406,1.0499999523162842,3.406,10.497,1,0.0,-23.07
1442085,287631,57646.221,57646.223,i,21.490999221801758,21.491,23.610565185546875,23.611,1,0.37,-19.97,1,1.906000018119812,32.196998596191406,1.0499999523162842,21.491,23.611,1,0.37,-20.11
1442085,287634,57653.31,57653.309,i,22.23699951171875,22.237,5.9198317527771,5.9198,1,0.01,-12.88,0,1.4830000400543213,32.53300094604492,1.0499999523162842,22.237,5.9198,1,0.0,-13.02
1442085,287638,57657.386,57657.387,i,37.380001068115234,37.38,5.657480239868164,5.6575,1,0.04,-8.8,12288,1.815000057220459,32.529998779296875,1.0499999523162842,37.38,5.6575,1,0.07,-8.94
1442085,287642,57663.311,57663.312,i,56.112998962402344,56.113,6.405392646789551,6.4054,1,2.54,-2.88,12288,2.1589999198913574,32.5260009765625,1.0499999523162842,56.113,6.4054,1,2.54,-3.02
1442085,287646,57670.126,57670.125,i,41.34400177001953,41.344,8.617395401000977,8.6174,1,0.22,3.94,12288,2.0950000286102295,32.49700164794922,1.0499999523162842,41.344,8.6174,1,0.24,3.8
1442085,287649,57681.182,57681.184,i,32.814998626708984,32.815,15.035483360290527,15.035,1,0.05,15.0,1,2.4709999561309814,32.47200012207031,1.0499999523162842,32.815,15.035,1,0.04,14.86
1442085,287653,57684.117,57684.117,i,8.840999603271484,8.841,11.976127624511719,11.976,1,1.82,17.93,1,3.134999990463257,32.4900016784668,1.0499999523162842,8.841,11.976,1,1.9,17.79
1442085,287657,57688.159,57688.16,i,27.572999954223633,27.573,7.097239017486572,7.0972,1,1.25,21.97,1,2.1519999504089355,32.5099983215332,1.0499999523162842,27.573,7.0972,1,1.15,21.83
1442085,287663,57695.097,57695.098,i,-7.894999980926514,-7.895,9.677379608154297,9.6774,1,4.26,28.91,1,2.928999900817871,32.4739990234375,1.0499999523162842,-7.895,9.6774,1,4.36,28.77
1442085,287667,57702.095,57702.094,i,18.95599937438965,18.956,7.875830173492432,7.8758,1,1.88,35.91,1,1.8669999837875366,32.516998291015625,1.0499999523162842,18.956,7.8758,1,1.82,35.77
1442085,287671,57709.164,57709.164,i,17.663999557495117,17.664,11.210230827331543,11.21,1,1.15,42.98,1,2.4579999446868896,32.49599838256836,1.0499999523162842,17.664,11.21,1,1.13,42.84
1442085,287675,57714.242,57714.242,i,-17.097000122070312,-17.097,11.201767921447754,11.202,1,3.71,48.06,1,3.4630000591278076,32.42499923706055,1.0499999523162842,-17.097,11.202,1,3.74,47.92
1442085,287679,57718.184,57718.184,i,-0.8659999966621399,-0.866,6.598982810974121,6.599,1,0.55,52.0,1,2.196000099182129,32.50400161743164,1.0499999523162842,-0.866,6.599,1,0.56,51.86
1442085,287683,57723.081,57723.082,i,17.80500030517578,17.805,8.758092880249023,8.7581,1,2.59,56.89,1,2.4839999675750732,32.47700119018555,1.0499999523162842,17.805,8.7581,1,2.57,56.75
1442085,287687,57730.105,57730.105,i,-10.706000328063965,-10.706,9.709115982055664,9.7091,1,2.07,63.92,1,2.497999906539917,32.4640007019043,1.0499999523162842,-10.706,9.7091,1,2.08,63.78
1442085,287691,57739.173,57739.172,i,14.49899959564209,14.499,7.7859110832214355,7.7859,1,2.23,72.99,1,1.8279999494552612,32.50199890136719,1.0499999523162842,14.499,7.7859,1,2.22,72.85
1442085,287619,57633.268,57633.27,i,4.0960001945495605,4.096,7.122627258300781,7.1226,-1,0.33,-32.92,1,2.3529999256134033,32.53200149536133,1.0499999523162842,4.096,7.1226,-1,0.33,-33.06
1442085,287623,57637.276,57637.277,i,12.031999588012695,12.032,8.938987731933594,8.939,-1,1.7,-28.91,1,2.884999990463257,32.51599884033203,1.0499999523162842,12.032,8.939,-1,1.71,-29.05
1442085,287695,57746.048,57746.047,i,0.5690000057220459,0.569,4.747713088989258,4.7477,-1,0.2,79.86,1,1.555999994277954,32.507999420166016,1.0499999523162842,0.569,4.7477,-1,0.2,79.72
1442085,287699,57750.128,57750.129,i,-3.6019999980926514,-3.602,8.339176177978516,8.3392,-1,0.57,83.94,1,2.992000102996826,32.44599914550781,1.0499999523162842,-3.602,8.3392,-1,0.57,83.8
1442085,287703,57756.082,57756.082,i,5.2179999351501465,5.218,8.613163948059082,8.6132,-1,0.08,89.9,1,2.9679999351501465,32.49300003051758,1.0499999523162842,5.218,8.6132,-1,0.08,89.76
1442085,287628,57643.265,57643.266,z,-5.389999866485596,-5.39,12.619210243225098,12.619,1,0.49,-22.92,2049,2.9809999465942383,33.007999420166016,1.0299999713897705,-5.39,12.619,1,0.49,-23.06
1442085,287630,57645.228,57645.227,z,-23.13800048828125,-23.138,17.165441513061523,17.165,1,2.74,-20.96,2049,3.7009999752044678,33.01599884033203,1.0299999713897705,-23.138,17.165,1,2.73,-21.1
1442085,287635,57653.315,57653.316,z,32.44300079345703,32.443,6.9549055099487305,6.9549,1,2.2,-12.87,2048,1.430999994277954,33.053001403808594,1.0299999713897705,32.443,6.9549,1,2.29,-13.01
1442085,287639,57657.391,57657.391,z,20.944000244140625,20.944,6.864160060882568,6.8642,1,2.76,-8.8,2049,1.6720000505447388,33.060001373291016,1.0299999713897705,20.944,6.8642,1,2.63,-8.94
1442085,287643,57663.314,57663.312,z,57.59299850463867,57.593,9.214577674865723,9.2146,1,2.5,-2.87,12288,2.138000011444092,33.04100036621094,1.0299999713897705,57.593,9.2146,1,2.52,-3.01
1442085,287647,57670.131,57670.133,z,32.06100082397461,32.061,10.899528503417969,10.9,1,1.5,3.94,2049,1.899999976158142,33.007999420166016,1.0299999713897705,32.061,10.9,1,1.51,3.8
1442085,287650,57681.185,57681.184,z,29.51099967956543,29.511,13.848194122314453,13.848,1,0.23,15.0,1,2.368000030517578,33.03499984741211,1.0299999713897705,29.511,13.848,1,0.25,14.86
1442085,287654,57684.119,57684.117,z,21.98900032043457,21.989,16.721797943115234,16.722,1,0.38,17.93,1,2.9149999618530273,33.00699996948242,1.0299999713897705,21.989,16.722,1,0.39,17.79
1442085,287658,57688.165,57688.164,z,34.26100158691406,34.261,11.001477241516113,11.001,1,0.28,21.98,2049,2.4210000038146973,33.018001556396484,1.0299999713897705,34.261,11.001,1,0.27,21.84
1442085,287660,57694.307,57694.309,z,19.815000534057617,19.815,31.773208618164062,31.773,1,0.02,28.12,2049,2.7890000343322754,32.2140007019043,1.0299999713897705,19.815,31.773,1,0.02,27.98
1442085,287664,57695.1,57695.102,z,4.728000164031982,4.728,13.401188850402832,13.401,1,1.87,28.91,1,2.7850000858306885,32.97600173950195,1.0299999713897705,4.728,13.401,1,1.9,28.77
1442085,287668,57702.098,57702.098,z,12.413999557495117,12.414,10.48165225982666,10.482,1,0.33,35.91,1,1.8539999723434448,32.98099899291992,1.0299999713897705,12.414,10.482,1,0.35,35.77
1442085,287672,57709.165,57709.164,z,23.125999450683594,23.126,17.126230239868164,17.126,1,0.29,42.98,1,2.4749999046325684,32.21699905395508,1.0299999713897705,23.126,17.126,1,0.28,42.84
1442085,287676,57714.248,57714.246,z,20.06999969482422,20.07,14.417313575744629,14.417,1,0.39,48.06,2049,3.38700008392334,32.888999938964844,1.0299999713897705,20.07,14.417,1,0.37,47.92
1442085,287680,57718.186,57718.188,z,14.029999732971191,14.03,9.64029598236084,9.6403,1,0.23,52.0,1,2.196000099182129,33.01499938964844,1.0299999713897705,14.03,9.6403,1,0.21,51.86
1442085,287684,57723.086,57723.086,z,15.204999923706055,15.205,11.600844383239746,11.601,1,0.38,56.9,2049,2.130000114440918,32.957000732421875,1.0299999713897705,15.205,11.601,1,0.37,56.76
1442085,287688,57730.11,57730.109,z,13.053999900817871,13.054,10.19149112701416,10.191,1,0.34,63.92,2049,2.325000047683716,32.941001892089844,1.0299999713897705,13.054,10.191,1,0.33,63.78
1442085,287692,57739.178,57739.18,z,-4.9629998207092285,-4.963,10.079459190368652,10.079,1,1.25,72.99,2049,1.850000023841858,33.00400161743164,1.0299999713897705,-4.963,10.079,1,1.26,72.85
1442085,287620,57633.273,57633.273,z,0.8289999961853027,0.829,9.740004539489746,9.74,-1,0.01,-32.91,2049,2.4119999408721924,33.08599853515625,1.0299999713897705,0.829,9.74,-1,0.01,-33.05
1442085,287624,57637.281,57637.281,z,-10.118000030517578,-10.118,12.34809398651123,12.348,-1,0.72,-28.91,2049,2.7360000610351562,33.0629997253418,1.0299999713897705,-10.118,12.348,-1,0.72,-29.05
1442085,287696,57746.051,57746.051,z,-1.38100004196167,-1.381,5.825629234313965,5.8256,-1,1.3,79.86,1,1.4509999752044678,32.98099899291992,1.0299999713897705,-1.381,5.8256,-1,1.32,79.72
1442085,287700,57750.131,57750.133,z,-6.09499979019165,-6.095,12.646097183227539,12.646,-1,0.79,83.94,1,2.875999927520752,32.887001037597656,1.0299999713897705,-6.095,12.646,-1,0.8,83.8
1442085,287704,57756.085,57756.086,z,3.1600000858306885,3.16,10.703474044799805,10.703,-1,0.02,89.9,1,2.73799991607666,33.018001556396484,1.0299999713897705,3.16,10.703,-1,0.02,89.76
