CID,delta_PKMJD,delta_STRETCH,delta_AV,delta_DLMAG,delta_NDOF,delta_FITCHI2
DES16C1cim,-0.0038750000021536835,7.405090332035513e-06,-0.0011119770224571196,0.0015230541992181656,0.0,0.03032602539062168
DES16C3cmy,-0.0038687499982188456,-8.114547729531907e-06,-5.7087209463117794e-05,0.00010703369140685481,0.0,0.06852500488281521
DES16E1dcx,0.043006250001781154,-0.007909499702453582,0.008931797070503233,-0.00573623168945403,0.0,1.0870865917968615
DES16E2clk,0.05860625000059372,-0.007886867446899481,0.0011778858852386498,-0.009420042724606503,0.0,0.024344143676756858
DES16E2cqq,0.0039374999978463165,-2.707193374629213e-05,0.0017322449874877799,-0.003191977539060531,0.0,-0.21077537597656004
DES16S1agd,-0.20311875000334112,0.04154558536529551,-0.031770344200134276,0.048008946533201424,0.0,0.30318755737305025
DES16S1bno,-0.0038812499988125637,2.8649139404146595e-06,-0.000586615862607956,0.000614903564454039,0.0,0.015601763916016864
DES16S2afz,0.33207499999844003,-0.0692261805343628,0.06604007035083771,-0.07059436157226884,0.0,0.8526377880859357
DES16X3cry,0.0039000000033411197,0.001262516822814863,-0.0007281809839725512,0.001459309082029847,0.0,0.05606479614257864
DES16X3zd,0.0703312499972526,-0.009904084205627495,-0.007851275730133056,-0.006427039794921541,0.0,0.13636057617187447
