weighting,candidate,block,delta_log_score,max_abs_coefficient
measurement_plus_model,object_observer_0.01,1578103,0.1775923576569065,0.0165144150441684
measurement_plus_model,object_observer_0.01,1327978,0.33558305907185826,0.016121259867001945
measurement_plus_model,object_observer_0.01,1249137,-0.8515091709371951,0.0183874092872608
measurement_plus_model,object_observer_0.01,1298079,-0.05312000038901665,0.016718810040360035
measurement_plus_model,object_observer_0.01,1574104,-0.5684921176852669,0.01688809139011719
measurement_plus_model,object_observer_0.01,1334597,0.48549352292213044,0.015827677940217704
measurement_plus_model,object_observer_0.01,1901115,0.6571103870662851,0.015007351694468828
measurement_plus_model,object_observer_0.01,1263369,1.377205503762963,0.015660290874729848
measurement_plus_model,object_observer_0.01,1339217,-0.006368509941006906,0.01673182807490766
measurement_plus_model,object_observer_0.01,1909375,0.6946896745064528,0.015986336569890867
measurement_plus_model,object_observer_0.01,1328016,0.3442731251493134,0.016091049978554654
measurement_plus_model,object_observer_0.01,1431163,0.40792529327601734,0.01644876578875674
measurement_plus_model,object_observer_0.01,1948209,1.6813455495706764,0.01516271940947447
measurement_plus_model,object_observer_0.01,1643313,0.7084692445828722,0.01587693045257208
measurement_plus_model,object_observer_0.01,1329615,0.1616355936116598,0.016367725224549327
measurement_plus_model,object_observer_0.01,1258940,0.06873146110789996,0.01642200454639165
measurement_plus_model,object_observer_0.01,1255008,0.0453249449929789,0.016397509070520427
measurement_plus_model,object_observer_0.01,1252829,0.4579907884001768,0.01605228692918619
measurement_plus_model,object_observer_0.01,1314047,1.1599279995567624,0.015603586176798611
measurement_plus_model,object_observer_0.01,1797044,0.8111291291815643,0.015878602637911996
measurement_plus_model,object_observer_0.01,1431096,-0.13194960275758127,0.016572506845672713
measurement_plus_model,object_observer_0.01,1296963,-0.2412324816985585,0.016621603215501317
measurement_plus_model,object_observer_0.01,1303140,-0.6015638053138161,0.016891691300146998
measurement_plus_model,object_observer_0.01,1281879,0.2074248292487617,0.016290900707746785
measurement_plus_model,object_observer_0.01,1370135,0.0010261999389946652,0.016447291270265833
measurement_plus_model,object_observer_0.01,1295285,-1.299617316204392,0.017577227510668446
measurement_plus_model,object_observer_0.01,1338471,0.1571107266531513,0.01631815226905037
measurement_plus_model,object_observer_0.01,1912110,0.5528850861436494,0.01603956837765939
measurement_plus_model,object_observer_0.01,1341426,0.10437972377281302,0.016376177572963647
measurement_plus_model,object_observer_0.01,1915087,0.19966723294559596,0.016289016944502105
measurement_plus_model,object_observer_0.01,1643338,-0.2598111806047365,0.016647960403913364
measurement_plus_model,object_observer_0.01,1300531,-0.07759092064561912,0.01648298817917122
measurement_plus_model,object_observer_0.01,1258118,-0.02299607560357142,0.016442220676197
measurement_plus_model,object_observer_0.01,1297580,0.4233129409168175,0.016171598215387595
measurement_plus_model,object_observer_0.01,1318847,0.23831361621932245,0.016240929604944145
measurement_plus_model,object_observer_0.01,1329168,-0.5024259479802584,0.016859337012913606
measurement_plus_model,object_observer_0.01,1433108,0.45500119086534685,0.016081851153368534
measurement_plus_model,object_observer_0.01,1255730,0.0010705767283525347,0.016413617314204775
measurement_plus_model,object_observer_0.01,1380167,0.48570979533501824,0.01607488616877194
measurement_plus_model,object_observer_0.01,1316487,0.06699889150059413,0.016372261615342495
measurement_plus_model,object_observer_0.01,1303699,0.06272164305340677,0.016358185347092095
measurement_plus_model,object_observer_0.01,1253857,0.00019279011958417414,0.01641024482209676
measurement_plus_model,object_observer_0.01,1339232,0.003665696048809508,0.016404951567150966
measurement_plus_model,field_observer_0.01,C2,0.7084692445828722,0.01587693045257208
measurement_plus_model,field_observer_0.01,C3,3.04498141938188,0.013918879080256262
measurement_plus_model,field_observer_0.01,E1,-0.805259890870941,0.018374697287103114
measurement_plus_model,field_observer_0.01,E2,1.7387408218509792,0.01514685859460044
measurement_plus_model,field_observer_0.01,S1,1.3918276569040566,0.016019118777754
measurement_plus_model,field_observer_0.01,S2,0.3843285681216324,0.016894361481437453
measurement_plus_model,field_observer_0.01,X1,-0.12345270053331348,0.016536773366436858
measurement_plus_model,field_observer_0.01,X2,0.8197541066858243,0.01496419353447874
measurement_plus_model,field_observer_0.01,X3,1.061251362644926,0.015873858822022257
measurement_plus_model,object_observer_0.02,1578103,0.1369906778147545,0.024261763292426193
measurement_plus_model,object_observer_0.02,1327978,0.39051752013506924,0.02375712225881623
measurement_plus_model,object_observer_0.02,1249137,-1.3499835807199485,0.027137403792919703
measurement_plus_model,object_observer_0.02,1298079,-0.15469818300132854,0.024542216785344965
measurement_plus_model,object_observer_0.02,1574104,-0.794481320383353,0.024913841678534287
measurement_plus_model,object_observer_0.02,1334597,0.524796477071396,0.02316297292178618
measurement_plus_model,object_observer_0.02,1901115,0.9190473902588723,0.02241222383501072
measurement_plus_model,object_observer_0.02,1263369,1.7318820693494565,0.022794849365685602
measurement_plus_model,object_observer_0.02,1339217,-0.16257745529252077,0.024448351378717887
measurement_plus_model,object_observer_0.02,1909375,1.2062706368164529,0.020897940368007233
measurement_plus_model,object_observer_0.02,1328016,0.4382590323626889,0.02340700937136162
measurement_plus_model,object_observer_0.02,1431163,0.4433312258664053,0.024149016425587342
measurement_plus_model,object_observer_0.02,1948209,2.1551806032445118,0.02235117000218807
measurement_plus_model,object_observer_0.02,1643313,0.892692828501291,0.023113344708853876
measurement_plus_model,object_observer_0.02,1329615,0.17114967497330635,0.023853198192420804
measurement_plus_model,object_observer_0.02,1258940,0.053259523059709046,0.02389836125958325
measurement_plus_model,object_observer_0.02,1255008,0.03982247200263522,0.02381266979126172
measurement_plus_model,object_observer_0.02,1252829,0.5820398337062578,0.023320963308058267
measurement_plus_model,object_observer_0.02,1314047,1.4762596563448813,0.022914395515963214
measurement_plus_model,object_observer_0.02,1797044,1.0128965058582953,0.02324582519149015
measurement_plus_model,object_observer_0.02,1431096,-0.20874020456298847,0.02408948780100782
measurement_plus_model,object_observer_0.02,1296963,-0.3365415219742953,0.024116328889214667
measurement_plus_model,object_observer_0.02,1303140,-0.8155419296033646,0.024468243566856163
measurement_plus_model,object_observer_0.02,1281879,0.25864162831907755,0.023708302845143945
measurement_plus_model,object_observer_0.02,1370135,-0.025992441955875023,0.023889949456377842
measurement_plus_model,object_observer_0.02,1295285,-1.8785248222640174,0.025496842914612947
measurement_plus_model,object_observer_0.02,1338471,0.19749193659834585,0.023729243233787303
measurement_plus_model,object_observer_0.02,1912110,0.7003560101369262,0.023390407064387737
measurement_plus_model,object_observer_0.02,1341426,0.12050668657024488,0.02382109067998261
measurement_plus_model,object_observer_0.02,1915087,0.2527405978377839,0.02369404082540012
measurement_plus_model,object_observer_0.02,1643338,-0.392949652163451,0.02411228531668066
measurement_plus_model,object_observer_0.02,1300531,-0.12072327459976062,0.023905260059569423
measurement_plus_model,object_observer_0.02,1258118,-0.04121090468423283,0.023865411687296962
measurement_plus_model,object_observer_0.02,1297580,0.5161833600646117,0.023602445465193987
measurement_plus_model,object_observer_0.02,1318847,0.30508428393129083,0.023606228951336593
measurement_plus_model,object_observer_0.02,1329168,-0.7189200567574616,0.02445110841047801
measurement_plus_model,object_observer_0.02,1433108,0.590844659249111,0.023417625168448267
measurement_plus_model,object_observer_0.02,1255730,0.0011503032030937277,0.023825546253391287
measurement_plus_model,object_observer_0.02,1380167,0.5723824995248954,0.023384576541486245
measurement_plus_model,object_observer_0.02,1316487,0.07799201858577831,0.023778466741173336
measurement_plus_model,object_observer_0.02,1303699,0.05277635902835964,0.023718355488155207
measurement_plus_model,object_observer_0.02,1253857,0.00026067096695214786,0.023814630514511863
measurement_plus_model,object_observer_0.02,1339232,0.005027334895903124,0.023803474565703697
measurement_plus_model,field_observer_0.02,C2,0.892692828501291,0.023113344708853876
measurement_plus_model,field_observer_0.02,C3,3.914842570564561,0.01951763902799935
measurement_plus_model,field_observer_0.02,E1,-1.3103862728713445,0.02713993892713845
measurement_plus_model,field_observer_0.02,E2,2.1142333911245634,0.022746993967825292
measurement_plus_model,field_observer_0.02,S1,1.6184423039340947,0.02369917662204635
measurement_plus_model,field_observer_0.02,S2,0.2121723494189638,0.025709241889172868
measurement_plus_model,field_observer_0.02,X1,-0.2098019210828408,0.02398088900975226
measurement_plus_model,field_observer_0.02,X2,1.0909421545253126,0.022449163112882236
measurement_plus_model,field_observer_0.02,X3,0.9398068785632638,0.023797944323576282
measurement_plus_model,object_observer_0.05,1578103,0.09611023014767017,0.035756433884991
measurement_plus_model,object_observer_0.05,1327978,0.3898434588809092,0.03553190999902027
measurement_plus_model,object_observer_0.05,1249137,-1.6332000161613704,0.041484771049957035
measurement_plus_model,object_observer_0.05,1298079,-0.22356633170213946,0.036529848747239746
measurement_plus_model,object_observer_0.05,1574104,-0.9251415585662466,0.03778273761289091
measurement_plus_model,object_observer_0.05,1334597,0.5373692027282138,0.03168014971347456
measurement_plus_model,object_observer_0.05,1901115,1.0003460017988424,0.034701851612715294
measurement_plus_model,object_observer_0.05,1263369,1.8739790844702426,0.033172295248578856
measurement_plus_model,object_observer_0.05,1339217,-0.2402683652863713,0.034396319035327035
measurement_plus_model,object_observer_0.05,1909375,1.457263579939454,0.023082424853743795
measurement_plus_model,object_observer_0.05,1328016,0.4769145003096158,0.03416294521034302
measurement_plus_model,object_observer_0.05,1431163,0.43078762075319155,0.03613166259484287
measurement_plus_model,object_observer_0.05,1948209,2.323910911434492,0.034570968005110676
measurement_plus_model,object_observer_0.05,1643313,0.9663367592032364,0.03389839256743531
measurement_plus_model,object_observer_0.05,1329615,0.1662318570343162,0.03515475827275938
measurement_plus_model,object_observer_0.05,1258940,0.041118806790153783,0.035016758511858495
measurement_plus_model,object_observer_0.05,1255008,0.036685986825234274,0.034746638225590834
measurement_plus_model,object_observer_0.05,1252829,0.6337581921185738,0.03411397193779518
measurement_plus_model,object_observer_0.05,1314047,1.5844982519010768,0.034986544690990336
measurement_plus_model,object_observer_0.05,1797044,1.0801025645081346,0.03488388118061176
measurement_plus_model,object_observer_0.05,1431096,-0.24442704607802312,0.03510420022930523
measurement_plus_model,object_observer_0.05,1296963,-0.3759713891902896,0.03500755411955918
measurement_plus_model,object_observer_0.05,1303140,-0.9014020662002586,0.03510172210206801
measurement_plus_model,object_observer_0.05,1281879,0.27371943098098495,0.03508968621896563
measurement_plus_model,object_observer_0.05,1370135,-0.038798450681603036,0.034801019938377864
measurement_plus_model,object_observer_0.05,1295285,-2.1241815600656873,0.03493948120433772
measurement_plus_model,object_observer_0.05,1338471,0.20973493117213948,0.03504411451285037
measurement_plus_model,object_observer_0.05,1912110,0.7518901983989785,0.03484435205580981
measurement_plus_model,object_observer_0.05,1341426,0.12165342881369501,0.0351355450526078
measurement_plus_model,object_observer_0.05,1915087,0.2695063621704792,0.03504821313002278
measurement_plus_model,object_observer_0.05,1643338,-0.4441668257222178,0.03427243737730472
measurement_plus_model,object_observer_0.05,1300531,-0.13688315379171634,0.03465449773726419
measurement_plus_model,object_observer_0.05,1258118,-0.049025952631845726,0.034855464859260964
measurement_plus_model,object_observer_0.05,1297580,0.5429118911741941,0.03509476288027865
measurement_plus_model,object_observer_0.05,1318847,0.3299842154185795,0.034792347310999824
measurement_plus_model,object_observer_0.05,1329168,-0.8081992953368067,0.034868072849447124
measurement_plus_model,object_observer_0.05,1433108,0.6405033028516085,0.03487527825214235
measurement_plus_model,object_observer_0.05,1255730,0.0004971732466048095,0.034960276230664465
measurement_plus_model,object_observer_0.05,1380167,0.6068837509162046,0.033745737334446184
measurement_plus_model,object_observer_0.05,1316487,0.08121416836134276,0.03485209993481434
measurement_plus_model,object_observer_0.05,1303699,0.05230815190673521,0.034153546211350944
measurement_plus_model,object_observer_0.05,1253857,0.00030807827244672126,0.03489974274466219
measurement_plus_model,object_observer_0.05,1339232,0.00601656400416406,0.034859140260206506
measurement_plus_model,field_observer_0.05,C2,0.9663367592032364,0.03389839256743531
measurement_plus_model,field_observer_0.05,C3,4.2416824074717345,0.023189467447387428
measurement_plus_model,field_observer_0.05,E1,-1.597250910877336,0.04133865875556617
measurement_plus_model,field_observer_0.05,E2,2.217397483321286,0.034877689947107916
measurement_plus_model,field_observer_0.05,S1,1.6730309898719407,0.03487927186210916
measurement_plus_model,field_observer_0.05,S2,0.02769307667302634,0.040449071567956275
measurement_plus_model,field_observer_0.05,X1,-0.24301152947388882,0.03432193696774497
measurement_plus_model,field_observer_0.05,X2,1.1670652756400193,0.03495532256365108
measurement_plus_model,field_observer_0.05,X3,0.8239957619661125,0.03143762610350283
measurement_plus_model,object_rest_phase_0.01,1578103,0.43976684479591466,0.012286521444014025
measurement_plus_model,object_rest_phase_0.01,1327978,0.2306033029666379,0.0128684080665638
measurement_plus_model,object_rest_phase_0.01,1249137,-0.3306307993092945,0.01421857713498875
measurement_plus_model,object_rest_phase_0.01,1298079,0.015053061138812218,0.013327408557148123
measurement_plus_model,object_rest_phase_0.01,1574104,-0.23453385497223245,0.013986731609258844
measurement_plus_model,object_rest_phase_0.01,1334597,1.46997683961259,0.008612278464692227
measurement_plus_model,object_rest_phase_0.01,1901115,0.38877033223534285,0.0125110376948031
measurement_plus_model,object_rest_phase_0.01,1263369,-0.20225224834846678,0.013821738152197857
measurement_plus_model,object_rest_phase_0.01,1339217,0.24236413528089495,0.01267336479955886
measurement_plus_model,object_rest_phase_0.01,1909375,1.5611215729079357,0.009405394214851632
measurement_plus_model,object_rest_phase_0.01,1328016,0.38065929290238865,0.012168843447977694
measurement_plus_model,object_rest_phase_0.01,1431163,0.0674792091237455,0.01299703463535035
measurement_plus_model,object_rest_phase_0.01,1948209,-0.802978943440884,0.015367254866292836
measurement_plus_model,object_rest_phase_0.01,1643313,0.341061986971976,0.012246388222603207
measurement_plus_model,object_rest_phase_0.01,1329615,-0.2528441861637254,0.013931870246857674
measurement_plus_model,object_rest_phase_0.01,1258940,-0.15628295736444198,0.01367605100970368
measurement_plus_model,object_rest_phase_0.01,1255008,-0.0744379420292054,0.013438213710910073
measurement_plus_model,object_rest_phase_0.01,1252829,0.23940306829230362,0.01252670037529517
measurement_plus_model,object_rest_phase_0.01,1314047,-0.1827769762228293,0.013723404804228477
measurement_plus_model,object_rest_phase_0.01,1797044,0.1338718385032296,0.012858521933541246
measurement_plus_model,object_rest_phase_0.01,1431096,-0.07355301813017245,0.013450717519518048
measurement_plus_model,object_rest_phase_0.01,1296963,0.019793327103166725,0.013174590681493027
measurement_plus_model,object_rest_phase_0.01,1303140,-0.22108237586936275,0.013842964135406729
measurement_plus_model,object_rest_phase_0.01,1281879,-0.041710424052407546,0.01334757050159112
measurement_plus_model,object_rest_phase_0.01,1370135,0.022134531211595032,0.013171304158540044
measurement_plus_model,object_rest_phase_0.01,1295285,-0.19465364632326043,0.013816341647495126
measurement_plus_model,object_rest_phase_0.01,1338471,0.016072359122134117,0.013182718107068853
measurement_plus_model,object_rest_phase_0.01,1912110,-0.242230152126087,0.013923337229023376
measurement_plus_model,object_rest_phase_0.01,1341426,0.03667100235128107,0.013127486916603677
measurement_plus_model,object_rest_phase_0.01,1915087,0.08551689689534614,0.012992627263379084
measurement_plus_model,object_rest_phase_0.01,1643338,-0.026402189181552682,0.013300843318703013
measurement_plus_model,object_rest_phase_0.01,1300531,0.09093080980156376,0.012969121290562019
measurement_plus_model,object_rest_phase_0.01,1258118,0.04168300566693661,0.013108479299306282
measurement_plus_model,object_rest_phase_0.01,1297580,-0.18014664879640074,0.013817716996483098
measurement_plus_model,object_rest_phase_0.01,1318847,-0.09059692148923082,0.01352769200698162
measurement_plus_model,object_rest_phase_0.01,1329168,0.009279545226430042,0.013121566300813639
measurement_plus_model,object_rest_phase_0.01,1433108,0.07039132276522508,0.013125155396557594
measurement_plus_model,object_rest_phase_0.01,1255730,-0.011950773033824635,0.013250132448620664
measurement_plus_model,object_rest_phase_0.01,1380167,0.1385555395616458,0.013052882932684157
measurement_plus_model,object_rest_phase_0.01,1316487,-0.05321325323698911,0.013396299341470335
measurement_plus_model,object_rest_phase_0.01,1303699,0.15073951426820376,0.01286538848026238
measurement_plus_model,object_rest_phase_0.01,1253857,-0.023431366549724775,0.013287349898378275
measurement_plus_model,object_rest_phase_0.01,1339232,-0.008661914721697528,0.013245027972361337
measurement_plus_model,field_rest_phase_0.01,C2,0.341061986971976,0.012246388222603207
measurement_plus_model,field_rest_phase_0.01,C3,1.207658535968529,0.011214155775885023
measurement_plus_model,field_rest_phase_0.01,E1,-0.4110511077930914,0.014448571908026894
measurement_plus_model,field_rest_phase_0.01,E2,0.6033221622187843,0.011976483309489779
measurement_plus_model,field_rest_phase_0.01,S1,-0.43320454049998913,0.014722580522645443
measurement_plus_model,field_rest_phase_0.01,S2,0.30586901008442036,0.012824276924964668
measurement_plus_model,field_rest_phase_0.01,X1,0.029852628842238715,0.01315012577909823
measurement_plus_model,field_rest_phase_0.01,X2,0.1495467602089855,0.013237511882853298
measurement_plus_model,field_rest_phase_0.01,X3,1.268321151821569,0.009518755431568274
measurement_plus_model,object_rest_phase_0.02,1578103,0.5368786006996982,0.021160610852849777
measurement_plus_model,object_rest_phase_0.02,1327978,0.2958954457541503,0.020595797581924608
measurement_plus_model,object_rest_phase_0.02,1249137,-0.5822621336500458,0.023203851144471106
measurement_plus_model,object_rest_phase_0.02,1298079,-0.018470568254064457,0.021499020634428895
measurement_plus_model,object_rest_phase_0.02,1574104,-0.33482105443751964,0.0213757851220343
measurement_plus_model,object_rest_phase_0.02,1334597,1.946610980645671,0.021146713477126697
measurement_plus_model,object_rest_phase_0.02,1901115,0.6402326744164322,0.018473489032885877
measurement_plus_model,object_rest_phase_0.02,1263369,-0.4013115996816632,0.0221544312109184
measurement_plus_model,object_rest_phase_0.02,1339217,0.2578681829108147,0.02195721527165209
measurement_plus_model,object_rest_phase_0.02,1909375,2.4719137032554137,0.013445436642853675
measurement_plus_model,object_rest_phase_0.02,1328016,0.5105921340630459,0.021449525042950477
measurement_plus_model,object_rest_phase_0.02,1431163,0.00253096016867449,0.022580639349288764
measurement_plus_model,object_rest_phase_0.02,1948209,-1.102327069403029,0.020682668758675183
measurement_plus_model,object_rest_phase_0.02,1643313,0.43870507417301585,0.02165073937303414
measurement_plus_model,object_rest_phase_0.02,1329615,-0.34534171707097183,0.021243923026752844
measurement_plus_model,object_rest_phase_0.02,1258940,-0.21721620257868857,0.021344189990470844
measurement_plus_model,object_rest_phase_0.02,1255008,-0.10281640907876355,0.021403002632489045
measurement_plus_model,object_rest_phase_0.02,1252829,0.31220578897699935,0.02167583970854675
measurement_plus_model,object_rest_phase_0.02,1314047,-0.2658591876233958,0.021423973619443076
measurement_plus_model,object_rest_phase_0.02,1797044,0.16036763494355544,0.021625759376112177
measurement_plus_model,object_rest_phase_0.02,1431096,-0.10282173141202655,0.021388436756705514
measurement_plus_model,object_rest_phase_0.02,1296963,0.02583472132924758,0.02146459510239094
measurement_plus_model,object_rest_phase_0.02,1303140,-0.2976917140508841,0.021301579011745224
measurement_plus_model,object_rest_phase_0.02,1281879,-0.05937262717959246,0.021433219262628943
measurement_plus_model,object_rest_phase_0.02,1370135,0.029307225427339212,0.021444934094536967
measurement_plus_model,object_rest_phase_0.02,1295285,-0.2791697641266313,0.021376368829662755
measurement_plus_model,object_rest_phase_0.02,1338471,0.022444922949012458,0.02143855494308453
measurement_plus_model,object_rest_phase_0.02,1912110,-0.3214488954888308,0.021133683462130674
measurement_plus_model,object_rest_phase_0.02,1341426,0.05049893835685726,0.02144243418736999
measurement_plus_model,object_rest_phase_0.02,1915087,0.1195823353073413,0.021424347359399906
measurement_plus_model,object_rest_phase_0.02,1643338,-0.04616840954847623,0.02154974139387477
measurement_plus_model,object_rest_phase_0.02,1300531,0.11565468614885788,0.02158098275127065
measurement_plus_model,object_rest_phase_0.02,1258118,0.05458809548818877,0.02149159779983486
measurement_plus_model,object_rest_phase_0.02,1297580,-0.21027197395323016,0.02065460425895568
measurement_plus_model,object_rest_phase_0.02,1318847,-0.09688588916095942,0.020936029457527663
measurement_plus_model,object_rest_phase_0.02,1329168,-0.0367232937849975,0.022263274275737856
measurement_plus_model,object_rest_phase_0.02,1433108,0.1435308495267904,0.020603451516449434
measurement_plus_model,object_rest_phase_0.02,1255730,-0.019513125682213417,0.021508288865195364
measurement_plus_model,object_rest_phase_0.02,1380167,0.26242680921920325,0.019920874190240957
measurement_plus_model,object_rest_phase_0.02,1316487,-0.06130176131691378,0.021226376283823494
measurement_plus_model,object_rest_phase_0.02,1303699,0.2240675325591739,0.02109769812265325
measurement_plus_model,object_rest_phase_0.02,1253857,-0.0322690412069635,0.021452073694504463
measurement_plus_model,object_rest_phase_0.02,1339232,-0.012134816329083087,0.021461663485292156
measurement_plus_model,field_rest_phase_0.02,C2,0.43870507417301585,0.02165073937303414
measurement_plus_model,field_rest_phase_0.02,C3,1.9160499709158771,0.01674281541911266
measurement_plus_model,field_rest_phase_0.02,E1,-0.6954353079707163,0.02313877345987601
measurement_plus_model,field_rest_phase_0.02,E2,0.8522064863384848,0.019315638474587154
measurement_plus_model,field_rest_phase_0.02,S1,-0.7486608374042456,0.021537402327813284
measurement_plus_model,field_rest_phase_0.02,S2,0.24313238326580677,0.02214321016615705
measurement_plus_model,field_rest_phase_0.02,X1,0.030801237302471307,0.0215121558398576
measurement_plus_model,field_rest_phase_0.02,X2,0.30916554950616826,0.01825614310084908
measurement_plus_model,field_rest_phase_0.02,X3,1.6030579226228603,0.021362544262047332
measurement_plus_model,object_rest_phase_0.05,1578103,0.5628180783567243,0.06451021928383044
measurement_plus_model,object_rest_phase_0.05,1327978,0.3838497554212794,0.06229457087906998
measurement_plus_model,object_rest_phase_0.05,1249137,-0.9373518374447651,0.07243959160979382
measurement_plus_model,object_rest_phase_0.05,1298079,-0.07580127648955326,0.06547922914178321
measurement_plus_model,object_rest_phase_0.05,1574104,-0.38386398589558146,0.06580222679044388
measurement_plus_model,object_rest_phase_0.05,1334597,2.02898215342126,0.06518344657189545
measurement_plus_model,object_rest_phase_0.05,1901115,1.0434828682938755,0.056663599309006524
measurement_plus_model,object_rest_phase_0.05,1263369,-0.7069279371780923,0.06508023798843711
measurement_plus_model,object_rest_phase_0.05,1339217,0.11770822536039782,0.06695915655181832
measurement_plus_model,object_rest_phase_0.05,1909375,3.7150462766576493,0.0371586285214157
measurement_plus_model,object_rest_phase_0.05,1328016,0.5245652625458646,0.06472755540785917
measurement_plus_model,object_rest_phase_0.05,1431163,-0.3037942522027044,0.06899467889177902
measurement_plus_model,object_rest_phase_0.05,1948209,-1.1256128721763345,0.05928862763666698
measurement_plus_model,object_rest_phase_0.05,1643313,0.4376883061965846,0.06419357560780158
measurement_plus_model,object_rest_phase_0.05,1329615,-0.3557831061270611,0.06358005088761448
measurement_plus_model,object_rest_phase_0.05,1258940,-0.22710794784048227,0.0639845371255479
measurement_plus_model,object_rest_phase_0.05,1255008,-0.10653452565714128,0.06423775716394647
measurement_plus_model,object_rest_phase_0.05,1252829,0.30794422751910444,0.06479213322309844
measurement_plus_model,object_rest_phase_0.05,1314047,-0.3024298222005801,0.063571774861799
measurement_plus_model,object_rest_phase_0.05,1797044,0.14252089997045614,0.06447546208726643
measurement_plus_model,object_rest_phase_0.05,1431096,-0.10445529925974562,0.06427003806939514
measurement_plus_model,object_rest_phase_0.05,1296963,0.028481197957414217,0.06452332449685781
measurement_plus_model,object_rest_phase_0.05,1303140,-0.3048656061250088,0.06410077689792494
measurement_plus_model,object_rest_phase_0.05,1281879,-0.0627458425966787,0.0643341459290739
measurement_plus_model,object_rest_phase_0.05,1370135,0.03456772039072176,0.06444595361750666
measurement_plus_model,object_rest_phase_0.05,1295285,-0.3011180225572798,0.06422919853335236
measurement_plus_model,object_rest_phase_0.05,1338471,0.02817040483810951,0.06441268779592434
measurement_plus_model,object_rest_phase_0.05,1912110,-0.30942922698750186,0.06360103314114028
measurement_plus_model,object_rest_phase_0.05,1341426,0.05850974885007165,0.06444998306015304
measurement_plus_model,object_rest_phase_0.05,1915087,0.13791131658613764,0.06444562841580201
measurement_plus_model,object_rest_phase_0.05,1643338,-0.06690891524052578,0.06465480910307786
measurement_plus_model,object_rest_phase_0.05,1300531,0.10846675755492718,0.0647961579256975
measurement_plus_model,object_rest_phase_0.05,1258118,0.05449232019844663,0.06457829662799279
measurement_plus_model,object_rest_phase_0.05,1297580,-0.12552457534651262,0.062688942369468
measurement_plus_model,object_rest_phase_0.05,1318847,-0.03317135862637466,0.06327546430403443
measurement_plus_model,object_rest_phase_0.05,1329168,-0.1796126108296443,0.06658084097463227
measurement_plus_model,object_rest_phase_0.05,1433108,0.2786194344022328,0.06261953170741517
measurement_plus_model,object_rest_phase_0.05,1255730,-0.0281748642633608,0.06457240006833706
measurement_plus_model,object_rest_phase_0.05,1380167,0.4623266244496671,0.06172880487052482
measurement_plus_model,object_rest_phase_0.05,1316487,-0.04017642530217769,0.06402874708826979
measurement_plus_model,object_rest_phase_0.05,1303699,0.2775847141067964,0.06410345943241953
measurement_plus_model,object_rest_phase_0.05,1253857,-0.034010349566421905,0.06443122345854448
measurement_plus_model,object_rest_phase_0.05,1339232,-0.013034680627737494,0.06446274157340327
measurement_plus_model,field_rest_phase_0.05,C2,0.4376883061965846,0.06419357560780158
measurement_plus_model,field_rest_phase_0.05,C3,3.1517450566068788,0.02605119233507708
measurement_plus_model,field_rest_phase_0.05,E1,-1.0550355075332107,0.07218760663536558
measurement_plus_model,field_rest_phase_0.05,E2,1.132013430558899,0.059666709606166074
measurement_plus_model,field_rest_phase_0.05,S1,-1.0608199985461835,0.06448609420198685
measurement_plus_model,field_rest_phase_0.05,S2,-0.0827463368324457,0.0705684299224138
measurement_plus_model,field_rest_phase_0.05,X1,0.022183881134652417,0.06441692031977582
measurement_plus_model,field_rest_phase_0.05,X2,0.6976007919622513,0.05576857974872499
measurement_plus_model,field_rest_phase_0.05,X3,1.568248797379904,0.06452151938267373
measurement_only,object_observer_0.01,1578103,-0.3967560616243304,0.028574132004611657
measurement_only,object_observer_0.01,1327978,0.602668555858159,0.027407744236560373
measurement_only,object_observer_0.01,1249137,-6.011690422992956,0.02995943098889983
measurement_only,object_observer_0.01,1298079,-0.6252484039869302,0.027739646440912147
measurement_only,object_observer_0.01,1574104,-0.6982130051055719,0.027930881314135462
measurement_only,object_observer_0.01,1334597,6.979322741279873,0.028449580591757638
measurement_only,object_observer_0.01,1901115,2.8424356263866812,0.0268555502517396
measurement_only,object_observer_0.01,1263369,0.2374991126085817,0.026858716907924646
measurement_only,object_observer_0.01,1339217,-1.706688920988185,0.027741547236337302
measurement_only,object_observer_0.01,1909375,25.44321221539015,0.018156506944989253
measurement_only,object_observer_0.01,1328016,0.38349990294064895,0.027231286673902698
measurement_only,object_observer_0.01,1431163,-0.1409773868716897,0.027498897567390178
measurement_only,object_observer_0.01,1948209,5.474782056316897,0.024768032208010438
measurement_only,object_observer_0.01,1643313,0.9885503507842941,0.026931466528254486
measurement_only,object_observer_0.01,1329615,0.11846327071022245,0.027339377309894993
measurement_only,object_observer_0.01,1258940,0.036793538055910346,0.027364487895374986
measurement_only,object_observer_0.01,1255008,0.05975737021091021,0.027329459445846197
measurement_only,object_observer_0.01,1252829,0.5557701281409777,0.0271034160123618
measurement_only,object_observer_0.01,1314047,1.8858617488760103,0.026589252104758983
measurement_only,object_observer_0.01,1797044,0.9748048650005003,0.02698052654182039
measurement_only,object_observer_0.01,1431096,-0.10347409848892397,0.02741937503756331
measurement_only,object_observer_0.01,1296963,-0.21571521854808395,0.0274481890344568
measurement_only,object_observer_0.01,1303140,-0.5547199219081804,0.027591738273003503
measurement_only,object_observer_0.01,1281879,0.19405063189673655,0.027278412158657568
measurement_only,object_observer_0.01,1370135,0.016254216174914404,0.027353763890302803
measurement_only,object_observer_0.01,1295285,-1.9661682846262067,0.02831720577949039
measurement_only,object_observer_0.01,1338471,0.13571944281480341,0.02729786663842887
measurement_only,object_observer_0.01,1912110,0.5981781999337343,0.02711535996023269
measurement_only,object_observer_0.01,1341426,0.09264630533921547,0.027324376378598646
measurement_only,object_observer_0.01,1915087,0.19780337475652487,0.027273871393892132
measurement_only,object_observer_0.01,1643338,-0.3163705647805557,0.027497899235256196
measurement_only,object_observer_0.01,1300531,-0.0584492435576891,0.027373443142477662
measurement_only,object_observer_0.01,1258118,-0.01160920030164192,0.027354173951512382
measurement_only,object_observer_0.01,1297580,0.38622666441568043,0.027231879510215228
measurement_only,object_observer_0.01,1318847,0.2278641463486366,0.027251648483724345
measurement_only,object_observer_0.01,1329168,-0.5767674704870771,0.02762860739401637
measurement_only,object_observer_0.01,1433108,0.41488951265268526,0.027175846675187923
measurement_only,object_observer_0.01,1255730,-0.0014557821894101153,0.027345447542025877
measurement_only,object_observer_0.01,1380167,0.7029488350224611,0.027076435290203718
measurement_only,object_observer_0.01,1316487,0.06674134399266052,0.027321700695561463
measurement_only,object_observer_0.01,1303699,0.15092865192566762,0.027277839154839927
measurement_only,object_observer_0.01,1253857,0.0006763694527549546,0.0273422315218226
measurement_only,object_observer_0.01,1339232,0.0052113518905088085,0.027339079564550547
measurement_only,field_observer_0.01,C2,0.9885503507842941,0.026931466528254486
measurement_only,field_observer_0.01,C3,33.2205715784301,0.015125531189925833
measurement_only,field_observer_0.01,E1,-5.950652368935451,0.029948585306208156
measurement_only,field_observer_0.01,E2,2.0955254377846444,0.026904319948420633
measurement_only,field_observer_0.01,S1,-0.39558007344390234,0.027285189297052922
measurement_only,field_observer_0.01,S2,-1.071786030468168,0.029353391441234326
measurement_only,field_observer_0.01,X1,0.013801606873315109,0.027353338464173635
measurement_only,field_observer_0.01,X2,2.960471534496314,0.02685043976954672
measurement_only,field_observer_0.01,X3,7.748537479030354,0.028563762416998952
measurement_only,object_observer_0.02,1578103,-0.818710184498066,0.03756107885991686
measurement_only,object_observer_0.02,1327978,0.5964761084610188,0.03569445163735824
measurement_only,object_observer_0.02,1249137,-6.882392087681069,0.03930770478756961
measurement_only,object_observer_0.02,1298079,-0.753457833854668,0.036011843344259165
measurement_only,object_observer_0.02,1574104,-0.9181254874428433,0.036279952014421635
measurement_only,object_observer_0.02,1334597,6.397323236317874,0.03768538256005516
measurement_only,object_observer_0.02,1901115,2.9948601282219443,0.03507306382859035
measurement_only,object_observer_0.02,1263369,0.48116979349219235,0.03488910500124976
measurement_only,object_observer_0.02,1339217,-1.8804616462985067,0.035058776312534866
measurement_only,object_observer_0.02,1909375,26.864881493419272,0.021052422912416695
measurement_only,object_observer_0.02,1328016,0.42552224486541945,0.035278975925002815
measurement_only,object_observer_0.02,1431163,-0.16576671289837464,0.03583422468982213
measurement_only,object_observer_0.02,1948209,6.449430511786346,0.033478518267900555
measurement_only,object_observer_0.02,1643313,1.1448281828112385,0.03497970746828806
measurement_only,object_observer_0.02,1329615,0.11866994611629877,0.035453374384763627
measurement_only,object_observer_0.02,1258940,0.025093546408868406,0.03545117137658322
measurement_only,object_observer_0.02,1255008,0.06125878294311349,0.03538078677147184
measurement_only,object_observer_0.02,1252829,0.6457537953086998,0.035135280663499975
measurement_only,object_observer_0.02,1314047,2.1953202898254816,0.03491666548968863
measurement_only,object_observer_0.02,1797044,1.1224295384222813,0.03516823313887707
measurement_only,object_observer_0.02,1431096,-0.13874939430522915,0.035485466009485836
measurement_only,object_observer_0.02,1296963,-0.2628857064980039,0.035490485146579834
measurement_only,object_observer_0.02,1303140,-0.6650861012957421,0.035592853188282314
measurement_only,object_observer_0.02,1281879,0.22343757098405348,0.035398113924053176
measurement_only,object_observer_0.02,1370135,0.007631963701541622,0.03540578081846449
measurement_only,object_observer_0.02,1295285,-2.437992710550425,0.0360296534874642
measurement_only,object_observer_0.02,1338471,0.1566597840017252,0.03540481583898723
measurement_only,object_observer_0.02,1912110,0.6946577596550014,0.03527042018590663
measurement_only,object_observer_0.02,1341426,0.10303714804256003,0.0354387628221451
measurement_only,object_observer_0.02,1915087,0.22996488949825533,0.035397132882140865
measurement_only,object_observer_0.02,1643338,-0.3993666909390754,0.03541488232852534
measurement_only,object_observer_0.02,1300531,-0.0767273084382083,0.03539716140386339
measurement_only,object_observer_0.02,1258118,-0.01818775516767346,0.03541185871573364
measurement_only,object_observer_0.02,1297580,0.4347247851840379,0.035398424201477326
measurement_only,object_observer_0.02,1318847,0.26568828605676487,0.035340026399150806
measurement_only,object_observer_0.02,1329168,-0.709778404233603,0.03559904253420856
measurement_only,object_observer_0.02,1433108,0.48698215881092466,0.03530620330134515
measurement_only,object_observer_0.02,1255730,-0.0018037167937663412,0.03542117983040445
measurement_only,object_observer_0.02,1380167,0.7872040135855158,0.03502547166368902
measurement_only,object_observer_0.02,1316487,0.07392416307361316,0.03538939197861682
measurement_only,object_observer_0.02,1303699,0.1617228994917852,0.035231324930114785
measurement_only,object_observer_0.02,1253857,0.0008040370161026544,0.035408807922134564
measurement_only,object_observer_0.02,1339232,0.006216283381952792,0.03540124789036281
measurement_only,field_observer_0.02,C2,1.1448281828112385,0.03497970746828806
measurement_only,field_observer_0.02,C3,35.660151382347195,0.0163506016126656
measurement_only,field_observer_0.02,E1,-6.82097401681208,0.03928208383080245
measurement_only,field_observer_0.02,E2,2.2892259254654306,0.03536960843337473
measurement_only,field_observer_0.02,S1,-0.2935735627965528,0.03553032587155157
measurement_only,field_observer_0.02,S2,-1.7543250762717761,0.039073899147634594
measurement_only,field_observer_0.02,X1,-0.005523274527213573,0.03531934186020912
measurement_only,field_observer_0.02,X2,3.1136418637075423,0.03511512162613529
measurement_only,field_observer_0.02,X3,7.015477446831902,0.037825714190199866
measurement_only,object_observer_0.05,1578103,-1.1533750584701608,0.07073971118062435
measurement_only,object_observer_0.05,1327978,0.5370736658094302,0.0663277720244049
measurement_only,object_observer_0.05,1249137,-7.4752275284165535,0.07409453143505786
measurement_only,object_observer_0.05,1298079,-0.8368834027239132,0.06634142679277961
measurement_only,object_observer_0.05,1574104,-1.049108103671422,0.06690745583156314
measurement_only,object_observer_0.05,1334597,6.033622310810827,0.07005824321251125
measurement_only,object_observer_0.05,1901115,2.989852583526762,0.0655881942443247
measurement_only,object_observer_0.05,1263369,0.5541402690526169,0.06460342244506699
measurement_only,object_observer_0.05,1339217,-1.6707943780785826,0.05912626141728368
measurement_only,object_observer_0.05,1909375,27.929834985204444,0.028444622340261266
measurement_only,object_observer_0.05,1328016,0.44243697583757324,0.06480222363733115
measurement_only,object_observer_0.05,1431163,-0.2492550876011066,0.06675575513202349
measurement_only,object_observer_0.05,1948209,6.436086501440563,0.0684072471915133
measurement_only,object_observer_0.05,1643313,1.1895213386823755,0.06463829965885623
measurement_only,object_observer_0.05,1329615,0.10799500578769283,0.06520290511489826
measurement_only,object_observer_0.05,1258940,0.020016090318044633,0.0650327282968375
measurement_only,object_observer_0.05,1255008,0.06857622424069376,0.06482403674636943
measurement_only,object_observer_0.05,1252829,0.6787255069693003,0.064631881763774
measurement_only,object_observer_0.05,1314047,2.18111398884178,0.06646426201157651
measurement_only,object_observer_0.05,1797044,1.1208397578798994,0.06559768294210311
measurement_only,object_observer_0.05,1431096,-0.14271020594610917,0.0649082445702356
measurement_only,object_observer_0.05,1296963,-0.2634494546755377,0.06478992575114986
measurement_only,object_observer_0.05,1303140,-0.666008903420412,0.06451742065908546
measurement_only,object_observer_0.05,1281879,0.21376788258804424,0.06531655762246191
measurement_only,object_observer_0.05,1370135,0.012781757724219744,0.06482573425575468
measurement_only,object_observer_0.05,1295285,-2.419438820858538,0.06212070739105991
measurement_only,object_observer_0.05,1338471,0.14887452752088848,0.06524256084878773
measurement_only,object_observer_0.05,1912110,0.6883260719687669,0.06551185933673614
measurement_only,object_observer_0.05,1341426,0.09087299786758507,0.0652915478068875
measurement_only,object_observer_0.05,1915087,0.21902647312943913,0.06535788733831879
measurement_only,object_observer_0.05,1643338,-0.3667922676721105,0.06386264721375448
measurement_only,object_observer_0.05,1300531,-0.06543986918651257,0.06465188063986636
measurement_only,object_observer_0.05,1258118,-0.015730038444040417,0.06490118905775114
measurement_only,object_observer_0.05,1297580,0.4168684952344819,0.0655565420314321
measurement_only,object_observer_0.05,1318847,0.26756993303066423,0.06510223929838997
measurement_only,object_observer_0.05,1329168,-0.7028489675458687,0.06421729224191518
measurement_only,object_observer_0.05,1433108,0.48235138510754183,0.06538512110694249
measurement_only,object_observer_0.05,1255730,-0.004680448388391767,0.06504979212307012
measurement_only,object_observer_0.05,1380167,0.8516629876231505,0.06387682021995099
measurement_only,object_observer_0.05,1316487,0.07631197979129212,0.06496184868329946
measurement_only,object_observer_0.05,1303699,0.2032767027808049,0.06409778438318631
measurement_only,object_observer_0.05,1253857,0.0010338700293033298,0.06498330598274692
measurement_only,object_observer_0.05,1339232,0.008045792961496545,0.06495187773751125
measurement_only,field_observer_0.05,C2,1.1895213386823755,0.06463829965885623
measurement_only,field_observer_0.05,C3,37.029780949313434,0.028166177241916435
measurement_only,field_observer_0.05,E1,-7.405455160092224,0.07392986224309014
measurement_only,field_observer_0.05,E2,2.223334778318481,0.06719270154666478
measurement_only,field_observer_0.05,S1,-0.30290644996544813,0.06586989150005244
measurement_only,field_observer_0.05,S2,-2.3804091882788043,0.07554453232413841
measurement_only,field_observer_0.05,X1,0.026792547371307762,0.06416188103040957
measurement_only,field_observer_0.05,X2,3.0977432435481944,0.06580433515435552
measurement_only,field_observer_0.05,X3,6.685980170879098,0.06813510213251894
measurement_only,object_rest_phase_0.01,1578103,4.876997768512428,0.034006476995225535
measurement_only,object_rest_phase_0.01,1327978,0.7557408577434117,0.03416636409046939
measurement_only,object_rest_phase_0.01,1249137,-1.7631230864921221,0.03560241285996855
measurement_only,object_rest_phase_0.01,1298079,-0.24676352625755982,0.034591751966752585
measurement_only,object_rest_phase_0.01,1574104,-0.4637755268529631,0.03454776546155737
measurement_only,object_rest_phase_0.01,1334597,13.857650017457544,0.03148301515558117
measurement_only,object_rest_phase_0.01,1901115,1.4004081406131306,0.03343751728009575
measurement_only,object_rest_phase_0.01,1263369,-1.4625761111442444,0.03533005992024565
measurement_only,object_rest_phase_0.01,1339217,0.3371528518230207,0.03547256686522215
measurement_only,object_rest_phase_0.01,1909375,24.618796417506296,0.01918042148828191
measurement_only,object_rest_phase_0.01,1328016,0.8105614852642233,0.03460984033593181
measurement_only,object_rest_phase_0.01,1431163,-0.05166659643231952,0.035026885149304986
measurement_only,object_rest_phase_0.01,1948209,-5.146788465898879,0.03350834772363704
measurement_only,object_rest_phase_0.01,1643313,0.7795822472581548,0.034627363231824596
measurement_only,object_rest_phase_0.01,1329615,-0.5360956813535367,0.03448465316467547
measurement_only,object_rest_phase_0.01,1258940,-0.36149524138642875,0.034513148686508656
measurement_only,object_rest_phase_0.01,1255008,-0.18225001480260516,0.03453624257643071
measurement_only,object_rest_phase_0.01,1252829,0.5264655300405465,0.03463718241789787
measurement_only,object_rest_phase_0.01,1314047,-0.7507214670375575,0.03451005889740232
measurement_only,object_rest_phase_0.01,1797044,0.242534784928921,0.034609821607258194
measurement_only,object_rest_phase_0.01,1431096,-0.14841405004295183,0.03453559533575193
measurement_only,object_rest_phase_0.01,1296963,0.026365332200171565,0.03456042087507858
measurement_only,object_rest_phase_0.01,1303140,-0.4555696862873191,0.034504024464305075
measurement_only,object_rest_phase_0.01,1281879,-0.1010390756656463,0.03454831649683997
measurement_only,object_rest_phase_0.01,1370135,0.042310308534958097,0.034556643752613546
measurement_only,object_rest_phase_0.01,1295285,-0.6564058497738472,0.03451182623147149
measurement_only,object_rest_phase_0.01,1338471,0.03740725035718384,0.03455598621804047
measurement_only,object_rest_phase_0.01,1912110,-0.42348649319598053,0.0344575879220862
measurement_only,object_rest_phase_0.01,1341426,0.06351681195764058,0.0345557620902884
measurement_only,object_rest_phase_0.01,1915087,0.21168142817673896,0.034557083562833886
measurement_only,object_rest_phase_0.01,1643338,-0.13177875178272558,0.03459015641374138
measurement_only,object_rest_phase_0.01,1300531,0.16676016479840428,0.034596918204426105
measurement_only,object_rest_phase_0.01,1258118,0.08021984695286477,0.03457151650876787
measurement_only,object_rest_phase_0.01,1297580,-0.36280080385424895,0.03435206182747918
measurement_only,object_rest_phase_0.01,1318847,-0.1287988918214822,0.034422125850414965
measurement_only,object_rest_phase_0.01,1329168,-0.16536371820404128,0.03485908518548813
measurement_only,object_rest_phase_0.01,1433108,0.25099194814898595,0.03435264324692391
measurement_only,object_rest_phase_0.01,1255730,-0.027405964010576156,0.034573182401454614
measurement_only,object_rest_phase_0.01,1380167,0.6393056797115833,0.03412486024568729
measurement_only,object_rest_phase_0.01,1316487,-0.0836876549125023,0.034508599287823315
measurement_only,object_rest_phase_0.01,1303699,0.41523517622625405,0.03448134534159036
measurement_only,object_rest_phase_0.01,1253857,-0.04713931241465019,0.03455709821336075
measurement_only,object_rest_phase_0.01,1339232,-0.017429179002377282,0.03456052810376167
measurement_only,field_rest_phase_0.01,C2,0.7795822472581548,0.034627363231824596
measurement_only,field_rest_phase_0.01,C3,21.769573120829726,0.02309701282011409
measurement_only,field_rest_phase_0.01,E1,-1.9554029304043752,0.03557569100956744
measurement_only,field_rest_phase_0.01,E2,1.7371280610230109,0.033889580067475666
measurement_only,field_rest_phase_0.01,S1,-2.2203172734467103,0.03517399326842511
measurement_only,field_rest_phase_0.01,S2,4.425160926145235,0.03444436147498891
measurement_only,field_rest_phase_0.01,X1,0.07781727939803318,0.0345791516150743
measurement_only,field_rest_phase_0.01,X2,0.867282692144066,0.03336057881875839
measurement_only,field_rest_phase_0.01,X3,12.772798749392923,0.0315040644090993
measurement_only,object_rest_phase_0.02,1578103,5.201624866124725,0.07618475027568196
measurement_only,object_rest_phase_0.02,1327978,0.9111426913354705,0.07566718592264053
measurement_only,object_rest_phase_0.02,1249137,-2.6969083922548833,0.08012679827927283
measurement_only,object_rest_phase_0.02,1298079,-0.4207501747832936,0.07681730581495509
measurement_only,object_rest_phase_0.02,1574104,-0.5421495173963109,0.0767912693294376
measurement_only,object_rest_phase_0.02,1334597,15.836156976262522,0.07428283768901213
measurement_only,object_rest_phase_0.02,1901115,2.1515858822884013,0.07416904896382272
measurement_only,object_rest_phase_0.02,1263369,-2.71783176162716,0.07824017554444597
measurement_only,object_rest_phase_0.02,1339217,-0.7592583607489161,0.07918875941431985
measurement_only,object_rest_phase_0.02,1909375,37.751967259321276,0.028590015399090143
measurement_only,object_rest_phase_0.02,1328016,0.7918022198864492,0.07664929600195947
measurement_only,object_rest_phase_0.02,1431163,-0.6770445212915206,0.07813153952805851
measurement_only,object_rest_phase_0.02,1948209,-5.550223123050486,0.07266019331335273
measurement_only,object_rest_phase_0.02,1643313,0.7568936677559108,0.07639501706463525
measurement_only,object_rest_phase_0.02,1329615,-0.5626608103038677,0.07616866003843721
measurement_only,object_rest_phase_0.02,1258940,-0.3829995245465483,0.07625292161845916
measurement_only,object_rest_phase_0.02,1255008,-0.1921548319170654,0.07631817916352751
measurement_only,object_rest_phase_0.02,1252829,0.5159890009583634,0.0765240435769872
measurement_only,object_rest_phase_0.02,1314047,-0.8822287567532925,0.07606905192991803
measurement_only,object_rest_phase_0.02,1797044,0.19888311757615895,0.07642273445931849
measurement_only,object_rest_phase_0.02,1431096,-0.15256750856759993,0.0763270846248186
measurement_only,object_rest_phase_0.02,1296963,0.03106535110698161,0.07639340995048084
measurement_only,object_rest_phase_0.02,1303140,-0.46700820766455564,0.07626192614555287
measurement_only,object_rest_phase_0.02,1281879,-0.10868799418155817,0.07634960110525747
measurement_only,object_rest_phase_0.02,1370135,0.04985399639243582,0.07638173822681998
measurement_only,object_rest_phase_0.02,1295285,-0.7153052694808295,0.07626076441289077
measurement_only,object_rest_phase_0.02,1338471,0.045315156845177285,0.07637868790312521
measurement_only,object_rest_phase_0.02,1912110,-0.4036257148971032,0.07615388606695507
measurement_only,object_rest_phase_0.02,1341426,0.07498725070063017,0.07638249958669226
measurement_only,object_rest_phase_0.02,1915087,0.24244945926623274,0.07639544584097903
measurement_only,object_rest_phase_0.02,1643338,-0.179985976099168,0.07644302998152155
measurement_only,object_rest_phase_0.02,1300531,0.1562926182787976,0.07647331914923215
measurement_only,object_rest_phase_0.02,1258118,0.0795483753884767,0.07642062444722408
measurement_only,object_rest_phase_0.02,1297580,-0.26980821576012914,0.07599331052665734
measurement_only,object_rest_phase_0.02,1318847,-0.04208669786326169,0.07611355203062005
measurement_only,object_rest_phase_0.02,1329168,-0.4501083895296105,0.0770826294621693
measurement_only,object_rest_phase_0.02,1433108,0.4390217173961375,0.07599971944270008
measurement_only,object_rest_phase_0.02,1255730,-0.04009680382621639,0.07641214671747656
measurement_only,object_rest_phase_0.02,1380167,0.9495622044090126,0.07587073805734136
measurement_only,object_rest_phase_0.02,1316487,-0.06559367597706256,0.0763177079771251
measurement_only,object_rest_phase_0.02,1303699,0.48611946882540025,0.0763864884076389
measurement_only,object_rest_phase_0.02,1253857,-0.05015810376310981,0.07637735845727264
measurement_only,object_rest_phase_0.02,1339232,-0.01890508206553676,0.07638635731077764
measurement_only,field_rest_phase_0.02,C2,0.7568936677559108,0.07639501706463525
measurement_only,field_rest_phase_0.02,C3,34.2678404533508,0.027418310979881417
measurement_only,field_rest_phase_0.02,E1,-2.900653492609358,0.08005087963548033
measurement_only,field_rest_phase_0.02,E2,2.1222627654154564,0.07529558247178014
measurement_only,field_rest_phase_0.02,S1,-3.5995925848508463,0.07828433993214008
measurement_only,field_rest_phase_0.02,S2,4.04187051761668,0.0784002590343994
measurement_only,field_rest_phase_0.02,X1,0.05728725771431442,0.07639532127542557
measurement_only,field_rest_phase_0.02,X2,1.5891265411906232,0.07394698256995733
measurement_only,field_rest_phase_0.02,X3,14.405254582560588,0.07400248259616901
measurement_only,object_rest_phase_0.05,1578103,4.939254172850333,0.13747516636118157
measurement_only,object_rest_phase_0.05,1327978,1.020319407181951,0.13147988796937063
measurement_only,object_rest_phase_0.05,1249137,-3.9308584423468176,0.14763184923713932
measurement_only,object_rest_phase_0.05,1298079,-0.6462606355090301,0.134167767674234
measurement_only,object_rest_phase_0.05,1574104,-0.6857958920716385,0.13516209708080273
measurement_only,object_rest_phase_0.05,1334597,15.467941773003027,0.13389437158194678
measurement_only,object_rest_phase_0.05,1901115,2.7444538346742675,0.12838863609126264
measurement_only,object_rest_phase_0.05,1263369,-3.871353966830867,0.13091525577386856
measurement_only,object_rest_phase_0.05,1339217,-2.105506842809298,0.1349405201998897
measurement_only,object_rest_phase_0.05,1909375,47.73601934523349,0.07920327947082058
measurement_only,object_rest_phase_0.05,1328016,0.665938447996659,0.13232428755491735
measurement_only,object_rest_phase_0.05,1431163,-1.5145546286229532,0.13416521923360505
measurement_only,object_rest_phase_0.05,1948209,-5.106763640672064,0.11761448383461283
measurement_only,object_rest_phase_0.05,1643313,0.7130922676175828,0.13102341724224564
measurement_only,object_rest_phase_0.05,1329615,-0.5224478880555026,0.13183466862924142
measurement_only,object_rest_phase_0.05,1258940,-0.35865439931254883,0.13207452261965894
measurement_only,object_rest_phase_0.05,1255008,-0.17899225919471462,0.13221034358357864
measurement_only,object_rest_phase_0.05,1252829,0.47018384731994445,0.13212687727489797
measurement_only,object_rest_phase_0.05,1314047,-0.8762245984511168,0.13052311558360716
measurement_only,object_rest_phase_0.05,1797044,0.1629847565350815,0.13177590233802086
measurement_only,object_rest_phase_0.05,1431096,-0.1380816270891998,0.13230778651722688
measurement_only,object_rest_phase_0.05,1296963,0.03273790004278254,0.13242381725039845
measurement_only,object_rest_phase_0.05,1303140,-0.43566004502219613,0.13234341210656825
measurement_only,object_rest_phase_0.05,1281879,-0.10200491409376866,0.13226912209802408
measurement_only,object_rest_phase_0.05,1370135,0.05431162211466045,0.13237688660766272
measurement_only,object_rest_phase_0.05,1295285,-0.6982997721858126,0.13230567237057025
measurement_only,object_rest_phase_0.05,1338471,0.050233371139036365,0.1323549429619323
measurement_only,object_rest_phase_0.05,1912110,-0.3398293615685404,0.13213930269944926
measurement_only,object_rest_phase_0.05,1341426,0.08005754994299963,0.13237830396237674
measurement_only,object_rest_phase_0.05,1915087,0.25018231498417975,0.13242645330197853
measurement_only,object_rest_phase_0.05,1643338,-0.20989010328059265,0.13235055612211158
measurement_only,object_rest_phase_0.05,1300531,0.13142795059034285,0.1324472645054375
measurement_only,object_rest_phase_0.05,1258118,0.07008203515542277,0.13239973532977714
measurement_only,object_rest_phase_0.05,1297580,-0.15648941504243652,0.1320646658938309
measurement_only,object_rest_phase_0.05,1318847,0.047992507424709174,0.1321649343590239
measurement_only,object_rest_phase_0.05,1329168,-0.7292704814339359,0.13284933764817003
measurement_only,object_rest_phase_0.05,1433108,0.584666982385528,0.13214841923799314
measurement_only,object_rest_phase_0.05,1255730,-0.04895322960386039,0.13238535502802745
measurement_only,object_rest_phase_0.05,1380167,1.0841914570544944,0.13219891481002186
measurement_only,object_rest_phase_0.05,1316487,-0.05204724317177778,0.13232170745532984
measurement_only,object_rest_phase_0.05,1303699,0.47392179217756336,0.13248069517186836
measurement_only,object_rest_phase_0.05,1253857,-0.04780433464731715,0.13234940779279555
measurement_only,object_rest_phase_0.05,1339232,-0.01828445728944672,0.13236268228108658
measurement_only,field_rest_phase_0.05,C2,0.7130922676175828,0.13102341724224564
measurement_only,field_rest_phase_0.05,C3,44.647000715441656,0.06448375315419913
measurement_only,field_rest_phase_0.05,E1,-4.119556858332096,0.14746635026561933
measurement_only,field_rest_phase_0.05,E2,2.327460743192283,0.13105144013639383
measurement_only,field_rest_phase_0.05,S1,-4.874173830037712,0.13235972043642016
measurement_only,field_rest_phase_0.05,S2,2.7431595922590617,0.1428296535955769
measurement_only,field_rest_phase_0.05,X1,0.04369558460901857,0.13210155191395767
measurement_only,field_rest_phase_0.05,X2,2.220161127631144,0.12785379888708603
measurement_only,field_rest_phase_0.05,X3,13.920547607594578,0.1313261710612732
