arm,law,CID,zHEL,epochs,comparison,parameter_max_error,relative_whitened_derivative_norm,projector_spectral_difference,fixed_vector_difference_norm,fixed_vector_relative_difference,native_information,native_matched,Python_minus_native_information,Python_minus_native_matched,Python_minus_native_gain
P21,approx_minus99,10528,0.10582844167947769,33,actual_Python_exact99,0.0,0.003238554630066087,0.013202078279102669,0.0006903280349935799,0.007933346860084508,0.007571782602328902,-0.10568983701037707,-0.00011383251044400945,0.0006942421160408968,0.0007511583712629015
P21,approx_minus99,10528,0.10582844167947769,33,law_matched_Python,0.0,0.003186133561199714,0.013224361249140193,0.0005979120654076213,0.006871289540996709,0.007571782602328902,-0.10568983701037707,-9.834371184076676e-05,0.0005902430076960979,0.0006394148636164813
P21,approx_minus99,23558,1.1028108596801758,19,actual_Python_exact99,0.0,0.0030617334609533754,0.025974416297009865,0.00027132650370418075,0.034094408857207915,6.333125691231154e-05,-0.0033282771498311754,-6.744857845800297e-07,0.00013593997840951905,0.00013627722130180907
P21,approx_minus99,23558,1.1028108596801758,19,law_matched_Python,0.0,0.003395343387491714,0.02611955328773461,0.00027302910835456186,0.03430835514804122,6.333125691231154e-05,-0.0033282771498311754,-6.866574833170984e-07,0.00013812400017481968,0.00013846732891647823
P21,exact_99,10528,0.10582844167947769,33,actual_Python_exact99,0.0,0.0031914442832605065,0.013221003792439132,0.0005988806266936031,0.006880272074287301,0.007576511796097282,-0.10509628445270389,-9.853751600913483e-05,0.0005871858271180447,0.0006364545851226121
P21,exact_99,10528,0.10582844167947769,33,law_matched_Python,0.0,0.0031914442832605065,0.013221003792439132,0.0005988806266936031,0.006880272074287301,0.007576511796097282,-0.10509628445270389,-9.853751600913483e-05,0.0005871858271180447,0.0006364545851226121
P21,exact_99,23558,1.1028108596801758,19,actual_Python_exact99,0.0,0.0032202687864622834,0.02610439100534379,0.0002880451646315611,0.03671094228461047,6.156446566003977e-05,-0.0032351781429756387,1.0348205552452016e-06,4.7056772933128706e-05,4.6539362655506106e-05
P21,exact_99,23558,1.1028108596801758,19,law_matched_Python,0.0,0.0032202687864622834,0.02610439100534379,0.0002880451646315611,0.03671094228461047,6.156446566003977e-05,-0.0032351781429756387,1.0348205552452016e-06,4.7056772933128706e-05,4.6539362655506106e-05
G10,approx_minus99,24487,0.13328364491462708,27,actual_Python_exact99,0.0,0.0033842651547763497,0.03076776164414486,0.0012188909003092677,0.011425614596606355,0.011380740701705005,-0.1559651891240341,-0.00021971014973856152,0.0014928273932092173,0.001602682468078498
G10,approx_minus99,24487,0.13328364491462708,27,law_matched_Python,0.0,0.003327208022004802,0.030751799677966967,0.0011058160604198064,0.01036567597468199,0.011380740701705005,-0.1559651891240341,-0.00019170933612137203,0.001276357767917291,0.001372212435977977
G10,approx_minus99,3591,1.125611662864685,22,actual_Python_exact99,0.0,0.0012519095668150633,0.017598243932797387,0.0002955002356667489,0.021446208787144094,0.00018985174958710473,0.0033499600005417445,1.7121996106904305e-06,-0.00036437556853292485,-0.0003652316683382701
G10,approx_minus99,3591,1.125611662864685,22,law_matched_Python,0.0,0.001554691093084802,0.017633452683938823,0.00029573930076695306,0.02146355916265608,0.00018985174958710473,0.0033499600005417445,1.6719294324971296e-06,-0.00035994262115669707,-0.0003607785858729456
G10,exact_99,24487,0.13328364491462708,27,actual_Python_exact99,0.0,0.0033753649693807376,0.030751150913998302,0.0011183804391213827,0.010477906666314358,0.011392789517662621,-0.15472638291816262,-0.00019491413699655215,0.001286029580530701,0.001383486649028977
G10,exact_99,24487,0.13328364491462708,27,law_matched_Python,0.0,0.0033753649693807376,0.030751150913998302,0.0011183804391213827,0.010477906666314358,0.011392789517662621,-0.15472638291816262,-0.00019491413699655215,0.001286029580530701,0.001383486649028977
G10,exact_99,3591,1.125611662864685,22,actual_Python_exact99,0.0,0.0020646653916964693,0.01764876746818521,0.0002936424203530362,0.02129325386277184,0.00019017504444842213,0.0033540228288880874,1.2169794920984694e-06,-0.0003677882532504267,-0.0003683967429964759
G10,exact_99,3591,1.125611662864685,22,law_matched_Python,0.0,0.0020646653916964693,0.01764876746818521,0.0002936424203530362,0.02129325386277184,0.00019017504444842213,0.0033540228288880874,1.2169794920984694e-06,-0.0003677882532504267,-0.0003683967429964759
