survey,variant,logmass,z,mean_RV,sd_RV,P_RV_lt1,P_RV_lt1p4,P_RV_lt2,P_RV_gt6,mean_EBV,P_EBV_gt0p3,mean_AV_independent_conditional,mean_c_int,sd_c_int,P_negative_A_any_5_waves_exact,P_negative_A_any_5_waves_approx
DES,P21,9.0,0.05,3.2499741735537198,0.9226293047826601,0.006822486225895317,0.022318353994490354,0.08852014462809918,0.0014204545454545453,0.12170833129068281,0.08512296756270939,0.3955489334010392,-0.07367840107286001,0.05232806391264034,0.0017855071137763978,0.0016959340923601023
DES,P21,9.0,0.1,3.2499741735537198,0.9226293047826601,0.006822486225895317,0.022318353994490354,0.08852014462809918,0.0014204545454545453,0.12191377154352201,0.08546729734137987,0.39621660891697497,-0.07367840107286001,0.05232806391264034,0.0017855071137763978,0.0016959340923601023
DES,P21,9.0,0.5,3.2499741735537198,0.9226293047826601,0.006822486225895317,0.022318353994490354,0.08852014462809918,0.0014204545454545453,0.12191377154352202,0.08546729734137988,0.39621660891697497,-0.07367840107286001,0.05232806391264034,0.0017855071137763978,0.0016959340923601023
DES,P21,9.0,1.0,3.2499741735537198,0.9226293047826601,0.006822486225895317,0.022318353994490354,0.08852014462809918,0.0014204545454545453,0.12191377154352202,0.08546729734137988,0.39621660891697497,-0.07367840107286001,0.05232806391264034,0.0017855071137763978,0.0016959340923601023
DES,P21,9.5,0.05,2.5577737809752192,1.1280291584796622,0.08776312283506528,0.17417177369215733,0.33923971933564256,0.0007327471356248332,0.13709341460468016,0.11268182238376061,0.3506539414202161,-0.07367840107286001,0.05232806391264034,0.03427963308067148,0.03294559772326797
DES,P21,9.5,0.1,2.5577737809752192,1.1280291584796622,0.08776312283506528,0.17417177369215733,0.33923971933564256,0.0007327471356248332,0.13728879773415373,0.11302373278640492,0.35115368726602847,-0.07367840107286001,0.05232806391264034,0.03427963308067148,0.03294559772326797
DES,P21,9.5,0.5,2.5577737809752192,1.1280291584796622,0.08776312283506528,0.17417177369215733,0.33923971933564256,0.0007327471356248332,0.1372887977341537,0.11302373278640492,0.3511536872660284,-0.07367840107286001,0.05232806391264034,0.03427963308067148,0.03294559772326797
DES,P21,9.5,1.0,2.5577737809752192,1.1280291584796622,0.08776312283506528,0.17417177369215733,0.33923971933564256,0.0007327471356248332,0.1372887977341537,0.11302373278640492,0.3511536872660284,-0.07367840107286001,0.05232806391264034,0.03427963308067148,0.03294559772326797
DES,P21,10.0,0.05,1.820239405613649,0.8165549499860162,0.1740047697670152,0.33597046413502113,0.6063795633828655,0.0,0.14962896685910684,0.13513639462303745,0.27236054169820506,-0.07367840107286001,0.05232806391264034,0.0689018828725861,0.06624188214233107
DES,P21,10.0,0.1,1.820239405613649,0.8165549499860162,0.1740047697670152,0.33597046413502113,0.6063795633828655,0.0,0.14982227540663917,0.13548730222044944,0.27271240953386533,-0.07367840107286001,0.05232806391264034,0.0689018828725861,0.06624188214233107
DES,P21,10.0,0.5,1.820239405613649,0.8165549499860162,0.1740047697670152,0.33597046413502113,0.6063795633828655,0.0,0.1498222754066392,0.13548730222044944,0.2727124095338654,-0.07367840107286001,0.05232806391264034,0.0689018828725861,0.06624188214233107
DES,P21,10.0,1.0,1.820239405613649,0.8165549499860162,0.1740047697670152,0.33597046413502113,0.6063795633828655,0.0,0.14982227540663917,0.13548730222044944,0.27271240953386533,-0.07367840107286001,0.05232806391264034,0.0689018828725861,0.06624188214233107
DES,P21,11.0,0.05,1.820239405613649,0.8165549499860162,0.1740047697670152,0.33597046413502113,0.6063795633828655,0.0,0.14962896685910684,0.13513639462303745,0.27236054169820506,-0.07367840107286001,0.05232806391264034,0.0689018828725861,0.06624188214233107
DES,P21,11.0,0.1,1.820239405613649,0.8165549499860162,0.1740047697670152,0.33597046413502113,0.6063795633828655,0.0,0.14982227540663917,0.13548730222044944,0.27271240953386533,-0.07367840107286001,0.05232806391264034,0.0689018828725861,0.06624188214233107
DES,P21,11.0,0.5,1.820239405613649,0.8165549499860162,0.1740047697670152,0.33597046413502113,0.6063795633828655,0.0,0.1498222754066392,0.13548730222044944,0.2727124095338654,-0.07367840107286001,0.05232806391264034,0.0689018828725861,0.06624188214233107
DES,P21,11.0,1.0,1.820239405613649,0.8165549499860162,0.1740047697670152,0.33597046413502113,0.6063795633828655,0.0,0.14982227540663917,0.13548730222044944,0.27271240953386533,-0.07367840107286001,0.05232806391264034,0.0689018828725861,0.06624188214233107
DES,P21sys1,9.0,0.05,2.9248545488234208,1.0537177545824035,0.031350750416898276,0.07557902538447286,0.19716509171762092,0.0021678710394663694,0.11828660058539388,0.07941536928298229,0.3459711017870484,-0.08434239608903252,0.03849832465785126,0.010559316501866627,0.010106330795104219
DES,P21sys1,9.0,0.1,2.9248545488234208,1.0537177545824035,0.031350750416898276,0.07557902538447286,0.19716509171762092,0.0021678710394663694,0.11830556023116201,0.07944790439319982,0.3460265559932174,-0.08434239608903252,0.03849832465785126,0.010559316501866627,0.010106330795104219
DES,P21sys1,9.0,0.5,2.9248545488234208,1.0537177545824035,0.031350750416898276,0.07557902538447286,0.19716509171762092,0.0021678710394663694,0.118305560231162,0.0794479043931998,0.34602655599321736,-0.08434239608903252,0.03849832465785126,0.010559316501866627,0.010106330795104219
DES,P21sys1,9.0,1.0,2.9248545488234208,1.0537177545824035,0.031350750416898276,0.07557902538447286,0.19716509171762092,0.0021678710394663694,0.11830556023116202,0.07944790439319982,0.3460265559932174,-0.08434239608903252,0.03849832465785126,0.010559316501866627,0.010106330795104219
DES,P21sys1,9.5,0.05,2.3970028463401167,1.1189972938319417,0.10397637962530268,0.2078465525298441,0.40035685458175796,0.00124261863290709,0.15720933170933638,0.14878591204704472,0.37683121557850685,-0.08434239608903252,0.03849832465785126,0.04006620866410585,0.0384885166261256
DES,P21sys1,9.5,0.1,2.3970028463401167,1.1189972938319417,0.10397637962530268,0.2078465525298441,0.40035685458175796,0.00124261863290709,0.1576608728218007,0.14959354966624813,0.3779135609103234,-0.08434239608903252,0.03849832465785126,0.04006620866410585,0.0384885166261256
DES,P21sys1,9.5,0.5,2.3970028463401167,1.1189972938319417,0.10397637962530268,0.2078465525298441,0.40035685458175796,0.00124261863290709,0.1576608728218007,0.14959354966624813,0.3779135609103234,-0.08434239608903252,0.03849832465785126,0.04006620866410585,0.0384885166261256
DES,P21sys1,9.5,1.0,2.3970028463401167,1.1189972938319417,0.10397637962530268,0.2078465525298441,0.40035685458175796,0.00124261863290709,0.1576608728218007,0.14959354966624813,0.3779135609103234,-0.08434239608903252,0.03849832465785126,0.04006620866410585,0.0384885166261256
DES,P21sys1,10.0,0.05,1.6880953565918477,0.752257034283715,0.20151296471407953,0.3854825063454934,0.6732444134773304,0.0,0.18247738660150215,0.19382023085884648,0.30803922900501124,-0.08434239608903252,0.03849832465785126,0.07969411315811001,0.0766059348638259
DES,P21sys1,10.0,0.1,1.6880953565918477,0.752257034283715,0.20151296471407953,0.3854825063454934,0.6732444134773304,0.0,0.18310264780558583,0.1949401523394995,0.3090947295402819,-0.08434239608903252,0.03849832465785126,0.07969411315811001,0.0766059348638259
DES,P21sys1,10.0,0.5,1.6880953565918477,0.752257034283715,0.20151296471407953,0.3854825063454934,0.6732444134773304,0.0,0.18310264780558577,0.19494015233949943,0.30909472954028183,-0.08434239608903252,0.03849832465785126,0.07969411315811001,0.0766059348638259
DES,P21sys1,10.0,1.0,1.6880953565918477,0.752257034283715,0.20151296471407953,0.3854825063454934,0.6732444134773304,0.0,0.18310264780558577,0.19494015233949946,0.30909472954028183,-0.08434239608903252,0.03849832465785126,0.07969411315811001,0.0766059348638259
DES,P21sys1,11.0,0.05,1.6880953565918477,0.752257034283715,0.20151296471407953,0.3854825063454934,0.6732444134773304,0.0,0.18247738660150215,0.19382023085884648,0.30803922900501124,-0.08434239608903252,0.03849832465785126,0.07969411315811001,0.0766059348638259
DES,P21sys1,11.0,0.1,1.6880953565918477,0.752257034283715,0.20151296471407953,0.3854825063454934,0.6732444134773304,0.0,0.18310264780558583,0.1949401523394995,0.3090947295402819,-0.08434239608903252,0.03849832465785126,0.07969411315811001,0.0766059348638259
DES,P21sys1,11.0,0.5,1.6880953565918477,0.752257034283715,0.20151296471407953,0.3854825063454934,0.6732444134773304,0.0,0.18310264780558577,0.19494015233949943,0.30909472954028183,-0.08434239608903252,0.03849832465785126,0.07969411315811001,0.0766059348638259
DES,P21sys1,11.0,1.0,1.6880953565918477,0.752257034283715,0.20151296471407953,0.3854825063454934,0.6732444134773304,0.0,0.18310264780558577,0.19494015233949946,0.30909472954028183,-0.08434239608903252,0.03849832465785126,0.07969411315811001,0.0766059348638259
DES,P21sys2,9.0,0.05,3.3772150236385925,0.9095661701080302,0.00413675363333917,0.01468656977762213,0.06531255471896341,0.001969882682542461,0.11843446705309071,0.07966633941659831,0.39997866144832783,-0.07715697613220705,0.06061295651783003,0.0010480317248857634,0.0009958186243679782
DES,P21sys2,9.0,0.1,3.3772150236385925,0.9095661701080302,0.00413675363333917,0.01468656977762213,0.06531255471896341,0.001969882682542461,0.11822753549980358,0.07930628051860585,0.39927980909770167,-0.07715697613220705,0.06061295651783003,0.0010480317248857634,0.0009958186243679782
DES,P21sys2,9.0,0.5,3.3772150236385925,0.9095661701080302,0.00413675363333917,0.01468656977762213,0.06531255471896341,0.001969882682542461,0.11822753549980358,0.07930628051860585,0.39927980909770167,-0.07715697613220705,0.06061295651783003,0.0010480317248857634,0.0009958186243679782
DES,P21sys2,9.0,1.0,3.3772150236385925,0.9095661701080302,0.00413675363333917,0.01468656977762213,0.06531255471896341,0.001969882682542461,0.1182275354998036,0.07930628051860585,0.3992798090977017,-0.07715697613220705,0.06061295651783003,0.0010480317248857634,0.0009958186243679782
DES,P21sys2,9.5,0.05,2.70557406173662,1.118668382859472,0.05239716732055173,0.12797641078786978,0.29893651146149475,0.0011103708638685315,0.14202815332102545,0.12177993165686242,0.38426768766171826,-0.07715697613220705,0.06061295651783003,0.016581401866224112,0.01583267520171795
DES,P21sys2,9.5,0.1,2.70557406173662,1.118668382859472,0.05239716732055173,0.12797641078786978,0.29893651146149475,0.0011103708638685315,0.14219739825754868,0.12209094163981385,0.3847255923720558,-0.07715697613220705,0.06061295651783003,0.016581401866224112,0.01583267520171795
DES,P21sys2,9.5,0.5,2.70557406173662,1.118668382859472,0.05239716732055173,0.12797641078786978,0.29893651146149475,0.0011103708638685315,0.14219739825754868,0.12209094163981385,0.3847255923720558,-0.07715697613220705,0.06061295651783003,0.016581401866224112,0.01583267520171795
DES,P21sys2,9.5,1.0,2.70557406173662,1.118668382859472,0.05239716732055173,0.12797641078786978,0.29893651146149475,0.0011103708638685315,0.14219739825754865,0.12209094163981382,0.3847255923720557,-0.07715697613220705,0.06061295651783003,0.016581401866224112,0.01583267520171795
DES,P21sys2,10.0,0.05,1.8379064638353222,0.6809554549422112,0.11474297347735113,0.2743312786291918,0.6007464796697394,0.0,0.15956171648826833,0.15307649639705367,0.29325951011444745,-0.07715697613220705,0.06061295651783003,0.036648376220617215,0.03499984998274961
DES,P21sys2,10.0,0.1,1.8379064638353222,0.6809554549422112,0.11474297347735113,0.2743312786291918,0.6007464796697394,0.0,0.15993437993188803,0.1537503114876651,0.29394443066631126,-0.07715697613220705,0.06061295651783003,0.036648376220617215,0.03499984998274961
DES,P21sys2,10.0,0.5,1.8379064638353222,0.6809554549422112,0.11474297347735113,0.2743312786291918,0.6007464796697394,0.0,0.15993437993188803,0.15375031148766513,0.29394443066631126,-0.07715697613220705,0.06061295651783003,0.036648376220617215,0.03499984998274961
DES,P21sys2,10.0,1.0,1.8379064638353222,0.6809554549422112,0.11474297347735113,0.2743312786291918,0.6007464796697394,0.0,0.15993437993188803,0.15375031148766513,0.29394443066631126,-0.07715697613220705,0.06061295651783003,0.036648376220617215,0.03499984998274961
DES,P21sys2,11.0,0.05,1.8379064638353222,0.6809554549422112,0.11474297347735113,0.2743312786291918,0.6007464796697394,0.0,0.15956171648826833,0.15307649639705367,0.29325951011444745,-0.07715697613220705,0.06061295651783003,0.036648376220617215,0.03499984998274961
DES,P21sys2,11.0,0.1,1.8379064638353222,0.6809554549422112,0.11474297347735113,0.2743312786291918,0.6007464796697394,0.0,0.15993437993188803,0.1537503114876651,0.29394443066631126,-0.07715697613220705,0.06061295651783003,0.036648376220617215,0.03499984998274961
DES,P21sys2,11.0,0.5,1.8379064638353222,0.6809554549422112,0.11474297347735113,0.2743312786291918,0.6007464796697394,0.0,0.15993437993188803,0.15375031148766513,0.29394443066631126,-0.07715697613220705,0.06061295651783003,0.036648376220617215,0.03499984998274961
DES,P21sys2,11.0,1.0,1.8379064638353222,0.6809554549422112,0.11474297347735113,0.2743312786291918,0.6007464796697394,0.0,0.15993437993188803,0.15375031148766513,0.29394443066631126,-0.07715697613220705,0.06061295651783003,0.036648376220617215,0.03499984998274961
DES,P21sys3,9.0,0.05,3.8742447169319068,0.7647275231457467,7.826767545003915e-05,0.0005478737281502737,0.0070701800156535355,0.002687190190451342,0.12799806838977904,0.09625356736490648,0.49589584023659034,-0.06731839222410775,0.04488012942649897,0.0,0.0
DES,P21sys3,9.0,0.1,3.8742447169319068,0.7647275231457467,7.826767545003915e-05,0.0005478737281502737,0.0070701800156535355,0.002687190190451342,0.1282557899090157,0.09669665012406947,0.49689431647093263,-0.06731839222410775,0.04488012942649897,0.0,0.0
DES,P21sys3,9.0,0.5,3.8742447169319068,0.7647275231457467,7.826767545003915e-05,0.0005478737281502737,0.0070701800156535355,0.002687190190451342,0.1282557899090157,0.09669665012406947,0.49689431647093263,-0.06731839222410775,0.04488012942649897,0.0,0.0
DES,P21sys3,9.0,1.0,3.8742447169319068,0.7647275231457467,7.826767545003915e-05,0.0005478737281502737,0.0070701800156535355,0.002687190190451342,0.1282557899090157,0.09669665012406947,0.49689431647093263,-0.06731839222410775,0.04488012942649897,0.0,0.0
DES,P21sys3,9.5,0.05,3.107551720441634,1.0821001599686206,0.01682924214814021,0.05252438632222102,0.17036927859363277,0.0013801050487726439,0.135797564036781,0.11020055309783304,0.42199795375428173,-0.06731839222410775,0.04488012942649897,0.004362465100115336,0.00414212196312667
DES,P21sys3,9.5,0.1,3.107551720441634,1.0821001599686206,0.01682924214814021,0.05252438632222102,0.17036927859363277,0.0013801050487726439,0.1358423939661084,0.11027034969144876,0.42213726507829036,-0.06731839222410775,0.04488012942649897,0.004362465100115336,0.00414212196312667
DES,P21sys3,9.5,0.5,3.107551720441634,1.0821001599686206,0.01682924214814021,0.05252438632222102,0.17036927859363277,0.0013801050487726439,0.13584239396610834,0.11027034969144876,0.4221372650782902,-0.06731839222410775,0.04488012942649897,0.004362465100115336,0.00414212196312667
DES,P21sys3,9.5,1.0,3.107551720441634,1.0821001599686206,0.01682924214814021,0.05252438632222102,0.17036927859363277,0.0013801050487726439,0.1358423939661084,0.11027034969144878,0.42213726507829036,-0.06731839222410775,0.04488012942649897,0.004362465100115336,0.00414212196312667
DES,P21sys3,10.0,0.05,2.298027656878409,0.7168206212360196,0.03451600462784419,0.10740455071345928,0.34279103079720125,0.0,0.14279564373705847,0.1227144542723492,0.32814833858951653,-0.06731839222410775,0.04488012942649897,0.008968637963522885,0.008515642288360685
DES,P21sys3,10.0,0.1,2.298027656878409,0.7168206212360196,0.03451600462784419,0.10740455071345928,0.34279103079720125,0.0,0.14267076121347477,0.12248743718592965,0.3278613550964604,-0.06731839222410775,0.04488012942649897,0.008968637963522885,0.008515642288360685
DES,P21sys3,10.0,0.5,2.298027656878409,0.7168206212360196,0.03451600462784419,0.10740455071345928,0.34279103079720125,0.0,0.14267076121347483,0.12248743718592967,0.3278613550964605,-0.06731839222410775,0.04488012942649897,0.008968637963522885,0.008515642288360685
DES,P21sys3,10.0,1.0,2.298027656878409,0.7168206212360196,0.03451600462784419,0.10740455071345928,0.34279103079720125,0.0,0.14267076121347477,0.12248743718592967,0.3278613550964604,-0.06731839222410775,0.04488012942649897,0.008968637963522885,0.008515642288360685
DES,P21sys3,11.0,0.05,2.298027656878409,0.7168206212360196,0.03451600462784419,0.10740455071345928,0.34279103079720125,0.0,0.14279564373705847,0.1227144542723492,0.32814833858951653,-0.06731839222410775,0.04488012942649897,0.008968637963522885,0.008515642288360685
DES,P21sys3,11.0,0.1,2.298027656878409,0.7168206212360196,0.03451600462784419,0.10740455071345928,0.34279103079720125,0.0,0.14267076121347477,0.12248743718592965,0.3278613550964604,-0.06731839222410775,0.04488012942649897,0.008968637963522885,0.008515642288360685
DES,P21sys3,11.0,0.5,2.298027656878409,0.7168206212360196,0.03451600462784419,0.10740455071345928,0.34279103079720125,0.0,0.14267076121347483,0.12248743718592967,0.3278613550964605,-0.06731839222410775,0.04488012942649897,0.008968637963522885,0.008515642288360685
DES,P21sys3,11.0,1.0,2.298027656878409,0.7168206212360196,0.03451600462784419,0.10740455071345928,0.34279103079720125,0.0,0.14267076121347477,0.12248743718592967,0.3278613550964604,-0.06731839222410775,0.04488012942649897,0.008968637963522885,0.008515642288360685
FOUND,P21,9.0,0.05,3.2499741735537198,0.9226293047826601,0.006822486225895317,0.022318353994490354,0.08852014462809918,0.0014204545454545453,0.12170833129068281,0.08512296756270939,0.3955489334010392,-0.07367840107286001,0.05232806391264034,0.0017855071137763978,0.0016959340923601023
FOUND,P21,9.0,0.1,3.2499741735537198,0.9226293047826601,0.006822486225895317,0.022318353994490354,0.08852014462809918,0.0014204545454545453,0.12191377154352201,0.08546729734137987,0.39621660891697497,-0.07367840107286001,0.05232806391264034,0.0017855071137763978,0.0016959340923601023
FOUND,P21,9.0,0.5,3.2499741735537198,0.9226293047826601,0.006822486225895317,0.022318353994490354,0.08852014462809918,0.0014204545454545453,0.12191377154352202,0.08546729734137988,0.39621660891697497,-0.07367840107286001,0.05232806391264034,0.0017855071137763978,0.0016959340923601023
FOUND,P21,9.0,1.0,3.2499741735537198,0.9226293047826601,0.006822486225895317,0.022318353994490354,0.08852014462809918,0.0014204545454545453,0.12191377154352202,0.08546729734137988,0.39621660891697497,-0.07367840107286001,0.05232806391264034,0.0017855071137763978,0.0016959340923601023
FOUND,P21,9.5,0.05,2.5577737809752192,1.1280291584796622,0.08776312283506528,0.17417177369215733,0.33923971933564256,0.0007327471356248332,0.13709341460468016,0.11268182238376061,0.3506539414202161,-0.07367840107286001,0.05232806391264034,0.03427963308067148,0.03294559772326797
FOUND,P21,9.5,0.1,2.5577737809752192,1.1280291584796622,0.08776312283506528,0.17417177369215733,0.33923971933564256,0.0007327471356248332,0.13728879773415373,0.11302373278640492,0.35115368726602847,-0.07367840107286001,0.05232806391264034,0.03427963308067148,0.03294559772326797
FOUND,P21,9.5,0.5,2.5577737809752192,1.1280291584796622,0.08776312283506528,0.17417177369215733,0.33923971933564256,0.0007327471356248332,0.1372887977341537,0.11302373278640492,0.3511536872660284,-0.07367840107286001,0.05232806391264034,0.03427963308067148,0.03294559772326797
FOUND,P21,9.5,1.0,2.5577737809752192,1.1280291584796622,0.08776312283506528,0.17417177369215733,0.33923971933564256,0.0007327471356248332,0.1372887977341537,0.11302373278640492,0.3511536872660284,-0.07367840107286001,0.05232806391264034,0.03427963308067148,0.03294559772326797
FOUND,P21,10.0,0.05,1.820239405613649,0.8165549499860162,0.1740047697670152,0.33597046413502113,0.6063795633828655,0.0,0.14962896685910684,0.13513639462303745,0.27236054169820506,-0.07367840107286001,0.05232806391264034,0.0689018828725861,0.06624188214233107
FOUND,P21,10.0,0.1,1.820239405613649,0.8165549499860162,0.1740047697670152,0.33597046413502113,0.6063795633828655,0.0,0.14982227540663917,0.13548730222044944,0.27271240953386533,-0.07367840107286001,0.05232806391264034,0.0689018828725861,0.06624188214233107
FOUND,P21,10.0,0.5,1.820239405613649,0.8165549499860162,0.1740047697670152,0.33597046413502113,0.6063795633828655,0.0,0.1498222754066392,0.13548730222044944,0.2727124095338654,-0.07367840107286001,0.05232806391264034,0.0689018828725861,0.06624188214233107
FOUND,P21,10.0,1.0,1.820239405613649,0.8165549499860162,0.1740047697670152,0.33597046413502113,0.6063795633828655,0.0,0.14982227540663917,0.13548730222044944,0.27271240953386533,-0.07367840107286001,0.05232806391264034,0.0689018828725861,0.06624188214233107
FOUND,P21,11.0,0.05,1.820239405613649,0.8165549499860162,0.1740047697670152,0.33597046413502113,0.6063795633828655,0.0,0.14962896685910684,0.13513639462303745,0.27236054169820506,-0.07367840107286001,0.05232806391264034,0.0689018828725861,0.06624188214233107
FOUND,P21,11.0,0.1,1.820239405613649,0.8165549499860162,0.1740047697670152,0.33597046413502113,0.6063795633828655,0.0,0.14982227540663917,0.13548730222044944,0.27271240953386533,-0.07367840107286001,0.05232806391264034,0.0689018828725861,0.06624188214233107
FOUND,P21,11.0,0.5,1.820239405613649,0.8165549499860162,0.1740047697670152,0.33597046413502113,0.6063795633828655,0.0,0.1498222754066392,0.13548730222044944,0.2727124095338654,-0.07367840107286001,0.05232806391264034,0.0689018828725861,0.06624188214233107
FOUND,P21,11.0,1.0,1.820239405613649,0.8165549499860162,0.1740047697670152,0.33597046413502113,0.6063795633828655,0.0,0.14982227540663917,0.13548730222044944,0.27271240953386533,-0.07367840107286001,0.05232806391264034,0.0689018828725861,0.06624188214233107
FOUND,P21sys1,9.0,0.05,2.9248545488234208,1.0537177545824035,0.031350750416898276,0.07557902538447286,0.19716509171762092,0.0021678710394663694,0.11828660058539388,0.07941536928298229,0.3459711017870484,-0.08434239608903252,0.03849832465785126,0.010559316501866627,0.010106330795104219
FOUND,P21sys1,9.0,0.1,2.9248545488234208,1.0537177545824035,0.031350750416898276,0.07557902538447286,0.19716509171762092,0.0021678710394663694,0.11830556023116201,0.07944790439319982,0.3460265559932174,-0.08434239608903252,0.03849832465785126,0.010559316501866627,0.010106330795104219
FOUND,P21sys1,9.0,0.5,2.9248545488234208,1.0537177545824035,0.031350750416898276,0.07557902538447286,0.19716509171762092,0.0021678710394663694,0.118305560231162,0.0794479043931998,0.34602655599321736,-0.08434239608903252,0.03849832465785126,0.010559316501866627,0.010106330795104219
FOUND,P21sys1,9.0,1.0,2.9248545488234208,1.0537177545824035,0.031350750416898276,0.07557902538447286,0.19716509171762092,0.0021678710394663694,0.11830556023116202,0.07944790439319982,0.3460265559932174,-0.08434239608903252,0.03849832465785126,0.010559316501866627,0.010106330795104219
FOUND,P21sys1,9.5,0.05,2.3970028463401167,1.1189972938319417,0.10397637962530268,0.2078465525298441,0.40035685458175796,0.00124261863290709,0.15720933170933638,0.14878591204704472,0.37683121557850685,-0.08434239608903252,0.03849832465785126,0.04006620866410585,0.0384885166261256
FOUND,P21sys1,9.5,0.1,2.3970028463401167,1.1189972938319417,0.10397637962530268,0.2078465525298441,0.40035685458175796,0.00124261863290709,0.1576608728218007,0.14959354966624813,0.3779135609103234,-0.08434239608903252,0.03849832465785126,0.04006620866410585,0.0384885166261256
FOUND,P21sys1,9.5,0.5,2.3970028463401167,1.1189972938319417,0.10397637962530268,0.2078465525298441,0.40035685458175796,0.00124261863290709,0.1576608728218007,0.14959354966624813,0.3779135609103234,-0.08434239608903252,0.03849832465785126,0.04006620866410585,0.0384885166261256
FOUND,P21sys1,9.5,1.0,2.3970028463401167,1.1189972938319417,0.10397637962530268,0.2078465525298441,0.40035685458175796,0.00124261863290709,0.1576608728218007,0.14959354966624813,0.3779135609103234,-0.08434239608903252,0.03849832465785126,0.04006620866410585,0.0384885166261256
FOUND,P21sys1,10.0,0.05,1.6880953565918477,0.752257034283715,0.20151296471407953,0.3854825063454934,0.6732444134773304,0.0,0.18247738660150215,0.19382023085884648,0.30803922900501124,-0.08434239608903252,0.03849832465785126,0.07969411315811001,0.0766059348638259
FOUND,P21sys1,10.0,0.1,1.6880953565918477,0.752257034283715,0.20151296471407953,0.3854825063454934,0.6732444134773304,0.0,0.18310264780558583,0.1949401523394995,0.3090947295402819,-0.08434239608903252,0.03849832465785126,0.07969411315811001,0.0766059348638259
FOUND,P21sys1,10.0,0.5,1.6880953565918477,0.752257034283715,0.20151296471407953,0.3854825063454934,0.6732444134773304,0.0,0.18310264780558577,0.19494015233949943,0.30909472954028183,-0.08434239608903252,0.03849832465785126,0.07969411315811001,0.0766059348638259
FOUND,P21sys1,10.0,1.0,1.6880953565918477,0.752257034283715,0.20151296471407953,0.3854825063454934,0.6732444134773304,0.0,0.18310264780558577,0.19494015233949946,0.30909472954028183,-0.08434239608903252,0.03849832465785126,0.07969411315811001,0.0766059348638259
FOUND,P21sys1,11.0,0.05,1.6880953565918477,0.752257034283715,0.20151296471407953,0.3854825063454934,0.6732444134773304,0.0,0.18247738660150215,0.19382023085884648,0.30803922900501124,-0.08434239608903252,0.03849832465785126,0.07969411315811001,0.0766059348638259
FOUND,P21sys1,11.0,0.1,1.6880953565918477,0.752257034283715,0.20151296471407953,0.3854825063454934,0.6732444134773304,0.0,0.18310264780558583,0.1949401523394995,0.3090947295402819,-0.08434239608903252,0.03849832465785126,0.07969411315811001,0.0766059348638259
FOUND,P21sys1,11.0,0.5,1.6880953565918477,0.752257034283715,0.20151296471407953,0.3854825063454934,0.6732444134773304,0.0,0.18310264780558577,0.19494015233949943,0.30909472954028183,-0.08434239608903252,0.03849832465785126,0.07969411315811001,0.0766059348638259
FOUND,P21sys1,11.0,1.0,1.6880953565918477,0.752257034283715,0.20151296471407953,0.3854825063454934,0.6732444134773304,0.0,0.18310264780558577,0.19494015233949946,0.30909472954028183,-0.08434239608903252,0.03849832465785126,0.07969411315811001,0.0766059348638259
FOUND,P21sys2,9.0,0.05,3.3772150236385925,0.9095661701080302,0.00413675363333917,0.01468656977762213,0.06531255471896341,0.001969882682542461,0.11843446705309071,0.07966633941659831,0.39997866144832783,-0.07715697613220705,0.06061295651783003,0.0010480317248857634,0.0009958186243679782
FOUND,P21sys2,9.0,0.1,3.3772150236385925,0.9095661701080302,0.00413675363333917,0.01468656977762213,0.06531255471896341,0.001969882682542461,0.11822753549980358,0.07930628051860585,0.39927980909770167,-0.07715697613220705,0.06061295651783003,0.0010480317248857634,0.0009958186243679782
FOUND,P21sys2,9.0,0.5,3.3772150236385925,0.9095661701080302,0.00413675363333917,0.01468656977762213,0.06531255471896341,0.001969882682542461,0.11822753549980358,0.07930628051860585,0.39927980909770167,-0.07715697613220705,0.06061295651783003,0.0010480317248857634,0.0009958186243679782
FOUND,P21sys2,9.0,1.0,3.3772150236385925,0.9095661701080302,0.00413675363333917,0.01468656977762213,0.06531255471896341,0.001969882682542461,0.1182275354998036,0.07930628051860585,0.3992798090977017,-0.07715697613220705,0.06061295651783003,0.0010480317248857634,0.0009958186243679782
FOUND,P21sys2,9.5,0.05,2.70557406173662,1.118668382859472,0.05239716732055173,0.12797641078786978,0.29893651146149475,0.0011103708638685315,0.14202815332102545,0.12177993165686242,0.38426768766171826,-0.07715697613220705,0.06061295651783003,0.016581401866224112,0.01583267520171795
FOUND,P21sys2,9.5,0.1,2.70557406173662,1.118668382859472,0.05239716732055173,0.12797641078786978,0.29893651146149475,0.0011103708638685315,0.14219739825754868,0.12209094163981385,0.3847255923720558,-0.07715697613220705,0.06061295651783003,0.016581401866224112,0.01583267520171795
FOUND,P21sys2,9.5,0.5,2.70557406173662,1.118668382859472,0.05239716732055173,0.12797641078786978,0.29893651146149475,0.0011103708638685315,0.14219739825754868,0.12209094163981385,0.3847255923720558,-0.07715697613220705,0.06061295651783003,0.016581401866224112,0.01583267520171795
FOUND,P21sys2,9.5,1.0,2.70557406173662,1.118668382859472,0.05239716732055173,0.12797641078786978,0.29893651146149475,0.0011103708638685315,0.14219739825754865,0.12209094163981382,0.3847255923720557,-0.07715697613220705,0.06061295651783003,0.016581401866224112,0.01583267520171795
FOUND,P21sys2,10.0,0.05,1.8379064638353222,0.6809554549422112,0.11474297347735113,0.2743312786291918,0.6007464796697394,0.0,0.15956171648826833,0.15307649639705367,0.29325951011444745,-0.07715697613220705,0.06061295651783003,0.036648376220617215,0.03499984998274961
FOUND,P21sys2,10.0,0.1,1.8379064638353222,0.6809554549422112,0.11474297347735113,0.2743312786291918,0.6007464796697394,0.0,0.15993437993188803,0.1537503114876651,0.29394443066631126,-0.07715697613220705,0.06061295651783003,0.036648376220617215,0.03499984998274961
FOUND,P21sys2,10.0,0.5,1.8379064638353222,0.6809554549422112,0.11474297347735113,0.2743312786291918,0.6007464796697394,0.0,0.15993437993188803,0.15375031148766513,0.29394443066631126,-0.07715697613220705,0.06061295651783003,0.036648376220617215,0.03499984998274961
FOUND,P21sys2,10.0,1.0,1.8379064638353222,0.6809554549422112,0.11474297347735113,0.2743312786291918,0.6007464796697394,0.0,0.15993437993188803,0.15375031148766513,0.29394443066631126,-0.07715697613220705,0.06061295651783003,0.036648376220617215,0.03499984998274961
FOUND,P21sys2,11.0,0.05,1.8379064638353222,0.6809554549422112,0.11474297347735113,0.2743312786291918,0.6007464796697394,0.0,0.15956171648826833,0.15307649639705367,0.29325951011444745,-0.07715697613220705,0.06061295651783003,0.036648376220617215,0.03499984998274961
FOUND,P21sys2,11.0,0.1,1.8379064638353222,0.6809554549422112,0.11474297347735113,0.2743312786291918,0.6007464796697394,0.0,0.15993437993188803,0.1537503114876651,0.29394443066631126,-0.07715697613220705,0.06061295651783003,0.036648376220617215,0.03499984998274961
FOUND,P21sys2,11.0,0.5,1.8379064638353222,0.6809554549422112,0.11474297347735113,0.2743312786291918,0.6007464796697394,0.0,0.15993437993188803,0.15375031148766513,0.29394443066631126,-0.07715697613220705,0.06061295651783003,0.036648376220617215,0.03499984998274961
FOUND,P21sys2,11.0,1.0,1.8379064638353222,0.6809554549422112,0.11474297347735113,0.2743312786291918,0.6007464796697394,0.0,0.15993437993188803,0.15375031148766513,0.29394443066631126,-0.07715697613220705,0.06061295651783003,0.036648376220617215,0.03499984998274961
FOUND,P21sys3,9.0,0.05,3.8742447169319068,0.7647275231457467,7.826767545003915e-05,0.0005478737281502737,0.0070701800156535355,0.002687190190451342,0.12799806838977904,0.09625356736490648,0.49589584023659034,-0.06731839222410775,0.04488012942649897,0.0,0.0
FOUND,P21sys3,9.0,0.1,3.8742447169319068,0.7647275231457467,7.826767545003915e-05,0.0005478737281502737,0.0070701800156535355,0.002687190190451342,0.1282557899090157,0.09669665012406947,0.49689431647093263,-0.06731839222410775,0.04488012942649897,0.0,0.0
FOUND,P21sys3,9.0,0.5,3.8742447169319068,0.7647275231457467,7.826767545003915e-05,0.0005478737281502737,0.0070701800156535355,0.002687190190451342,0.1282557899090157,0.09669665012406947,0.49689431647093263,-0.06731839222410775,0.04488012942649897,0.0,0.0
FOUND,P21sys3,9.0,1.0,3.8742447169319068,0.7647275231457467,7.826767545003915e-05,0.0005478737281502737,0.0070701800156535355,0.002687190190451342,0.1282557899090157,0.09669665012406947,0.49689431647093263,-0.06731839222410775,0.04488012942649897,0.0,0.0
FOUND,P21sys3,9.5,0.05,3.107551720441634,1.0821001599686206,0.01682924214814021,0.05252438632222102,0.17036927859363277,0.0013801050487726439,0.135797564036781,0.11020055309783304,0.42199795375428173,-0.06731839222410775,0.04488012942649897,0.004362465100115336,0.00414212196312667
FOUND,P21sys3,9.5,0.1,3.107551720441634,1.0821001599686206,0.01682924214814021,0.05252438632222102,0.17036927859363277,0.0013801050487726439,0.1358423939661084,0.11027034969144876,0.42213726507829036,-0.06731839222410775,0.04488012942649897,0.004362465100115336,0.00414212196312667
FOUND,P21sys3,9.5,0.5,3.107551720441634,1.0821001599686206,0.01682924214814021,0.05252438632222102,0.17036927859363277,0.0013801050487726439,0.13584239396610834,0.11027034969144876,0.4221372650782902,-0.06731839222410775,0.04488012942649897,0.004362465100115336,0.00414212196312667
FOUND,P21sys3,9.5,1.0,3.107551720441634,1.0821001599686206,0.01682924214814021,0.05252438632222102,0.17036927859363277,0.0013801050487726439,0.1358423939661084,0.11027034969144878,0.42213726507829036,-0.06731839222410775,0.04488012942649897,0.004362465100115336,0.00414212196312667
FOUND,P21sys3,10.0,0.05,2.298027656878409,0.7168206212360196,0.03451600462784419,0.10740455071345928,0.34279103079720125,0.0,0.14279564373705847,0.1227144542723492,0.32814833858951653,-0.06731839222410775,0.04488012942649897,0.008968637963522885,0.008515642288360685
FOUND,P21sys3,10.0,0.1,2.298027656878409,0.7168206212360196,0.03451600462784419,0.10740455071345928,0.34279103079720125,0.0,0.14267076121347477,0.12248743718592965,0.3278613550964604,-0.06731839222410775,0.04488012942649897,0.008968637963522885,0.008515642288360685
FOUND,P21sys3,10.0,0.5,2.298027656878409,0.7168206212360196,0.03451600462784419,0.10740455071345928,0.34279103079720125,0.0,0.14267076121347483,0.12248743718592967,0.3278613550964605,-0.06731839222410775,0.04488012942649897,0.008968637963522885,0.008515642288360685
FOUND,P21sys3,10.0,1.0,2.298027656878409,0.7168206212360196,0.03451600462784419,0.10740455071345928,0.34279103079720125,0.0,0.14267076121347477,0.12248743718592967,0.3278613550964604,-0.06731839222410775,0.04488012942649897,0.008968637963522885,0.008515642288360685
FOUND,P21sys3,11.0,0.05,2.298027656878409,0.7168206212360196,0.03451600462784419,0.10740455071345928,0.34279103079720125,0.0,0.14279564373705847,0.1227144542723492,0.32814833858951653,-0.06731839222410775,0.04488012942649897,0.008968637963522885,0.008515642288360685
FOUND,P21sys3,11.0,0.1,2.298027656878409,0.7168206212360196,0.03451600462784419,0.10740455071345928,0.34279103079720125,0.0,0.14267076121347477,0.12248743718592965,0.3278613550964604,-0.06731839222410775,0.04488012942649897,0.008968637963522885,0.008515642288360685
FOUND,P21sys3,11.0,0.5,2.298027656878409,0.7168206212360196,0.03451600462784419,0.10740455071345928,0.34279103079720125,0.0,0.14267076121347483,0.12248743718592967,0.3278613550964605,-0.06731839222410775,0.04488012942649897,0.008968637963522885,0.008515642288360685
FOUND,P21sys3,11.0,1.0,2.298027656878409,0.7168206212360196,0.03451600462784419,0.10740455071345928,0.34279103079720125,0.0,0.14267076121347477,0.12248743718592967,0.3278613550964604,-0.06731839222410775,0.04488012942649897,0.008968637963522885,0.008515642288360685
LOWZ,P21,9.0,0.05,3.2499741735537198,0.9226293047826601,0.006822486225895317,0.022318353994490354,0.08852014462809918,0.0014204545454545453,0.12170833129068281,0.08512296756270939,0.3955489334010392,-0.07367840107286001,0.05232806391264034,0.0017855071137763978,0.0016959340923601023
LOWZ,P21,9.0,0.1,3.2499741735537198,0.9226293047826601,0.006822486225895317,0.022318353994490354,0.08852014462809918,0.0014204545454545453,0.12191377154352201,0.08546729734137987,0.39621660891697497,-0.07367840107286001,0.05232806391264034,0.0017855071137763978,0.0016959340923601023
LOWZ,P21,9.0,0.5,3.2499741735537198,0.9226293047826601,0.006822486225895317,0.022318353994490354,0.08852014462809918,0.0014204545454545453,0.12191377154352202,0.08546729734137988,0.39621660891697497,-0.07367840107286001,0.05232806391264034,0.0017855071137763978,0.0016959340923601023
LOWZ,P21,9.0,1.0,3.2499741735537198,0.9226293047826601,0.006822486225895317,0.022318353994490354,0.08852014462809918,0.0014204545454545453,0.12191377154352202,0.08546729734137988,0.39621660891697497,-0.07367840107286001,0.05232806391264034,0.0017855071137763978,0.0016959340923601023
LOWZ,P21,9.5,0.05,2.5577737809752192,1.1280291584796622,0.08776312283506528,0.17417177369215733,0.33923971933564256,0.0007327471356248332,0.13709341460468016,0.11268182238376061,0.3506539414202161,-0.07367840107286001,0.05232806391264034,0.03427963308067148,0.03294559772326797
LOWZ,P21,9.5,0.1,2.5577737809752192,1.1280291584796622,0.08776312283506528,0.17417177369215733,0.33923971933564256,0.0007327471356248332,0.13728879773415373,0.11302373278640492,0.35115368726602847,-0.07367840107286001,0.05232806391264034,0.03427963308067148,0.03294559772326797
LOWZ,P21,9.5,0.5,2.5577737809752192,1.1280291584796622,0.08776312283506528,0.17417177369215733,0.33923971933564256,0.0007327471356248332,0.1372887977341537,0.11302373278640492,0.3511536872660284,-0.07367840107286001,0.05232806391264034,0.03427963308067148,0.03294559772326797
LOWZ,P21,9.5,1.0,2.5577737809752192,1.1280291584796622,0.08776312283506528,0.17417177369215733,0.33923971933564256,0.0007327471356248332,0.1372887977341537,0.11302373278640492,0.3511536872660284,-0.07367840107286001,0.05232806391264034,0.03427963308067148,0.03294559772326797
LOWZ,P21,10.0,0.05,1.820239405613649,0.8165549499860162,0.1740047697670152,0.33597046413502113,0.6063795633828655,0.0,0.14962896685910684,0.13513639462303745,0.27236054169820506,-0.07367840107286001,0.05232806391264034,0.0689018828725861,0.06624188214233107
LOWZ,P21,10.0,0.1,1.820239405613649,0.8165549499860162,0.1740047697670152,0.33597046413502113,0.6063795633828655,0.0,0.14982227540663917,0.13548730222044944,0.27271240953386533,-0.07367840107286001,0.05232806391264034,0.0689018828725861,0.06624188214233107
LOWZ,P21,10.0,0.5,1.820239405613649,0.8165549499860162,0.1740047697670152,0.33597046413502113,0.6063795633828655,0.0,0.1498222754066392,0.13548730222044944,0.2727124095338654,-0.07367840107286001,0.05232806391264034,0.0689018828725861,0.06624188214233107
LOWZ,P21,10.0,1.0,1.820239405613649,0.8165549499860162,0.1740047697670152,0.33597046413502113,0.6063795633828655,0.0,0.14982227540663917,0.13548730222044944,0.27271240953386533,-0.07367840107286001,0.05232806391264034,0.0689018828725861,0.06624188214233107
LOWZ,P21,11.0,0.05,1.820239405613649,0.8165549499860162,0.1740047697670152,0.33597046413502113,0.6063795633828655,0.0,0.14962896685910684,0.13513639462303745,0.27236054169820506,-0.07367840107286001,0.05232806391264034,0.0689018828725861,0.06624188214233107
LOWZ,P21,11.0,0.1,1.820239405613649,0.8165549499860162,0.1740047697670152,0.33597046413502113,0.6063795633828655,0.0,0.14982227540663917,0.13548730222044944,0.27271240953386533,-0.07367840107286001,0.05232806391264034,0.0689018828725861,0.06624188214233107
LOWZ,P21,11.0,0.5,1.820239405613649,0.8165549499860162,0.1740047697670152,0.33597046413502113,0.6063795633828655,0.0,0.1498222754066392,0.13548730222044944,0.2727124095338654,-0.07367840107286001,0.05232806391264034,0.0689018828725861,0.06624188214233107
LOWZ,P21,11.0,1.0,1.820239405613649,0.8165549499860162,0.1740047697670152,0.33597046413502113,0.6063795633828655,0.0,0.14982227540663917,0.13548730222044944,0.27271240953386533,-0.07367840107286001,0.05232806391264034,0.0689018828725861,0.06624188214233107
LOWZ,P21sys1,9.0,0.05,2.9248545488234208,1.0537177545824035,0.031350750416898276,0.07557902538447286,0.19716509171762092,0.0021678710394663694,0.11828660058539388,0.07941536928298229,0.3459711017870484,-0.08434239608903252,0.03849832465785126,0.010559316501866627,0.010106330795104219
LOWZ,P21sys1,9.0,0.1,2.9248545488234208,1.0537177545824035,0.031350750416898276,0.07557902538447286,0.19716509171762092,0.0021678710394663694,0.11830556023116201,0.07944790439319982,0.3460265559932174,-0.08434239608903252,0.03849832465785126,0.010559316501866627,0.010106330795104219
LOWZ,P21sys1,9.0,0.5,2.9248545488234208,1.0537177545824035,0.031350750416898276,0.07557902538447286,0.19716509171762092,0.0021678710394663694,0.118305560231162,0.0794479043931998,0.34602655599321736,-0.08434239608903252,0.03849832465785126,0.010559316501866627,0.010106330795104219
LOWZ,P21sys1,9.0,1.0,2.9248545488234208,1.0537177545824035,0.031350750416898276,0.07557902538447286,0.19716509171762092,0.0021678710394663694,0.11830556023116202,0.07944790439319982,0.3460265559932174,-0.08434239608903252,0.03849832465785126,0.010559316501866627,0.010106330795104219
LOWZ,P21sys1,9.5,0.05,2.3970028463401167,1.1189972938319417,0.10397637962530268,0.2078465525298441,0.40035685458175796,0.00124261863290709,0.15720933170933638,0.14878591204704472,0.37683121557850685,-0.08434239608903252,0.03849832465785126,0.04006620866410585,0.0384885166261256
LOWZ,P21sys1,9.5,0.1,2.3970028463401167,1.1189972938319417,0.10397637962530268,0.2078465525298441,0.40035685458175796,0.00124261863290709,0.1576608728218007,0.14959354966624813,0.3779135609103234,-0.08434239608903252,0.03849832465785126,0.04006620866410585,0.0384885166261256
LOWZ,P21sys1,9.5,0.5,2.3970028463401167,1.1189972938319417,0.10397637962530268,0.2078465525298441,0.40035685458175796,0.00124261863290709,0.1576608728218007,0.14959354966624813,0.3779135609103234,-0.08434239608903252,0.03849832465785126,0.04006620866410585,0.0384885166261256
LOWZ,P21sys1,9.5,1.0,2.3970028463401167,1.1189972938319417,0.10397637962530268,0.2078465525298441,0.40035685458175796,0.00124261863290709,0.1576608728218007,0.14959354966624813,0.3779135609103234,-0.08434239608903252,0.03849832465785126,0.04006620866410585,0.0384885166261256
LOWZ,P21sys1,10.0,0.05,1.6880953565918477,0.752257034283715,0.20151296471407953,0.3854825063454934,0.6732444134773304,0.0,0.18247738660150215,0.19382023085884648,0.30803922900501124,-0.08434239608903252,0.03849832465785126,0.07969411315811001,0.0766059348638259
LOWZ,P21sys1,10.0,0.1,1.6880953565918477,0.752257034283715,0.20151296471407953,0.3854825063454934,0.6732444134773304,0.0,0.18310264780558583,0.1949401523394995,0.3090947295402819,-0.08434239608903252,0.03849832465785126,0.07969411315811001,0.0766059348638259
LOWZ,P21sys1,10.0,0.5,1.6880953565918477,0.752257034283715,0.20151296471407953,0.3854825063454934,0.6732444134773304,0.0,0.18310264780558577,0.19494015233949943,0.30909472954028183,-0.08434239608903252,0.03849832465785126,0.07969411315811001,0.0766059348638259
LOWZ,P21sys1,10.0,1.0,1.6880953565918477,0.752257034283715,0.20151296471407953,0.3854825063454934,0.6732444134773304,0.0,0.18310264780558577,0.19494015233949946,0.30909472954028183,-0.08434239608903252,0.03849832465785126,0.07969411315811001,0.0766059348638259
LOWZ,P21sys1,11.0,0.05,1.6880953565918477,0.752257034283715,0.20151296471407953,0.3854825063454934,0.6732444134773304,0.0,0.18247738660150215,0.19382023085884648,0.30803922900501124,-0.08434239608903252,0.03849832465785126,0.07969411315811001,0.0766059348638259
LOWZ,P21sys1,11.0,0.1,1.6880953565918477,0.752257034283715,0.20151296471407953,0.3854825063454934,0.6732444134773304,0.0,0.18310264780558583,0.1949401523394995,0.3090947295402819,-0.08434239608903252,0.03849832465785126,0.07969411315811001,0.0766059348638259
LOWZ,P21sys1,11.0,0.5,1.6880953565918477,0.752257034283715,0.20151296471407953,0.3854825063454934,0.6732444134773304,0.0,0.18310264780558577,0.19494015233949943,0.30909472954028183,-0.08434239608903252,0.03849832465785126,0.07969411315811001,0.0766059348638259
LOWZ,P21sys1,11.0,1.0,1.6880953565918477,0.752257034283715,0.20151296471407953,0.3854825063454934,0.6732444134773304,0.0,0.18310264780558577,0.19494015233949946,0.30909472954028183,-0.08434239608903252,0.03849832465785126,0.07969411315811001,0.0766059348638259
LOWZ,P21sys2,9.0,0.05,3.3772150236385925,0.9095661701080302,0.00413675363333917,0.01468656977762213,0.06531255471896341,0.001969882682542461,0.11843446705309071,0.07966633941659831,0.39997866144832783,-0.07715697613220705,0.06061295651783003,0.0010480317248857634,0.0009958186243679782
LOWZ,P21sys2,9.0,0.1,3.3772150236385925,0.9095661701080302,0.00413675363333917,0.01468656977762213,0.06531255471896341,0.001969882682542461,0.11822753549980358,0.07930628051860585,0.39927980909770167,-0.07715697613220705,0.06061295651783003,0.0010480317248857634,0.0009958186243679782
LOWZ,P21sys2,9.0,0.5,3.3772150236385925,0.9095661701080302,0.00413675363333917,0.01468656977762213,0.06531255471896341,0.001969882682542461,0.11822753549980358,0.07930628051860585,0.39927980909770167,-0.07715697613220705,0.06061295651783003,0.0010480317248857634,0.0009958186243679782
LOWZ,P21sys2,9.0,1.0,3.3772150236385925,0.9095661701080302,0.00413675363333917,0.01468656977762213,0.06531255471896341,0.001969882682542461,0.1182275354998036,0.07930628051860585,0.3992798090977017,-0.07715697613220705,0.06061295651783003,0.0010480317248857634,0.0009958186243679782
LOWZ,P21sys2,9.5,0.05,2.70557406173662,1.118668382859472,0.05239716732055173,0.12797641078786978,0.29893651146149475,0.0011103708638685315,0.14202815332102545,0.12177993165686242,0.38426768766171826,-0.07715697613220705,0.06061295651783003,0.016581401866224112,0.01583267520171795
LOWZ,P21sys2,9.5,0.1,2.70557406173662,1.118668382859472,0.05239716732055173,0.12797641078786978,0.29893651146149475,0.0011103708638685315,0.14219739825754868,0.12209094163981385,0.3847255923720558,-0.07715697613220705,0.06061295651783003,0.016581401866224112,0.01583267520171795
LOWZ,P21sys2,9.5,0.5,2.70557406173662,1.118668382859472,0.05239716732055173,0.12797641078786978,0.29893651146149475,0.0011103708638685315,0.14219739825754868,0.12209094163981385,0.3847255923720558,-0.07715697613220705,0.06061295651783003,0.016581401866224112,0.01583267520171795
LOWZ,P21sys2,9.5,1.0,2.70557406173662,1.118668382859472,0.05239716732055173,0.12797641078786978,0.29893651146149475,0.0011103708638685315,0.14219739825754865,0.12209094163981382,0.3847255923720557,-0.07715697613220705,0.06061295651783003,0.016581401866224112,0.01583267520171795
LOWZ,P21sys2,10.0,0.05,1.8379064638353222,0.6809554549422112,0.11474297347735113,0.2743312786291918,0.6007464796697394,0.0,0.15956171648826833,0.15307649639705367,0.29325951011444745,-0.07715697613220705,0.06061295651783003,0.036648376220617215,0.03499984998274961
LOWZ,P21sys2,10.0,0.1,1.8379064638353222,0.6809554549422112,0.11474297347735113,0.2743312786291918,0.6007464796697394,0.0,0.15993437993188803,0.1537503114876651,0.29394443066631126,-0.07715697613220705,0.06061295651783003,0.036648376220617215,0.03499984998274961
LOWZ,P21sys2,10.0,0.5,1.8379064638353222,0.6809554549422112,0.11474297347735113,0.2743312786291918,0.6007464796697394,0.0,0.15993437993188803,0.15375031148766513,0.29394443066631126,-0.07715697613220705,0.06061295651783003,0.036648376220617215,0.03499984998274961
LOWZ,P21sys2,10.0,1.0,1.8379064638353222,0.6809554549422112,0.11474297347735113,0.2743312786291918,0.6007464796697394,0.0,0.15993437993188803,0.15375031148766513,0.29394443066631126,-0.07715697613220705,0.06061295651783003,0.036648376220617215,0.03499984998274961
LOWZ,P21sys2,11.0,0.05,1.8379064638353222,0.6809554549422112,0.11474297347735113,0.2743312786291918,0.6007464796697394,0.0,0.15956171648826833,0.15307649639705367,0.29325951011444745,-0.07715697613220705,0.06061295651783003,0.036648376220617215,0.03499984998274961
LOWZ,P21sys2,11.0,0.1,1.8379064638353222,0.6809554549422112,0.11474297347735113,0.2743312786291918,0.6007464796697394,0.0,0.15993437993188803,0.1537503114876651,0.29394443066631126,-0.07715697613220705,0.06061295651783003,0.036648376220617215,0.03499984998274961
LOWZ,P21sys2,11.0,0.5,1.8379064638353222,0.6809554549422112,0.11474297347735113,0.2743312786291918,0.6007464796697394,0.0,0.15993437993188803,0.15375031148766513,0.29394443066631126,-0.07715697613220705,0.06061295651783003,0.036648376220617215,0.03499984998274961
LOWZ,P21sys2,11.0,1.0,1.8379064638353222,0.6809554549422112,0.11474297347735113,0.2743312786291918,0.6007464796697394,0.0,0.15993437993188803,0.15375031148766513,0.29394443066631126,-0.07715697613220705,0.06061295651783003,0.036648376220617215,0.03499984998274961
LOWZ,P21sys3,9.0,0.05,3.8742447169319068,0.7647275231457467,7.826767545003915e-05,0.0005478737281502737,0.0070701800156535355,0.002687190190451342,0.12799806838977904,0.09625356736490648,0.49589584023659034,-0.06731839222410775,0.04488012942649897,0.0,0.0
LOWZ,P21sys3,9.0,0.1,3.8742447169319068,0.7647275231457467,7.826767545003915e-05,0.0005478737281502737,0.0070701800156535355,0.002687190190451342,0.1282557899090157,0.09669665012406947,0.49689431647093263,-0.06731839222410775,0.04488012942649897,0.0,0.0
LOWZ,P21sys3,9.0,0.5,3.8742447169319068,0.7647275231457467,7.826767545003915e-05,0.0005478737281502737,0.0070701800156535355,0.002687190190451342,0.1282557899090157,0.09669665012406947,0.49689431647093263,-0.06731839222410775,0.04488012942649897,0.0,0.0
LOWZ,P21sys3,9.0,1.0,3.8742447169319068,0.7647275231457467,7.826767545003915e-05,0.0005478737281502737,0.0070701800156535355,0.002687190190451342,0.1282557899090157,0.09669665012406947,0.49689431647093263,-0.06731839222410775,0.04488012942649897,0.0,0.0
LOWZ,P21sys3,9.5,0.05,3.107551720441634,1.0821001599686206,0.01682924214814021,0.05252438632222102,0.17036927859363277,0.0013801050487726439,0.135797564036781,0.11020055309783304,0.42199795375428173,-0.06731839222410775,0.04488012942649897,0.004362465100115336,0.00414212196312667
LOWZ,P21sys3,9.5,0.1,3.107551720441634,1.0821001599686206,0.01682924214814021,0.05252438632222102,0.17036927859363277,0.0013801050487726439,0.1358423939661084,0.11027034969144876,0.42213726507829036,-0.06731839222410775,0.04488012942649897,0.004362465100115336,0.00414212196312667
LOWZ,P21sys3,9.5,0.5,3.107551720441634,1.0821001599686206,0.01682924214814021,0.05252438632222102,0.17036927859363277,0.0013801050487726439,0.13584239396610834,0.11027034969144876,0.4221372650782902,-0.06731839222410775,0.04488012942649897,0.004362465100115336,0.00414212196312667
LOWZ,P21sys3,9.5,1.0,3.107551720441634,1.0821001599686206,0.01682924214814021,0.05252438632222102,0.17036927859363277,0.0013801050487726439,0.1358423939661084,0.11027034969144878,0.42213726507829036,-0.06731839222410775,0.04488012942649897,0.004362465100115336,0.00414212196312667
LOWZ,P21sys3,10.0,0.05,2.298027656878409,0.7168206212360196,0.03451600462784419,0.10740455071345928,0.34279103079720125,0.0,0.14279564373705847,0.1227144542723492,0.32814833858951653,-0.06731839222410775,0.04488012942649897,0.008968637963522885,0.008515642288360685
LOWZ,P21sys3,10.0,0.1,2.298027656878409,0.7168206212360196,0.03451600462784419,0.10740455071345928,0.34279103079720125,0.0,0.14267076121347477,0.12248743718592965,0.3278613550964604,-0.06731839222410775,0.04488012942649897,0.008968637963522885,0.008515642288360685
LOWZ,P21sys3,10.0,0.5,2.298027656878409,0.7168206212360196,0.03451600462784419,0.10740455071345928,0.34279103079720125,0.0,0.14267076121347483,0.12248743718592967,0.3278613550964605,-0.06731839222410775,0.04488012942649897,0.008968637963522885,0.008515642288360685
LOWZ,P21sys3,10.0,1.0,2.298027656878409,0.7168206212360196,0.03451600462784419,0.10740455071345928,0.34279103079720125,0.0,0.14267076121347477,0.12248743718592967,0.3278613550964604,-0.06731839222410775,0.04488012942649897,0.008968637963522885,0.008515642288360685
LOWZ,P21sys3,11.0,0.05,2.298027656878409,0.7168206212360196,0.03451600462784419,0.10740455071345928,0.34279103079720125,0.0,0.14279564373705847,0.1227144542723492,0.32814833858951653,-0.06731839222410775,0.04488012942649897,0.008968637963522885,0.008515642288360685
LOWZ,P21sys3,11.0,0.1,2.298027656878409,0.7168206212360196,0.03451600462784419,0.10740455071345928,0.34279103079720125,0.0,0.14267076121347477,0.12248743718592965,0.3278613550964604,-0.06731839222410775,0.04488012942649897,0.008968637963522885,0.008515642288360685
LOWZ,P21sys3,11.0,0.5,2.298027656878409,0.7168206212360196,0.03451600462784419,0.10740455071345928,0.34279103079720125,0.0,0.14267076121347483,0.12248743718592967,0.3278613550964605,-0.06731839222410775,0.04488012942649897,0.008968637963522885,0.008515642288360685
LOWZ,P21sys3,11.0,1.0,2.298027656878409,0.7168206212360196,0.03451600462784419,0.10740455071345928,0.34279103079720125,0.0,0.14267076121347477,0.12248743718592967,0.3278613550964604,-0.06731839222410775,0.04488012942649897,0.008968637963522885,0.008515642288360685
DES,BS21,9.0,0.05,2.682651446913301,0.9669676865715631,0.03852197129735471,0.09566875224681204,0.24946581412351101,0.0004564310324631526,0.09983398690208414,0.04955510878436214,0.2678197894139996,,,0.011657489926925588,0.011077844804113559
DES,BS21,9.0,0.1,2.682651446913301,0.9669676865715631,0.03852197129735471,0.09566875224681204,0.24946581412351101,0.0004564310324631526,0.09983398690208414,0.04955510878436214,0.2678197894139996,,,0.011657489926925588,0.011077844804113559
DES,BS21,9.0,0.5,2.682651446913301,0.9669676865715631,0.03852197129735471,0.09566875224681204,0.24946581412351101,0.0004564310324631526,0.09983398690208414,0.04955510878436214,0.2678197894139996,,,0.011657489926925588,0.011077844804113559
DES,BS21,9.0,1.0,2.682651446913301,0.9669676865715631,0.03852197129735471,0.09566875224681204,0.24946581412351101,0.0004564310324631526,0.09983398690208414,0.04955510878436214,0.2678197894139996,,,0.011657489926925588,0.011077844804113559
DES,BS21,9.5,0.05,2.682651446913301,0.9669676865715631,0.03852197129735471,0.09566875224681204,0.24946581412351101,0.0004564310324631526,0.09983398690208414,0.04955510878436214,0.2678197894139996,,,0.011657489926925588,0.011077844804113559
DES,BS21,9.5,0.1,2.682651446913301,0.9669676865715631,0.03852197129735471,0.09566875224681204,0.24946581412351101,0.0004564310324631526,0.09983398690208414,0.04955510878436214,0.2678197894139996,,,0.011657489926925588,0.011077844804113559
DES,BS21,9.5,0.5,2.682651446913301,0.9669676865715631,0.03852197129735471,0.09566875224681204,0.24946581412351101,0.0004564310324631526,0.09983398690208414,0.04955510878436214,0.2678197894139996,,,0.011657489926925588,0.011077844804113559
DES,BS21,9.5,1.0,2.682651446913301,0.9669676865715631,0.03852197129735471,0.09566875224681204,0.24946581412351101,0.0004564310324631526,0.09983398690208414,0.04955510878436214,0.2678197894139996,,,0.011657489926925588,0.011077844804113559
DES,BS21,10.0,0.05,1.5665482250465042,0.6744162882518947,0.22683983648373185,0.4400347527763235,0.7444946924045134,0.0,0.1282945193710779,0.09766962355457423,0.20097955160395642,,,0.08188017846080976,0.07819615411015887
DES,BS21,10.0,0.1,1.5665482250465042,0.6744162882518947,0.22683983648373185,0.4400347527763235,0.7444946924045134,0.0,0.1282945193710779,0.09766962355457423,0.20097955160395642,,,0.08188017846080976,0.07819615411015887
DES,BS21,10.0,0.5,1.5665482250465042,0.6744162882518947,0.22683983648373185,0.4400347527763235,0.7444946924045134,0.0,0.1282945193710779,0.09766962355457423,0.20097955160395642,,,0.08188017846080976,0.07819615411015887
DES,BS21,10.0,1.0,1.5665482250465042,0.6744162882518947,0.22683983648373185,0.4400347527763235,0.7444946924045134,0.0,0.1282945193710779,0.09766962355457423,0.20097955160395642,,,0.08188017846080976,0.07819615411015887
DES,BS21,11.0,0.05,1.5665482250465042,0.6744162882518947,0.22683983648373185,0.4400347527763235,0.7444946924045134,0.0,0.1282945193710779,0.09766962355457423,0.20097955160395642,,,0.08188017846080976,0.07819615411015887
DES,BS21,11.0,0.1,1.5665482250465042,0.6744162882518947,0.22683983648373185,0.4400347527763235,0.7444946924045134,0.0,0.1282945193710779,0.09766962355457423,0.20097955160395642,,,0.08188017846080976,0.07819615411015887
DES,BS21,11.0,0.5,1.5665482250465042,0.6744162882518947,0.22683983648373185,0.4400347527763235,0.7444946924045134,0.0,0.1282945193710779,0.09766962355457423,0.20097955160395642,,,0.08188017846080976,0.07819615411015887
DES,BS21,11.0,1.0,1.5665482250465042,0.6744162882518947,0.22683983648373185,0.4400347527763235,0.7444946924045134,0.0,0.1282945193710779,0.09766962355457423,0.20097955160395642,,,0.08188017846080976,0.07819615411015887
FOUND,BS21,9.0,0.05,2.6832287678431626,0.9665324130823478,0.03806183842218718,0.09537177053505355,0.2496621730317557,0.0004383707087931536,0.12825773206458702,0.09745788809164538,0.3441448363740203,,,0.011456119108989993,0.010886295644249975
FOUND,BS21,9.0,0.1,2.6832287678431626,0.9665324130823478,0.03806183842218718,0.09537177053505355,0.2496621730317557,0.0004383707087931536,0.12825773206458702,0.09745788809164538,0.3441448363740203,,,0.011456119108989993,0.010886295644249975
FOUND,BS21,9.0,0.5,2.6832287678431626,0.9665324130823478,0.03806183842218718,0.09537177053505355,0.2496621730317557,0.0004383707087931536,0.12825773206458702,0.09745788809164538,0.3441448363740203,,,0.011456119108989993,0.010886295644249975
FOUND,BS21,9.0,1.0,2.6832287678431626,0.9665324130823478,0.03806183842218718,0.09537177053505355,0.2496621730317557,0.0004383707087931536,0.12825773206458702,0.09745788809164538,0.3441448363740203,,,0.011456119108989993,0.010886295644249975
FOUND,BS21,9.5,0.05,2.6832287678431626,0.9665324130823478,0.03806183842218718,0.09537177053505355,0.2496621730317557,0.0004383707087931536,0.12825773206458702,0.09745788809164538,0.3441448363740203,,,0.011456119108989993,0.010886295644249975
FOUND,BS21,9.5,0.1,2.6832287678431626,0.9665324130823478,0.03806183842218718,0.09537177053505355,0.2496621730317557,0.0004383707087931536,0.12825773206458702,0.09745788809164538,0.3441448363740203,,,0.011456119108989993,0.010886295644249975
FOUND,BS21,9.5,0.5,2.6832287678431626,0.9665324130823478,0.03806183842218718,0.09537177053505355,0.2496621730317557,0.0004383707087931536,0.12825773206458702,0.09745788809164538,0.3441448363740203,,,0.011456119108989993,0.010886295644249975
FOUND,BS21,9.5,1.0,2.6832287678431626,0.9665324130823478,0.03806183842218718,0.09537177053505355,0.2496621730317557,0.0004383707087931536,0.12825773206458702,0.09745788809164538,0.3441448363740203,,,0.011456119108989993,0.010886295644249975
FOUND,BS21,10.0,0.05,1.566677281013912,0.674595109361908,0.22686770612783022,0.43995352033206137,0.7445294212946152,0.0,0.19178446024882972,0.22226500996846169,0.30046435672335725,,,0.08183832485873334,0.07815371271620448
FOUND,BS21,10.0,0.1,1.566677281013912,0.674595109361908,0.22686770612783022,0.43995352033206137,0.7445294212946152,0.0,0.19178446024882972,0.22226500996846169,0.30046435672335725,,,0.08183832485873334,0.07815371271620448
FOUND,BS21,10.0,0.5,1.566677281013912,0.674595109361908,0.22686770612783022,0.43995352033206137,0.7445294212946152,0.0,0.19178446024882972,0.22226500996846169,0.30046435672335725,,,0.08183832485873334,0.07815371271620448
FOUND,BS21,10.0,1.0,1.566677281013912,0.674595109361908,0.22686770612783022,0.43995352033206137,0.7445294212946152,0.0,0.19178446024882972,0.22226500996846169,0.30046435672335725,,,0.08183832485873334,0.07815371271620448
FOUND,BS21,11.0,0.05,1.566677281013912,0.674595109361908,0.22686770612783022,0.43995352033206137,0.7445294212946152,0.0,0.19178446024882972,0.22226500996846169,0.30046435672335725,,,0.08183832485873334,0.07815371271620448
FOUND,BS21,11.0,0.1,1.566677281013912,0.674595109361908,0.22686770612783022,0.43995352033206137,0.7445294212946152,0.0,0.19178446024882972,0.22226500996846169,0.30046435672335725,,,0.08183832485873334,0.07815371271620448
FOUND,BS21,11.0,0.5,1.566677281013912,0.674595109361908,0.22686770612783022,0.43995352033206137,0.7445294212946152,0.0,0.19178446024882972,0.22226500996846169,0.30046435672335725,,,0.08183832485873334,0.07815371271620448
FOUND,BS21,11.0,1.0,1.566677281013912,0.674595109361908,0.22686770612783022,0.43995352033206137,0.7445294212946152,0.0,0.19178446024882972,0.22226500996846169,0.30046435672335725,,,0.08183832485873334,0.07815371271620448
LOWZ,BS21,9.0,0.05,2.6832287678431626,0.9665324130823478,0.03806183842218718,0.09537177053505355,0.2496621730317557,0.0004383707087931536,0.12825773206458702,0.09745788809164538,0.3441448363740203,,,0.011456119108989993,0.010886295644249975
LOWZ,BS21,9.0,0.1,2.6832287678431626,0.9665324130823478,0.03806183842218718,0.09537177053505355,0.2496621730317557,0.0004383707087931536,0.12825773206458702,0.09745788809164538,0.3441448363740203,,,0.011456119108989993,0.010886295644249975
LOWZ,BS21,9.0,0.5,2.6832287678431626,0.9665324130823478,0.03806183842218718,0.09537177053505355,0.2496621730317557,0.0004383707087931536,0.12825773206458702,0.09745788809164538,0.3441448363740203,,,0.011456119108989993,0.010886295644249975
LOWZ,BS21,9.0,1.0,2.6832287678431626,0.9665324130823478,0.03806183842218718,0.09537177053505355,0.2496621730317557,0.0004383707087931536,0.12825773206458702,0.09745788809164538,0.3441448363740203,,,0.011456119108989993,0.010886295644249975
LOWZ,BS21,9.5,0.05,2.6832287678431626,0.9665324130823478,0.03806183842218718,0.09537177053505355,0.2496621730317557,0.0004383707087931536,0.12825773206458702,0.09745788809164538,0.3441448363740203,,,0.011456119108989993,0.010886295644249975
LOWZ,BS21,9.5,0.1,2.6832287678431626,0.9665324130823478,0.03806183842218718,0.09537177053505355,0.2496621730317557,0.0004383707087931536,0.12825773206458702,0.09745788809164538,0.3441448363740203,,,0.011456119108989993,0.010886295644249975
LOWZ,BS21,9.5,0.5,2.6832287678431626,0.9665324130823478,0.03806183842218718,0.09537177053505355,0.2496621730317557,0.0004383707087931536,0.12825773206458702,0.09745788809164538,0.3441448363740203,,,0.011456119108989993,0.010886295644249975
LOWZ,BS21,9.5,1.0,2.6832287678431626,0.9665324130823478,0.03806183842218718,0.09537177053505355,0.2496621730317557,0.0004383707087931536,0.12825773206458702,0.09745788809164538,0.3441448363740203,,,0.011456119108989993,0.010886295644249975
LOWZ,BS21,10.0,0.05,1.566677281013912,0.674595109361908,0.22686770612783022,0.43995352033206137,0.7445294212946152,0.0,0.19178446024882972,0.22226500996846169,0.30046435672335725,,,0.08183832485873334,0.07815371271620448
LOWZ,BS21,10.0,0.1,1.566677281013912,0.674595109361908,0.22686770612783022,0.43995352033206137,0.7445294212946152,0.0,0.19178446024882972,0.22226500996846169,0.30046435672335725,,,0.08183832485873334,0.07815371271620448
LOWZ,BS21,10.0,0.5,1.566677281013912,0.674595109361908,0.22686770612783022,0.43995352033206137,0.7445294212946152,0.0,0.19178446024882972,0.22226500996846169,0.30046435672335725,,,0.08183832485873334,0.07815371271620448
LOWZ,BS21,10.0,1.0,1.566677281013912,0.674595109361908,0.22686770612783022,0.43995352033206137,0.7445294212946152,0.0,0.19178446024882972,0.22226500996846169,0.30046435672335725,,,0.08183832485873334,0.07815371271620448
LOWZ,BS21,11.0,0.05,1.566677281013912,0.674595109361908,0.22686770612783022,0.43995352033206137,0.7445294212946152,0.0,0.19178446024882972,0.22226500996846169,0.30046435672335725,,,0.08183832485873334,0.07815371271620448
LOWZ,BS21,11.0,0.1,1.566677281013912,0.674595109361908,0.22686770612783022,0.43995352033206137,0.7445294212946152,0.0,0.19178446024882972,0.22226500996846169,0.30046435672335725,,,0.08183832485873334,0.07815371271620448
LOWZ,BS21,11.0,0.5,1.566677281013912,0.674595109361908,0.22686770612783022,0.43995352033206137,0.7445294212946152,0.0,0.19178446024882972,0.22226500996846169,0.30046435672335725,,,0.08183832485873334,0.07815371271620448
LOWZ,BS21,11.0,1.0,1.566677281013912,0.674595109361908,0.22686770612783022,0.43995352033206137,0.7445294212946152,0.0,0.19178446024882972,0.22226500996846169,0.30046435672335725,,,0.08183832485873334,0.07815371271620448
