CID,IDSURVEY,TYPE_refit,FIELD,CUTFLAG_SNANA,ERRFLAG_FIT,RA,DEC,zHEL_refit,zHELERR_refit,zCMB_refit,zCMBERR_refit,zHD_refit,zHDERR_refit,VPEC_refit,VPECERR_refit,LENSDMU,LENSDMUERR,MWEBV_refit,HOST_NMATCH,HOST_NMATCH2,HOST_OBJID,HOST_ZPHOT,HOST_ZPHOTERR,HOST_ZSPEC_refit,HOST_ZSPECERR_refit,HOST_RA_refit,HOST_DEC_refit,HOST_ANGSEP_refit,HOST_DDLR_refit,HOST_CONFUSION,HOST_LOGMASS_refit,HOST_LOGMASS_ERR_refit,HOST_LOGMASS_ZPHOT,HOST_LOGMASS_ZPHOTERR,HOST_LOGSFR,HOST_LOGSFR_ERR,HOST_LOGsSFR,HOST_LOGsSFR_ERR,HOST_COLOR_refit,HOST_COLOR_ERR_refit,HOST_MAG_g,HOST_MAG_r,HOST_MAG_i,HOST_MAG_z,HOST_MAGERR_g,HOST_MAGERR_r,HOST_MAGERR_i,HOST_MAGERR_z,HOST_SBFLUXCAL_g,HOST_SBFLUXCAL_r,HOST_SBFLUXCAL_i,HOST_SBFLUXCAL_z,HOST_SBMAG_g,HOST_SBMAG_r,HOST_SBMAG_i,HOST_SBMAG_z,PKMJDINI,SNRMAX1,SNRMAX2,SNRMAX3,SNRSUM,BANDLIST,OPT_PHOTOZ,PKMJD_refit,PKMJDERR_refit,x1_refit,x1ERR_refit,c_refit,cERR_refit,mB_refit,mBERR_refit,x0_refit,x0ERR_refit,COV_x1_c_refit,COV_x1_x0_refit,COV_c_x0_refit,NDOF_refit,FITCHI2,FITPROB_refit,RADIUS_POP,CIDint,TYPE_published,zHEL_published,zHELERR_published,zCMB_published,zCMBERR_published,zHD_published,zHDERR_published,VPEC_published,VPECERR_published,MWEBV_published,HOST_ZSPEC_published,HOST_ZSPECERR_published,HOST_RA_published,HOST_DEC_published,HOST_ANGSEP_published,HOST_DDLR_published,HOST_LOGMASS_published,HOST_LOGMASS_ERR_published,HOST_COLOR_published,HOST_COLOR_ERR_published,PKMJD_published,PKMJDERR_published,x1_published,x1ERR_published,c_published,cERR_published,mB_published,mBERR_published,mB_corr,x0_published,x0ERR_published,COV_x1_c_published,COV_x1_x0_published,COV_c_x0_published,NDOF_published,FITPROB_published,PROB_SCONE,PROB_SNIRFV19,PROB_SNNDESCC,PROB_SNNJ17,PROB_SNNV19,MU,MUERR_FINAL,PROBCC_BEAMS,biasCor_mu,biasCor_muCOVSCALE,biasCor_muCOVADD
1652139,10,0,C3,3,0,53.220951,-28.031702,0.7833399772644043,0.0010000000474974,0.7826550006866455,0.0010000000474974,0.7826550006866455,0.0020450183656066,0,300,0,0,0.0061261970549821,1,2,-25122,-9,-9,0.78329998254776,0.0010000000474974,53.220968,-28.031461,0.8690000176429749,0.5569999814033508,-3.926313161849976,11.083999633789062,0.0120000001043081,-9999,-9999,1.1959999799728394,0.2989999949932098,-9.885000228881838,0.3075467348098754,1.350000023841858,-999,24.799999237060547,23.18000030517578,21.940000534057617,21.46999931335449,0.0199999995529651,0.0,0.0,0.0,2.25,11.539999961853027,35.7599983215332,50.880001068115234,26.619543075561523,24.844486236572266,23.61650657653809,23.233631134033203,57763.125,17.181432723999023,14.139902114868164,10.638710021972656,46.682090759277344,riz,0,57762.609375,0.5610488653182983,0.0939394161105155,0.4980614781379699,0.0453067496418952,0.0474501028656959,24.08526992797852,0.0424262396991252,4.167656697973143e-06,1.628554002763849e-07,0.0051302830688655,-5.4807106408816246e-08,-5.964322369322872e-10,25,12.562535285949709,0.9814255237579343,0.1542345881462097,1652139,0,0.78334,0.001,0.78266,0.001,0.78266,0.00205,0.0,300.0,0.01,0.7833,0.001,53.220966,-28.031462,0.869,0.56,11.08,0.01,1.35,-999.0,57762.6094,0.5611,0.0938,0.4981,0.0453,0.0474,24.0852,0.0424,24.1036,4.1678e-06,1.6286e-07,0.0051,-0.0,-0.0,25,0.9814,0.9682,0.9748,1.0,0.9993,0.999,43.4268,0.1849,0.0,-0.1257,0.978,0.0
1480038,10,1,X2,3,0,35.78344,-6.791725,0.3352999985218048,0.0010000000474974,0.3342300057411193,0.0010000000474974,0.3342299461364746,0.0016680965200066,0,300,0,0,0.0208896528929471,1,1,103731,-9,-9,0.3352999985218048,0.0010000000474974,35.783585,-6.791717,0.5180000066757202,0.4930000007152557,-9.0,10.458999633789062,0.0130000002682209,-9999,-9999,0.9359999895095824,0.3770000040531158,-9.50699996948242,0.3778280019760131,1.0460000038146973,-999,22.200000762939453,20.979999542236328,20.46999931335449,20.1200008392334,0.0,0.0,0.0,0.0,31.65999984741211,105.62000274658205,165.1300048828125,215.7700042724609,23.748722076416016,22.44063377380371,21.955434799194336,21.665021896362305,57681.09765625,27.31788444519043,20.783491134643555,16.133024215698242,79.01163482666014,griz,0,57680.47265625,0.2972789704799652,0.8013526797294616,0.2430187165737152,-0.0165029913187026,0.0204044841229915,21.7027587890625,0.0293604619801044,3.7402169255074114e-05,1.0114289352713968e-06,0.0007627414306625,-1.6233705935064793e-07,-1.0394857419271377e-08,53,39.258548736572266,0.9200014472007751,0.2727231085300445,1480038,1,0.3353,0.001,0.33423,0.001,0.33423,0.00167,0.0,300.0,0.02,0.3353,0.001,35.783584999999995,-6.791717,0.518,0.49,10.46,0.01,1.05,-999.0,57680.4727,0.2973,0.802,0.243,-0.0165,0.0204,21.7028,0.0294,21.9063,3.7399e-05,1.0114e-06,0.0008,-0.0,-0.0,53,0.92,0.9833,1.0,0.9999,1.0,1.0,41.2295,0.1254,0.0,-0.0043,1.0,0.0079
1442085,10,0,S2,3,0,41.011128,-0.765274,0.6347600221633911,0.0010000000474974,0.633554995059967,0.0010000000474974,0.6335549354553222,0.0019162629032507,0,300,0,0,0.0299512669444084,1,1,-20555,-9,-9,0.6348000168800354,0.0010000000474974,41.011193,-0.7651339999999999,0.5540000200271606,0.7110000252723693,-9.0,10.529000282287598,0.0350000001490116,-9999,-9999,0.6919999718666076,0.5410000085830688,-9.836000442504883,0.5603543519973754,0.9729999899864196,-999,23.979999542236328,22.63999938964844,21.88999938964844,21.46999931335449,0.0199999995529651,0.0099999997764825,0.0,0.0,5.929999828338623,19.959999084472656,43.130001068115234,59.700000762939446,25.567363739013672,24.24959945678711,23.41305160522461,23.060064315795895,57663.3125,8.760274887084961,7.586990833282471,6.250205039978027,21.128925323486328,riz,0,57666.328125,1.0936003923416138,-1.4371641874313354,0.9014136791229248,0.0031231127213686,0.0939014256000518,23.604467391967773,0.0893655717372894,6.489529823738849e-06,5.341449877960258e-07,0.0101894214749336,-2.724151499933214e-07,-2.2697735246879347e-08,46,57.63972473144531,0.1165786534547805,0.4791678190231323,1442085,0,0.63476,0.001,0.63355,0.001,0.63355,0.00192,0.0,300.0,0.03,0.6348,0.001,41.011192,-0.765134,0.554,0.71,10.53,0.04,0.97,-999.0,57666.1875,1.1021,-1.4767,0.9083,0.004,0.0946,23.6067,0.0902,23.7293,6.4764e-06,5.3827e-07,0.0092,-0.0,-0.0,46,0.1161,0.9858,0.9411,0.9955,0.9995,0.9997,43.0525,0.1887,0.0,-0.3539,0.339,0.0
1318689,10,0,C2,3,0,53.997543,-29.956009,0.4939199984073638,0.0010000000474974,0.4933849871158599,0.0010000000474974,0.4933849573135376,0.0017981033306568,0,300,0,0,0.0134456120431423,1,2,24844,-9,-9,0.4939000010490417,0.0010000000474974,53.997479,-29.956131,0.4830000102519989,0.9729999899864196,-3.140001058578491,8.743000030517578,0.061999998986721,-9999,-9999,-0.123999997973442,0.4210000038146972,-8.895000457763672,0.4953402876853942,0.1289999932050705,-999,25.049999237060547,24.059999465942383,23.82999992370605,23.65999984741211,0.050000000745058,0.0299999993294477,0.0299999993294477,0.0399999991059303,2.140000104904175,5.369999885559082,5.980000019073486,7.6599998474121085,26.67396545410156,25.675064086914062,25.558246612548828,25.2894287109375,57011.0859375,32.79677200317383,16.795583724975586,12.249732971191406,50.45492935180664,riz,0,57014.40234375,0.7096216678619384,0.6217154860496521,0.5268619060516357,-0.0334420576691627,0.0462495647370815,22.78494071960449,0.0478624179959297,1.3804588888888247e-05,6.085465429350734e-07,0.0043027200736105,-1.6819163306536214e-07,-1.9362998315841647e-08,34,38.7505989074707,0.2639164924621582,0.2353171110153198,1318689,0,0.49392,0.001,0.49338,0.001,0.49338,0.0018,0.0,300.0,0.01,0.4939,0.001,53.997478,-29.956131,0.483,0.97,8.74,0.06,0.13,-999.0,57014.4023,0.7095,0.6217,0.5269,-0.0334,0.0462,22.785,0.0479,22.9735,1.3803e-05,6.0851e-07,0.0044,-0.0,-0.0,34,0.2641,1.0,0.99,1.0,0.9999,1.0,42.2967,0.1702,0.0,-0.0032,1.0,0.0051
1311247,10,0,E2,3,0,8.020238,-43.909603,0.4428800046443939,0.0010000000474974,0.4418309926986694,0.0010000000474974,0.4418309926986694,0.0017554633086547,0,300,0,0,0.0067370235919952,1,1,29612,-9,-9,0.442900002002716,0.0010000000474974,8.020134,-43.909563,0.3059999942779541,0.2430000007152557,-9.0,10.781000137329102,0.0260000005364418,-9999,-9999,0.703000009059906,0.0,-10.06700038909912,0.0,0.7419999837875366,-999,21.090000152587887,19.68000030517578,19.299999237060547,19.25,0.0,0.0,0.0,0.0,83.55999755859375,290.9100036621094,381.4700012207031,437.25,22.695003509521484,21.340602874755856,21.046348571777344,20.898174285888672,56992.05078125,27.3671989440918,17.867780685424805,11.1529541015625,68.84309387207031,riz,0,56992.75390625,0.506210207939148,2.5738720893859863,0.5308062434196472,0.0548460520803928,0.0447671264410018,22.139560699462887,0.0542148314416408,2.5013565391418524e-05,1.2490199878811836e-06,0.0071687502786517,-4.486010141135921e-07,-4.333695358127442e-08,32,34.212100982666016,0.3619039058685302,0.8772194981575012,1311247,0,0.44288,0.001,0.44183,0.001,0.44183,0.00176,0.0,300.0,0.01,0.4429,0.001,8.020133999999999,-43.909561,0.306,0.24,10.78,0.03,0.74,-999.0,56992.7539,0.5052,2.5737,0.5303,0.0549,0.0447,22.1396,0.0541,22.2775,2.5012e-05,1.2472e-06,0.0071,-0.0,-0.0,32,0.3593,0.9842,0.3358,0.4789,0.9999,0.9987,41.6007,0.1587,0.0002,0.1237,1.0,0.0055
1923060,10,1,X1,3,0,34.833687,-5.172581,0.3836100101470947,0.0010000000474974,0.3824709951877594,0.0010000000474974,0.382470965385437,0.0017069788882508,0,300,0,0,0.0185237545520067,1,1,141770,-9,-9,0.3835999965667724,0.0010000000474974,34.833242,-5.172078,2.4140000343322754,2.1659998893737797,-9.0,10.29800033569336,0.0130000002682209,-9999,-9999,1.4259999990463257,0.0260000005364418,-8.862000465393066,0.0485489442944526,0.524999976158142,-999,21.950000762939453,20.93000030517578,20.479999542236328,20.1200008392334,0.0,0.0,0.0,0.0,7.050000190734863,18.309999465942383,19.1200008392334,22.90999984741211,25.379528045654297,24.34327888488769,24.29627990722656,24.099937438964844,58101.046875,35.037071228027344,31.346729278564453,19.32817268371582,93.05607604980467,riz,0,58103.0546875,0.3639454841613769,0.294453740119934,0.3541716337203979,0.0276119988411664,0.0313960537314414,22.057016372680664,0.036014586687088,2.698939169931691e-05,8.952559937824845e-07,0.0038898901548236,-1.7437123744912244e-07,-2.4088542716071973e-08,20,18.204076766967773,0.5739666819572448,0.1345549225807189,1923060,1,0.38361,0.001,0.38247,0.001,0.38247,0.00171,0.0,300.0,0.02,0.3836,0.001,34.833240999999994,-5.172078,2.414,2.17,10.3,0.01,0.53,-999.0,58103.0547,0.364,0.2968,0.3542,0.0279,0.0314,22.0573,0.036,22.0947,2.6981e-05,8.9485e-07,0.0039,-0.0,-0.0,20,0.572,0.9835,0.9967,1.0,0.9999,1.0,41.4179,0.1365,0.0,-0.0578,1.0,0.0094
1896213,10,0,C3,3,0,52.232731,-27.124613,0.6875699758529663,0.0010000000474974,0.6868839859962463,0.0010000000474974,0.6868839263916015,0.0019619825761765,0,300,0,0,0.0096659697592258,1,1,134643,-9,-9,0.6876000165939331,0.0010000000474974,52.233015,-27.125194,2.282000064849853,1.7970000505447388,-9.0,11.078000068664553,0.025000000372529,-9999,-9999,-0.4990000128746032,9.50100040435791,-11.586999893188477,9.501288414001465,1.4869999885559082,-999,24.3700008392334,22.459999084472656,21.309999465942383,20.76000022888184,0.0099999997764825,0.0,0.0,0.0,0.9800000190734864,5.03000020980835,12.039999961853027,16.790000915527344,27.5,25.74608039855957,24.798433303833008,24.437374114990234,58064.26171875,15.652215003967283,12.752921104431152,12.404582977294922,42.06874084472656,riz,0,58064.2578125,0.5643110275268554,-1.0314135551452637,0.4277749955654144,0.1235922873020172,0.0523107498884201,23.898675918579105,0.0432900302112102,4.949135472998023e-06,1.9732991063392546e-07,0.0069573721848428,-4.9840821247926215e-08,-5.216384657558137e-09,38,51.78805923461913,0.0671631321310997,0.5365858078002929,1896213,0,0.68757,0.001,0.68688,0.001,0.68688,0.00196,0.0,300.0,0.01,0.6876,0.001,52.233013,-27.125195,2.282,1.8,11.08,0.03,1.49,-999.0,58064.2578,0.5644,-1.0315,0.4278,0.1234,0.0523,23.8986,0.0433,23.5953,4.9497e-06,1.9735e-07,0.007,-0.0,-0.0,38,0.0674,0.9871,0.8908,1.0,0.9995,1.0,42.9185,0.2096,0.0,-0.2288,1.0,0.0157
1339609,10,0,C2+C3,3,0,53.32391,-28.724577,1.122120022773743,0.0010000000474974,1.121319055557251,0.0010000000474974,1.121319055557251,0.0023464870173484,0,300,0,0,0.0069742212072014,1,1,42756,-9,-9,1.122099995613098,0.0010000000474974,53.323725,-28.724712,0.7590000033378601,1.1670000553131104,-9.0,10.902000427246094,0.0120000001043081,-9999,-9999,1.3969999551773071,0.3190000057220459,-9.501999855041506,0.3203154802322387,0.7639999985694885,-999,23.71999931335449,23.049999237060547,22.319999694824215,21.530000686645508,0.0099999997764825,0.0099999997764825,0.0099999997764825,0.0099999997764825,5.1599998474121085,9.449999809265137,21.75,38.93999862670898,25.71837615966797,25.061420440673828,24.15635299682617,23.524009704589844,57379.07421875,19.78152275085449,16.40265655517578,-99.0,38.85509490966797,iz,0,57372.359375,1.0036406517028809,0.8861241340637207,0.614861786365509,-0.0694160237908363,0.0786425322294235,24.49392509460449,0.0559683330357074,2.860423364836606e-06,1.4745121745818326e-07,0.0123563101515173,-4.3030912166841524e-08,5.374489298048957e-09,39,34.581695556640625,0.6715553402900695,0.3752146661281585,1339609,0,1.12212,0.001,1.12132,0.001,1.12132,0.00235,0.0,300.0,0.01,1.1221,0.001,53.323727000000005,-28.724712,0.759,1.17,10.9,0.01,0.76,-999.0,57372.3594,1.0035,0.8862,0.6148,-0.0696,0.0786,24.494,0.056,24.8677,2.8601e-06,1.4743e-07,0.0123,-0.0,0.0,39,0.6714,0.1571,0.9783,0.9894,0.0877,0.8731,44.1909,0.109,0.0019,0.0048,0.137,0.0
1289306,10,0,E1+E2,3,0,8.238296999999998,-43.782833,0.5437999963760376,0.0010000000474974,0.5426759719848632,0.0010000000474974,0.5426759719848632,0.0018393002683296,0,300,0,0,0.0053335856646299,1,2,-5467,-9,-9,0.5437999963760376,0.0010000000474974,8.238298,-43.782772,0.2199999988079071,0.2339999973773956,-4.266988754272461,10.77299976348877,0.0270000007003545,-9999,-9999,1.0039999485015867,0.1759999990463256,-9.836000442504883,0.1886796206235885,1.184999942779541,-999,23.690000534057617,22.059999465942383,21.280000686645508,20.770000457763672,0.0199999995529651,0.0,0.0,0.0,8.199999809265137,36.700000762939446,74.12000274658203,105.52999877929688,25.215465545654297,23.588335037231445,22.82516098022461,22.441558837890625,57265.23046875,10.943610191345217,10.382450103759766,8.918087005615234,30.462177276611328,riz,0,57266.9765625,0.5863417387008667,-2.786332130432129,0.5896929502487182,-0.0570382103323936,0.0685660019516944,23.30718421936035,0.0693052262067794,8.53348319651559e-06,5.447133162306272e-07,0.0087710143998265,-1.8986447969382425e-07,-2.5218032106977265e-08,99,85.9207992553711,0.8227677345275878,0.9480379223823548,1289306,0,0.5438,0.001,0.54268,0.001,0.54268,0.00184,0.0,300.0,0.01,0.5438,0.001,8.238298,-43.782772,0.22,0.23,10.77,0.03,1.19,-999.0,57266.9766,0.5863,-2.7865,0.5897,-0.0571,0.0686,23.3072,0.0693,23.2438,8.5335e-06,5.4466e-07,0.0087,-0.0,-0.0,99,0.8226,0.9663,0.923,0.9981,0.999,0.9951,42.567,0.1648,0.0001,-0.1883,0.631,0.0
1280240,10,1,C2,3,0,55.229565,-28.688652,0.0599899999797344,0.0010000000474974,0.0596240013837814,0.0010000000474974,0.0596239566802978,0.001457498408854,0,300,0,0,0.0106422817334532,1,1,2289,-9,-9,0.0599999986588954,0.0010000000474974,55.228673,-28.689131,3.302999973297119,1.3899999856948853,-9.0,10.020999908447266,0.0160000007599592,-9999,-9999,0.0049999998882412,4.257999897003174,-10.020000457763672,4.2594990730285645,1.0740000009536743,-999,19.850000381469727,19.11000061035156,18.700000762939453,18.450000762939453,0.0,0.0,0.0,0.0,131.41000366210938,212.0200042724609,305.42999267578125,389.0299987792969,22.203428268432617,21.684057235717773,21.2877197265625,21.025043487548828,57276.35546875,432.3489685058594,431.3130493164063,206.38449096679688,924.822265625,gri,0,57257.703125,0.3316589593887329,0.365439772605896,0.1611163914203643,0.038376796990633,0.0191117711365222,17.997392654418945,0.0259935781359672,0.0011351224966347,2.717593451961875e-05,0.0007021005148999,-1.0345563623559428e-06,-4.432662308317959e-07,20,26.505027770996094,0.1497726589441299,0.1766427904367446,1280240,1,0.05999,0.001,0.05962,0.001,0.05962,0.00146,0.0,300.0,0.01,0.06,0.001,55.228672,-28.689131,3.303,1.39,10.02,0.02,1.07,-999.0,57257.7031,0.3317,0.3655,0.1612,0.0383,0.0191,17.9973,0.026,18.0291,0.0011352,2.7183e-05,0.0007,-0.0,-0.0,20,0.1498,0.87,0.8906,0.9999,0.9993,0.9988,37.3523,0.1374,0.0,-0.0736,1.0,0.0129
1330817,10,0,S2,3,0,41.108952,-1.447716,0.2714399993419647,0.0010000000474974,0.2705079913139343,0.0010000000474974,0.2705080509185791,0.0016175120836123,0,300,0,0,0.0272209253162145,1,1,39351,-9,-9,0.2714000046253204,0.0010000000474974,41.10972,-1.448341,3.562000036239624,3.608000040054321,-9.0,10.54300022125244,0.1199999973177909,-9999,-9999,-0.5270000100135803,9.472999572753906,-10.942999839782717,9.473057746887209,1.5479999780654907,-999,21.93000030517578,20.440000534057617,19.959999084472656,19.61000061035156,0.0,0.0,0.0,0.0,0.5,2.4800000190734863,3.9600000381469727,5.449999809265137,27.5,26.51387023925781,26.005762100219727,25.659008026123047,57311.296875,45.46697998046875,44.582134246826165,41.8170166015625,115.6856689453125,griz,0,57308.9609375,0.2778431177139282,-1.10463285446167,0.243824690580368,-0.0274652522057294,0.0188819840550422,21.617176055908203,0.0223380029201507,4.04696402256377e-05,8.326248348566879e-07,0.0009758184314705,-8.009075713744097e-08,-1.0139474149184481e-08,45,42.84259414672852,0.563764214515686,0.3794217407703399,1330817,0,0.27144,0.001,0.27051,0.001,0.27051,0.00162,0.0,300.0,0.03,0.2714,0.001,41.109718,-1.448341,3.562,3.61,10.54,0.12,1.55,-999.0,57308.9609,0.2778,-1.1042,0.2438,-0.0274,0.0189,21.6172,0.0223,21.5907,4.0469e-05,8.3251e-07,0.001,-0.0,-0.0,45,0.5649,0.9993,0.9978,1.0,0.9999,1.0,40.9139,0.1117,0.0,-0.0468,1.0,0.0066
1256819,10,0,X3,3,0,37.317406,-4.137487,0.5870100259780883,0.0010000000474974,0.5857599973678588,0.0010000000474974,0.5857599973678588,0.0018756309291347,0,300,0,0,0.0257873516529798,1,1,18838,-9,-9,0.5870000123977661,0.0010000000474974,37.317287,-4.137697,0.8690000176429749,1.034000039100647,-9.0,9.357999801635742,0.0189999993890523,-9999,-9999,-0.025000000372529,0.0299999993294477,-9.380000114440918,0.079849861562252,0.3059999942779541,-999,24.75,23.709999084472656,23.299999237060547,23.11000061035156,0.0199999995529651,0.0099999997764825,0.0099999997764825,0.0099999997764825,2.3599998950958248,5.610000133514404,8.229999542236328,10.81999969482422,26.567720413208008,25.627592086791992,25.21150016784668,24.91443252563477,56602.25,25.4985466003418,23.86874008178711,19.579002380371094,60.01255798339844,riz,0,56600.01171875,0.58856600522995,-0.0902243554592132,0.313709557056427,-0.0124453706666827,0.0382755622267723,23.32269859313965,0.034619428217411,8.412413080804981e-06,2.682354534044862e-07,0.0005072554922662,-3.729055819690075e-08,-6.335493907272393e-09,29,17.529315948486328,0.95330673456192,0.0512392632663249,1256819,0,0.58701,0.001,0.58576,0.001,0.58576,0.00188,0.0,300.0,0.03,0.587,0.001,37.317287,-4.137697,0.869,1.03,9.36,0.02,0.31,-999.0,56600.0117,0.5886,-0.0909,0.3137,-0.0125,0.0383,23.3226,0.0346,23.3719,8.413e-06,2.6822e-07,0.0005,-0.0,-0.0,29,0.953,0.9955,0.9715,0.9999,0.9996,0.9997,42.6951,0.1753,0.0,-0.0436,1.0,0.0126
