weighting,mode,field,objects,mean_z,mean_shift,score_gain,information
measurement_only,cleaning,C1,4,0.4715475,-3.527171709863516e-05,0.005824324171546596,9.81861200358164e-06
measurement_only,cleaning,C2,3,0.26530000000000004,0.0005397245737727004,0.19042818309591023,0.00453254482333624
measurement_only,cleaning,C3,13,0.6915553846153847,1.6131033306101667e-05,0.010632685095280736,6.213639325661096e-06
measurement_only,cleaning,E1,4,0.4680225,-2.0910288487316668e-05,-0.000862191188845869,3.846179088713556e-07
measurement_only,cleaning,E2,11,0.4927381818181818,-4.678066265785892e-05,0.0023239213161523544,4.949267514039492e-06
measurement_only,cleaning,S1,5,0.430394,-0.0001579977029149591,0.0007234611936835169,4.570917995782749e-06
measurement_only,cleaning,S2,6,0.41137666666666667,-3.726735278458563e-05,0.002666286673443658,4.755481347770084e-06
measurement_only,cleaning,X1,3,0.52033,-9.750346956288602e-05,-0.0009412646853439804,4.4799580776656437e-07
measurement_only,cleaning,X2,3,0.34292999999999996,-7.364970944288362e-05,0.00018540685304052433,6.087488502450432e-08
measurement_only,cleaning,X3,12,0.6000666666666666,2.083967616457039e-05,-0.002531780236923137,9.408541696937781e-06
measurement_only,direct_replacement,C1,4,0.4715475,-4.273404683942813e-05,0.005917788361110352,1.0108166325818177e-05
measurement_only,direct_replacement,C2,3,0.26530000000000004,0.0005400843923087168,0.1915239028299097,0.0045848788435674855
measurement_only,direct_replacement,C3,13,0.6915553846153847,1.9049882376016265e-05,0.010173346583740644,6.205497210772383e-06
measurement_only,direct_replacement,E1,4,0.4680225,-1.9162181522218183e-05,-0.0007791523550688862,3.1370218132630243e-07
measurement_only,direct_replacement,E2,11,0.4927381818181818,-4.852020021370623e-05,0.0023062822069619304,4.987910085345772e-06
measurement_only,direct_replacement,S1,5,0.430394,-0.00015748914320392723,0.0007027184646357731,4.1950198499433855e-06
measurement_only,direct_replacement,S2,6,0.41137666666666667,-3.1426209195948054e-05,0.0023201670897053414,4.788956765510081e-06
measurement_only,direct_replacement,X1,3,0.52033,-9.708453188024225e-05,-0.0009313351607777183,4.4324612417591675e-07
measurement_only,direct_replacement,X2,3,0.34292999999999996,-7.494410119220767e-05,1.0356658213643658e-05,6.342281739427536e-08
measurement_only,direct_replacement,X3,12,0.6000666666666666,2.5105813145959252e-05,-0.0021924921334109298,9.194551601173324e-06
measurement_only,resampling,C1,4,0.4715475,-7.4623297407931544e-06,9.360297627922657e-05,1.198089132432157e-08
measurement_only,resampling,C2,3,0.26530000000000004,3.5981853601610674e-07,0.0011218112768147013,1.509346007185349e-07
measurement_only,resampling,C3,13,0.6915553846153847,2.9188490699145685e-06,-0.00045935573600528005,2.630681555046611e-08
measurement_only,resampling,E1,4,0.4680225,1.7481069650983393e-06,8.300127787487881e-05,4.196076646978958e-09
measurement_only,resampling,E2,11,0.4927381818181818,-1.73953755584731e-06,-1.7621796558164992e-05,4.017306784379416e-09
measurement_only,resampling,S1,5,0.430394,5.085597110314494e-07,-2.0935959211591112e-05,1.0562181861785393e-08
measurement_only,resampling,S2,6,0.41137666666666667,5.841143588637525e-06,-0.00034617796491856565,1.5023777826100546e-07
measurement_only,resampling,X1,3,0.52033,4.189376826436135e-07,9.927140947148897e-06,1.7554628376898467e-11
measurement_only,resampling,X2,3,0.34292999999999996,-1.2943917493241465e-06,-0.00017505131148073022,4.781240080563448e-09
measurement_only,resampling,X3,12,0.6000666666666666,4.266136981388832e-06,0.0003391765711194423,9.074689790966434e-09
measurement_plus_model,cleaning,C1,4,0.4715475,-3.6321070731301214e-05,0.001390033076614427,3.0319374997119544e-06
measurement_plus_model,cleaning,C2,3,0.26530000000000004,0.0006027000443885817,-0.0006624501796160652,7.773718758868346e-05
measurement_plus_model,cleaning,C3,13,0.6915553846153847,1.8333283175446297e-05,-0.0002618632322410767,3.0383737437560232e-06
measurement_plus_model,cleaning,E1,4,0.4680225,-2.0534606556366227e-05,-0.0002495654137298893,1.435900800055829e-07
measurement_plus_model,cleaning,E2,11,0.4927381818181818,-4.7553005833487864e-05,0.0007779778249918687,3.033352400879439e-06
measurement_plus_model,cleaning,S1,5,0.430394,-0.00015586435329474857,0.000992323690340738,2.4246223762913026e-06
measurement_plus_model,cleaning,S2,6,0.41137666666666667,-3.824057284869167e-05,1.872811568511793e-05,1.3319676924035716e-06
measurement_plus_model,cleaning,X1,3,0.52033,-9.862525977590867e-05,-0.0007198281269456873,3.708014443883977e-07
measurement_plus_model,cleaning,X2,3,0.34292999999999996,-7.370862580162231e-05,8.235178848421531e-05,4.645668475573065e-08
measurement_plus_model,cleaning,X3,12,0.6000666666666666,2.1577401897028146e-05,-0.00046637501277724806,6.296368499881221e-06
measurement_plus_model,direct_replacement,C1,4,0.4715475,-4.3816061529088765e-05,0.0013925953695905107,3.0668951614001646e-06
measurement_plus_model,direct_replacement,C2,3,0.26530000000000004,0.0006034073935330795,-0.0006588086757313836,7.862994742955065e-05
measurement_plus_model,direct_replacement,C3,13,0.6915553846153847,2.0877132680308872e-05,-0.0003126326934811187,3.0915292820477744e-06
measurement_plus_model,direct_replacement,E1,4,0.4680225,-1.882281318562897e-05,-0.0002313296932882892,1.2093793772338935e-07
measurement_plus_model,direct_replacement,E2,11,0.4927381818181818,-4.929754874095729e-05,0.0007652464595389771,3.062086871105745e-06
measurement_plus_model,direct_replacement,S1,5,0.430394,-0.00015549158722778103,0.000952572994716174,2.2399844452604236e-06
measurement_plus_model,direct_replacement,S2,6,0.41137666666666667,-3.236414515944956e-05,-1.2941689731396163e-05,1.739850194506995e-06
measurement_plus_model,direct_replacement,X1,3,0.52033,-9.820068040579101e-05,-0.0007115493269030287,3.669307815329925e-07
measurement_plus_model,direct_replacement,X2,3,0.34292999999999996,-7.499651250201622e-05,-2.6251590253844e-05,5.063492233237212e-08
measurement_plus_model,direct_replacement,X3,12,0.6000666666666666,2.5869063730377755e-05,-0.0003926787079777601,6.223067064687838e-06
measurement_plus_model,resampling,C1,4,0.4715475,-7.494990797787729e-06,2.576191334361112e-06,7.1609451407405e-09
measurement_plus_model,resampling,C2,3,0.26530000000000004,7.073491444975083e-07,4.0862940421479855e-06,3.1795259330155667e-09
measurement_plus_model,resampling,C3,13,0.6915553846153847,2.5438495048625465e-06,-5.075109547059783e-05,1.6423999414887304e-08
measurement_plus_model,resampling,E1,4,0.4680225,1.7117933707371126e-06,1.822366597915745e-05,1.4567825993812443e-09
measurement_plus_model,resampling,E2,11,0.4927381818181818,-1.7445429074694272e-06,-1.271871865557624e-05,3.4408755954336033e-09
measurement_plus_model,resampling,S1,5,0.430394,3.727660669671146e-07,-3.984583318670417e-05,5.637193258173197e-09
measurement_plus_model,resampling,S2,6,0.41137666666666667,5.876427689242061e-06,-3.150512279169734e-05,7.851725247185536e-08
measurement_plus_model,resampling,X1,3,0.52033,4.2457937011748675e-07,8.276857361527976e-06,1.4699399782848682e-11
measurement_plus_model,resampling,X2,3,0.34292999999999996,-1.2878867003939963e-06,-0.00010860277259968,2.9659608251650207e-09
measurement_plus_model,resampling,X3,12,0.6000666666666666,4.291661833349583e-06,7.365865973759063e-05,1.988688602020646e-09
