arm,law,transport,stage,support_source,field,n,weighted_a,weighted_I,weighted_G
P21,approx_minus99,field_z,pre_classifier_quality,own_stage,C1,13,-9.6395304908980624,20.517437439095126,-19.89824921044562
P21,approx_minus99,field_z,pre_classifier_quality,own_stage,C2,13,-19.200804840195115,18.078398383268464,-28.240004031829343
P21,approx_minus99,field_z,pre_classifier_quality,own_stage,C3,27,15.723527003368501,48.445765332259519,-8.4993556627612499
P21,approx_minus99,field_z,pre_classifier_quality,own_stage,E1,15,13.243851353390069,20.788259986735863,2.8497213600221372
P21,approx_minus99,field_z,pre_classifier_quality,own_stage,E2,12,4.7576049446344708,11.778805201799793,-1.1317976562654231
P21,approx_minus99,field_z,pre_classifier_quality,own_stage,S1,15,3.8022754266251475,8.9956543775959386,-0.69555176217282266
P21,approx_minus99,field_z,pre_classifier_quality,own_stage,S2,16,15.023882292823764,18.842710851495564,5.6025268670759782
P21,approx_minus99,field_z,pre_classifier_quality,own_stage,X1,16,1.8861837798584231,11.606264072007429,-3.916948256145294
P21,approx_minus99,field_z,pre_classifier_quality,own_stage,X2,14,3.673281374388222,21.591037504889616,-7.1222373780565889
P21,approx_minus99,field_z,pre_classifier_quality,own_stage,X3,20,-15.780909890907338,56.502159938630072,-44.031989860222367
G10,approx_minus99,field_z,pre_classifier_quality,own_stage,C1,12,5.2417314784886733,28.957697095841468,-9.2371170694320615
G10,approx_minus99,field_z,pre_classifier_quality,own_stage,C2,15,8.2949760880551402,16.737711205883464,-0.073879514886592945
G10,approx_minus99,field_z,pre_classifier_quality,own_stage,C3,28,10.562510427723524,64.689639490945737,-21.782309317749355
G10,approx_minus99,field_z,pre_classifier_quality,own_stage,E1,15,-36.147711800190365,25.282261058227412,-48.788842329304082
G10,approx_minus99,field_z,pre_classifier_quality,own_stage,E2,14,6.630764551497041,17.424962778828363,-2.0817168379171491
G10,approx_minus99,field_z,pre_classifier_quality,own_stage,S1,14,16.096043816792317,10.252261050643961,10.969913291470338
G10,approx_minus99,field_z,pre_classifier_quality,own_stage,S2,15,-9.207701782889588,20.146313282244094,-19.28085842401164
G10,approx_minus99,field_z,pre_classifier_quality,own_stage,X1,14,-1.7128869493901593,15.975074248380762,-9.7004240735805407
G10,approx_minus99,field_z,pre_classifier_quality,own_stage,X2,14,-36.259274008037472,20.574040852304289,-46.546294434189605
G10,approx_minus99,field_z,pre_classifier_quality,own_stage,X3,18,16.731537498043323,62.093819636373851,-14.315372320143622
P21,approx_minus99,field_z,post_classifier_quality,own_stage,C1,9,-7.3685703593185377,18.469578913788325,-16.603359816212702
P21,approx_minus99,field_z,post_classifier_quality,own_stage,C2,10,-16.726131403697817,17.173734200045828,-25.312998503720731
P21,approx_minus99,field_z,post_classifier_quality,own_stage,C3,10,11.743323337790191,51.433672430597525,-13.973512877508568
P21,approx_minus99,field_z,post_classifier_quality,own_stage,E1,11,19.766779608867779,12.016572056918768,13.758493580408398
P21,approx_minus99,field_z,post_classifier_quality,own_stage,E2,8,8.6427999606651706,8.927730685182464,4.1789346180739377
P21,approx_minus99,field_z,post_classifier_quality,own_stage,S1,11,0.5009928718326595,8.1507813424251179,-3.5743977993798985
P21,approx_minus99,field_z,post_classifier_quality,own_stage,S2,13,11.211986386826151,17.982241074240818,2.2208658497057394
P21,approx_minus99,field_z,post_classifier_quality,own_stage,X1,12,-3.2344641564629937,9.79832180308013,-8.1336250580030587
P21,approx_minus99,field_z,post_classifier_quality,own_stage,X2,9,-6.2757100665118868,19.778049009743,-16.164734571383388
P21,approx_minus99,field_z,post_classifier_quality,own_stage,X3,15,-23.924016832664698,51.00989587760165,-49.42896477146553
G10,approx_minus99,field_z,post_classifier_quality,own_stage,C1,9,11.109376340731037,27.022653653596883,-2.4019504860674061
G10,approx_minus99,field_z,post_classifier_quality,own_stage,C2,9,11.635926240621794,16.180845576580353,3.5455034523316131
G10,approx_minus99,field_z,post_classifier_quality,own_stage,C3,14,10.647791899146693,68.727382307833977,-23.715899254770299
G10,approx_minus99,field_z,post_classifier_quality,own_stage,E1,10,-13.002798505407938,16.499118801973594,-21.252357906394739
G10,approx_minus99,field_z,post_classifier_quality,own_stage,E2,7,27.646330789209941,11.431042175452284,21.930809701483799
G10,approx_minus99,field_z,post_classifier_quality,own_stage,S1,8,16.194001031710528,10.113850807034041,11.137075628193507
G10,approx_minus99,field_z,post_classifier_quality,own_stage,S2,11,-3.7136454085878428,20.743261360455914,-14.085276088815803
G10,approx_minus99,field_z,post_classifier_quality,own_stage,X1,12,-3.5932118988424784,13.507032623738594,-10.346728210711778
G10,approx_minus99,field_z,post_classifier_quality,own_stage,X2,10,-27.752633060929199,19.332832619848457,-37.419049370853429
G10,approx_minus99,field_z,post_classifier_quality,own_stage,X3,11,28.454210614427595,66.740353400174016,-4.9159660856594352
P21,approx_minus99,field_z,post_classifier_p21_nonnegative,own_stage,C1,8,-5.6714571938184033,18.801839616413695,-15.072377002025251
P21,approx_minus99,field_z,post_classifier_p21_nonnegative,own_stage,C2,9,-16.493820251768586,18.570328522598505,-25.77898451306784
P21,approx_minus99,field_z,post_classifier_p21_nonnegative,own_stage,C3,10,11.743323337790191,51.433672430597525,-13.973512877508568
P21,approx_minus99,field_z,post_classifier_p21_nonnegative,own_stage,E1,9,18.919218446374924,12.582332862680651,12.628052015034598
P21,approx_minus99,field_z,post_classifier_p21_nonnegative,own_stage,E2,8,8.6427999606651706,8.927730685182464,4.1789346180739377
P21,approx_minus99,field_z,post_classifier_p21_nonnegative,own_stage,S1,11,0.5009928718326595,8.1507813424251179,-3.5743977993798985
P21,approx_minus99,field_z,post_classifier_p21_nonnegative,own_stage,S2,13,11.211986386826151,17.982241074240818,2.2208658497057394
P21,approx_minus99,field_z,post_classifier_p21_nonnegative,own_stage,X1,12,-3.2344641564629937,9.79832180308013,-8.1336250580030587
P21,approx_minus99,field_z,post_classifier_p21_nonnegative,own_stage,X2,8,-8.7751275708831553,19.350147379741124,-18.450201260753715
P21,approx_minus99,field_z,post_classifier_p21_nonnegative,own_stage,X3,14,-17.956685957539122,49.35906569140765,-42.636218803242954
G10,approx_minus99,field_z,post_classifier_p21_nonnegative,own_stage,C1,9,11.109376340731037,27.022653653596883,-2.4019504860674061
G10,approx_minus99,field_z,post_classifier_p21_nonnegative,own_stage,C2,9,11.635926240621794,16.180845576580353,3.5455034523316131
G10,approx_minus99,field_z,post_classifier_p21_nonnegative,own_stage,C3,14,10.647791899146693,68.727382307833977,-23.715899254770299
G10,approx_minus99,field_z,post_classifier_p21_nonnegative,own_stage,E1,10,-13.002798505407938,16.499118801973594,-21.252357906394739
G10,approx_minus99,field_z,post_classifier_p21_nonnegative,own_stage,E2,7,27.646330789209941,11.431042175452284,21.930809701483799
G10,approx_minus99,field_z,post_classifier_p21_nonnegative,own_stage,S1,8,16.194001031710528,10.113850807034041,11.137075628193507
G10,approx_minus99,field_z,post_classifier_p21_nonnegative,own_stage,S2,11,-3.7136454085878428,20.743261360455914,-14.085276088815803
G10,approx_minus99,field_z,post_classifier_p21_nonnegative,own_stage,X1,12,-3.5932118988424784,13.507032623738594,-10.346728210711778
G10,approx_minus99,field_z,post_classifier_p21_nonnegative,own_stage,X2,10,-27.752633060929199,19.332832619848457,-37.419049370853429
G10,approx_minus99,field_z,post_classifier_p21_nonnegative,own_stage,X3,11,28.454210614427595,66.740353400174016,-4.9159660856594352
P21,approx_minus99,field_z,pre_classifier_quality,post_classifier_common,C1,10,-6.8842665931517741,18.462016652835416,-16.115274919569483
P21,approx_minus99,field_z,pre_classifier_quality,post_classifier_common,C2,11,-16.388612237521645,16.811552648967446,-24.794388562005359
P21,approx_minus99,field_z,pre_classifier_quality,post_classifier_common,C3,14,15.898274442427359,43.783063042646454,-5.9932570788958754
P21,approx_minus99,field_z,pre_classifier_quality,post_classifier_common,E1,11,19.766779608867779,12.016572056918768,13.758493580408398
P21,approx_minus99,field_z,pre_classifier_quality,post_classifier_common,E2,10,4.2156294865078827,8.0602245598442757,0.18551720658574228
P21,approx_minus99,field_z,pre_classifier_quality,post_classifier_common,S1,12,3.2887678948157326,7.9986046243581645,-0.7105344173633501
P21,approx_minus99,field_z,pre_classifier_quality,post_classifier_common,S2,14,12.244659949182378,18.211664297839629,3.1388278002625611
P21,approx_minus99,field_z,pre_classifier_quality,post_classifier_common,X1,14,-1.4165014717092439,9.1366421684959853,-5.9848225559572388
P21,approx_minus99,field_z,pre_classifier_quality,post_classifier_common,X2,11,-7.8308345123942207,19.038007406893904,-17.349838215841171
P21,approx_minus99,field_z,pre_classifier_quality,post_classifier_common,X3,16,-24.08816324113825,50.855744578001122,-49.516035530138815
G10,approx_minus99,field_z,pre_classifier_quality,post_classifier_common,C1,10,11.241319963456203,26.136545382258387,-1.8269527276729949
G10,approx_minus99,field_z,pre_classifier_quality,post_classifier_common,C2,12,10.892667781067709,14.32546349715115,3.7299360324921311
G10,approx_minus99,field_z,pre_classifier_quality,post_classifier_common,C3,18,-4.7921772444417536,55.097661838440182,-32.341008163661847
G10,approx_minus99,field_z,pre_classifier_quality,post_classifier_common,E1,12,-10.518244609079339,14.103962937615268,-17.570226077886975
G10,approx_minus99,field_z,pre_classifier_quality,post_classifier_common,E2,11,6.4060485422311171,8.0337241078824118,2.3891864882899068
G10,approx_minus99,field_z,pre_classifier_quality,post_classifier_common,S1,12,13.55318135110946,8.7377139601016705,9.1843243710586275
G10,approx_minus99,field_z,pre_classifier_quality,post_classifier_common,S2,13,-4.9220107381472822,19.608574893761471,-14.726298185028019
G10,approx_minus99,field_z,pre_classifier_quality,post_classifier_common,X1,12,-3.5932118988424784,13.507032623738594,-10.346728210711778
G10,approx_minus99,field_z,pre_classifier_quality,post_classifier_common,X2,12,-28.082744359219763,18.727852620306017,-37.446670669372779
G10,approx_minus99,field_z,pre_classifier_quality,post_classifier_common,X3,15,16.798908939735043,59.843748577374342,-13.122965348952137
P21,approx_minus99,field_z,post_classifier_quality,post_classifier_common,C1,9,-7.3685703593185377,18.469578913788325,-16.603359816212702
P21,approx_minus99,field_z,post_classifier_quality,post_classifier_common,C2,10,-16.726131403697817,17.173734200045828,-25.312998503720731
P21,approx_minus99,field_z,post_classifier_quality,post_classifier_common,C3,10,11.743323337790191,51.433672430597525,-13.973512877508568
P21,approx_minus99,field_z,post_classifier_quality,post_classifier_common,E1,11,19.766779608867779,12.016572056918768,13.758493580408398
P21,approx_minus99,field_z,post_classifier_quality,post_classifier_common,E2,8,8.6427999606651706,8.927730685182464,4.1789346180739377
P21,approx_minus99,field_z,post_classifier_quality,post_classifier_common,S1,11,0.5009928718326595,8.1507813424251179,-3.5743977993798985
P21,approx_minus99,field_z,post_classifier_quality,post_classifier_common,S2,13,11.211986386826151,17.982241074240818,2.2208658497057394
P21,approx_minus99,field_z,post_classifier_quality,post_classifier_common,X1,12,-3.2344641564629937,9.79832180308013,-8.1336250580030587
P21,approx_minus99,field_z,post_classifier_quality,post_classifier_common,X2,9,-6.2757100665118868,19.778049009743,-16.164734571383388
P21,approx_minus99,field_z,post_classifier_quality,post_classifier_common,X3,15,-23.924016832664698,51.00989587760165,-49.42896477146553
G10,approx_minus99,field_z,post_classifier_quality,post_classifier_common,C1,9,11.109376340731037,27.022653653596883,-2.4019504860674061
G10,approx_minus99,field_z,post_classifier_quality,post_classifier_common,C2,9,11.635926240621794,16.180845576580353,3.5455034523316131
G10,approx_minus99,field_z,post_classifier_quality,post_classifier_common,C3,14,10.647791899146693,68.727382307833977,-23.715899254770299
G10,approx_minus99,field_z,post_classifier_quality,post_classifier_common,E1,10,-13.002798505407938,16.499118801973594,-21.252357906394739
G10,approx_minus99,field_z,post_classifier_quality,post_classifier_common,E2,7,27.646330789209941,11.431042175452284,21.930809701483799
G10,approx_minus99,field_z,post_classifier_quality,post_classifier_common,S1,8,16.194001031710528,10.113850807034041,11.137075628193507
G10,approx_minus99,field_z,post_classifier_quality,post_classifier_common,S2,11,-3.7136454085878428,20.743261360455914,-14.085276088815803
G10,approx_minus99,field_z,post_classifier_quality,post_classifier_common,X1,12,-3.5932118988424784,13.507032623738594,-10.346728210711778
G10,approx_minus99,field_z,post_classifier_quality,post_classifier_common,X2,10,-27.752633060929199,19.332832619848457,-37.419049370853429
G10,approx_minus99,field_z,post_classifier_quality,post_classifier_common,X3,11,28.454210614427595,66.740353400174016,-4.9159660856594352
P21,approx_minus99,field_z_snr15,pre_classifier_quality,own_stage,C1,13,-7.2006508903304463,18.129521496449819,-16.265411638555356
P21,approx_minus99,field_z_snr15,pre_classifier_quality,own_stage,C2,12,-21.75277560238635,22.542186417107938,-33.023868810940314
P21,approx_minus99,field_z_snr15,pre_classifier_quality,own_stage,C3,25,15.954955258667887,53.360517793225874,-10.72530363794505
P21,approx_minus99,field_z_snr15,pre_classifier_quality,own_stage,E1,11,13.486699896826622,19.798910857321324,3.5872444681659612
P21,approx_minus99,field_z_snr15,pre_classifier_quality,own_stage,E2,8,6.3681577366638979,6.7356735034583748,3.000320984934707
P21,approx_minus99,field_z_snr15,pre_classifier_quality,own_stage,S1,14,2.7883436326996032,9.6792454216397452,-2.0512790781202703
P21,approx_minus99,field_z_snr15,pre_classifier_quality,own_stage,S2,16,18.009656679470172,19.396689054662737,8.3113121521388003
P21,approx_minus99,field_z_snr15,pre_classifier_quality,own_stage,X1,16,0.16541972799564597,11.48359649324939,-5.5763785186290464
P21,approx_minus99,field_z_snr15,pre_classifier_quality,own_stage,X2,12,4.1682039926245338,21.32200486941726,-6.492798442084097
P21,approx_minus99,field_z_snr15,pre_classifier_quality,own_stage,X3,16,-23.471167543718167,50.25941461017068,-48.600874848803514
G10,approx_minus99,field_z_snr15,pre_classifier_quality,own_stage,C1,12,5.2259662624860557,25.244961409943777,-7.3965144424858371
G10,approx_minus99,field_z_snr15,pre_classifier_quality,own_stage,C2,14,8.3345974225557686,17.801037146915604,-0.56592115090203721
G10,approx_minus99,field_z_snr15,pre_classifier_quality,own_stage,C3,28,0.61917121185532964,67.559980167308524,-33.160818871798938
G10,approx_minus99,field_z_snr15,pre_classifier_quality,own_stage,E1,11,-33.168664681138068,24.570403237193847,-45.453866299735004
G10,approx_minus99,field_z_snr15,pre_classifier_quality,own_stage,E2,10,1.7307164357551961,8.7342353618857942,-2.6364012451877006
G10,approx_minus99,field_z_snr15,pre_classifier_quality,own_stage,S1,14,15.827013142328759,9.7199171244861233,10.967054580085698
G10,approx_minus99,field_z_snr15,pre_classifier_quality,own_stage,S2,15,-9.023543027388893,21.738760871655117,-19.892923463216455
G10,approx_minus99,field_z_snr15,pre_classifier_quality,own_stage,X1,14,-11.984791104623387,15.756042597640279,-19.862812403443527
G10,approx_minus99,field_z_snr15,pre_classifier_quality,own_stage,X2,14,-32.53235346977371,19.303419487132757,-42.184063213340082
G10,approx_minus99,field_z_snr15,pre_classifier_quality,own_stage,X3,15,17.214553542400875,58.957661477094668,-12.264277196146468
P21,approx_minus99,field_z_snr15,post_classifier_quality,own_stage,C1,9,-6.3517624479102963,17.142525312438352,-14.923025104129476
P21,approx_minus99,field_z_snr15,post_classifier_quality,own_stage,C2,9,-20.68419846722578,22.270945101035821,-31.819671017743694
P21,approx_minus99,field_z_snr15,post_classifier_quality,own_stage,C3,10,11.743323337790191,51.433672430597525,-13.973512877508568
P21,approx_minus99,field_z_snr15,post_classifier_quality,own_stage,E1,6,22.041849354101078,10.224992266686533,16.929353220757811
P21,approx_minus99,field_z_snr15,post_classifier_quality,own_stage,E2,7,5.5140018467419516,6.8054786675532108,2.1112625129653453
P21,approx_minus99,field_z_snr15,post_classifier_quality,own_stage,S1,9,4.0389936180925687,8.3897357642936754,-0.15587426405427074
P21,approx_minus99,field_z_snr15,post_classifier_quality,own_stage,S2,13,15.318267195606339,18.728453576347697,5.9540404074324922
P21,approx_minus99,field_z_snr15,post_classifier_quality,own_stage,X1,11,-1.8902360139888845,9.5549999678820576,-6.6677359979299151
P21,approx_minus99,field_z_snr15,post_classifier_quality,own_stage,X2,8,-3.4721907202865201,19.728794094955067,-13.336587767764053
P21,approx_minus99,field_z_snr15,post_classifier_quality,own_stage,X3,15,-23.307021135244625,50.413565909771208,-48.513804090130229
G10,approx_minus99,field_z_snr15,post_classifier_quality,own_stage,C1,9,7.9970493260354996,24.765996271484006,-4.3859488097065045
G10,approx_minus99,field_z_snr15,post_classifier_quality,own_stage,C2,9,10.819837807780981,17.816789277996747,1.9114431687826037
G10,approx_minus99,field_z_snr15,post_classifier_quality,own_stage,C3,14,10.647791899146693,68.727382307833977,-23.715899254770299
G10,approx_minus99,field_z_snr15,post_classifier_quality,own_stage,E1,7,-5.8337408623266862,12.041460904491036,-11.854471314572205
G10,approx_minus99,field_z_snr15,post_classifier_quality,own_stage,E2,7,20.63899231149211,10.747182604798564,15.26540100909283
G10,approx_minus99,field_z_snr15,post_classifier_quality,own_stage,S1,7,19.720504262639608,9.283667729624888,15.078670397827159
G10,approx_minus99,field_z_snr15,post_classifier_quality,own_stage,S2,11,-4.6163508410210774,21.614717725291118,-15.423709703666638
G10,approx_minus99,field_z_snr15,post_classifier_quality,own_stage,X1,10,-15.59127999396841,13.478018995506298,-22.330289491721555
G10,approx_minus99,field_z_snr15,post_classifier_quality,own_stage,X2,10,-26.663302731961469,18.657755845644111,-35.992180654783532
G10,approx_minus99,field_z_snr15,post_classifier_quality,own_stage,X3,11,28.208771751977238,65.723965144662159,-4.6532108203538636
P21,approx_minus99,field_z_snr15,post_classifier_p21_nonnegative,own_stage,C1,8,-4.654649282410162,17.474786015063721,-13.392042289942024
P21,approx_minus99,field_z_snr15,post_classifier_p21_nonnegative,own_stage,C2,7,-18.279781359016923,21.620250220058825,-29.089906469046337
P21,approx_minus99,field_z_snr15,post_classifier_p21_nonnegative,own_stage,C3,10,11.743323337790191,51.433672430597525,-13.973512877508568
P21,approx_minus99,field_z_snr15,post_classifier_p21_nonnegative,own_stage,E1,5,24.956239055727547,10.408877769235623,19.751800171109739
P21,approx_minus99,field_z_snr15,post_classifier_p21_nonnegative,own_stage,E2,7,5.5140018467419516,6.8054786675532108,2.1112625129653453
P21,approx_minus99,field_z_snr15,post_classifier_p21_nonnegative,own_stage,S1,9,4.0389936180925687,8.3897357642936754,-0.15587426405427074
P21,approx_minus99,field_z_snr15,post_classifier_p21_nonnegative,own_stage,S2,13,15.318267195606339,18.728453576347697,5.9540404074324922
P21,approx_minus99,field_z_snr15,post_classifier_p21_nonnegative,own_stage,X1,11,-1.8902360139888845,9.5549999678820576,-6.6677359979299151
P21,approx_minus99,field_z_snr15,post_classifier_p21_nonnegative,own_stage,X2,7,-5.8854214141622254,19.315647693573951,-15.543245260949199
P21,approx_minus99,field_z_snr15,post_classifier_p21_nonnegative,own_stage,X3,14,-17.339690260119045,48.762735723577208,-41.72105812190766
G10,approx_minus99,field_z_snr15,post_classifier_p21_nonnegative,own_stage,C1,9,7.9970493260354996,24.765996271484006,-4.3859488097065045
G10,approx_minus99,field_z_snr15,post_classifier_p21_nonnegative,own_stage,C2,7,8.8185754533599194,17.081890475925555,0.27763021539713817
G10,approx_minus99,field_z_snr15,post_classifier_p21_nonnegative,own_stage,C3,14,10.647791899146693,68.727382307833977,-23.715899254770299
G10,approx_minus99,field_z_snr15,post_classifier_p21_nonnegative,own_stage,E1,7,-5.8337408623266862,12.041460904491036,-11.854471314572205
G10,approx_minus99,field_z_snr15,post_classifier_p21_nonnegative,own_stage,E2,7,20.63899231149211,10.747182604798564,15.26540100909283
G10,approx_minus99,field_z_snr15,post_classifier_p21_nonnegative,own_stage,S1,7,19.720504262639608,9.283667729624888,15.078670397827159
G10,approx_minus99,field_z_snr15,post_classifier_p21_nonnegative,own_stage,S2,11,-4.6163508410210774,21.614717725291118,-15.423709703666638
G10,approx_minus99,field_z_snr15,post_classifier_p21_nonnegative,own_stage,X1,10,-15.59127999396841,13.478018995506298,-22.330289491721555
G10,approx_minus99,field_z_snr15,post_classifier_p21_nonnegative,own_stage,X2,10,-26.663302731961469,18.657755845644111,-35.992180654783532
G10,approx_minus99,field_z_snr15,post_classifier_p21_nonnegative,own_stage,X3,11,28.208771751977238,65.723965144662159,-4.6532108203538636
P21,approx_minus99,field_z_snr15,pre_classifier_quality,post_classifier_common,C1,10,-5.8674586817435328,17.134963051485443,-14.434940207486259
P21,approx_minus99,field_z_snr15,pre_classifier_quality,post_classifier_common,C2,10,-20.346679301049615,21.908763549957431,-31.301061076028326
P21,approx_minus99,field_z_snr15,pre_classifier_quality,post_classifier_common,C3,12,11.456976322771251,46.954389811887928,-12.020218583172714
P21,approx_minus99,field_z_snr15,pre_classifier_quality,post_classifier_common,E1,6,22.041849354101078,10.224992266686533,16.929353220757811
P21,approx_minus99,field_z_snr15,pre_classifier_quality,post_classifier_common,E2,8,6.3681577366638979,6.7356735034583748,3.000320984934707
P21,approx_minus99,field_z_snr15,pre_classifier_quality,post_classifier_common,S1,9,4.0389936180925687,8.3897357642936754,-0.15587426405427074
P21,approx_minus99,field_z_snr15,pre_classifier_quality,post_classifier_common,S2,14,15.230434335828789,18.765642501006802,5.8476130853253849
P21,approx_minus99,field_z_snr15,pre_classifier_quality,post_classifier_common,X1,11,-1.8902360139888845,9.5549999678820576,-6.6677359979299151
P21,approx_minus99,field_z_snr15,pre_classifier_quality,post_classifier_common,X2,9,-3.6249067693893773,19.592532867549195,-13.421173203163974
P21,approx_minus99,field_z_snr15,pre_classifier_quality,post_classifier_common,X3,16,-23.471167543718167,50.25941461017068,-48.600874848803514
G10,approx_minus99,field_z_snr15,pre_classifier_quality,post_classifier_common,C1,10,8.1289929487606649,23.87988800014551,-3.8109510513120934
G10,approx_minus99,field_z_snr15,pre_classifier_quality,post_classifier_common,C2,11,9.6334432690620542,16.59491329254945,1.3359866227873238
G10,approx_minus99,field_z_snr15,pre_classifier_quality,post_classifier_common,C3,18,-4.7921772444417536,55.097661838440182,-32.341008163661847
G10,approx_minus99,field_z_snr15,pre_classifier_quality,post_classifier_common,E1,7,-5.8337408623266862,12.041460904491036,-11.854471314572205
G10,approx_minus99,field_z_snr15,pre_classifier_quality,post_classifier_common,E2,10,1.7307164357551961,8.7342353618857942,-2.6364012451877006
G10,approx_minus99,field_z_snr15,pre_classifier_quality,post_classifier_common,S1,10,15.328560282274996,8.0678527675046219,11.294633898522687
G10,approx_minus99,field_z_snr15,pre_classifier_quality,post_classifier_common,S2,13,-4.737851982646589,21.20102248317249,-15.338363224232836
G10,approx_minus99,field_z_snr15,pre_classifier_quality,post_classifier_common,X1,10,-15.59127999396841,13.478018995506298,-22.330289491721555
G10,approx_minus99,field_z_snr15,pre_classifier_quality,post_classifier_common,X2,12,-26.993414030252033,18.052775846101671,-36.019801953302867
G10,approx_minus99,field_z_snr15,pre_classifier_quality,post_classifier_common,X3,15,17.214553542400875,58.957661477094668,-12.264277196146468
P21,approx_minus99,field_z_snr15,post_classifier_quality,post_classifier_common,C1,9,-6.3517624479102963,17.142525312438352,-14.923025104129476
P21,approx_minus99,field_z_snr15,post_classifier_quality,post_classifier_common,C2,9,-20.68419846722578,22.270945101035821,-31.819671017743694
P21,approx_minus99,field_z_snr15,post_classifier_quality,post_classifier_common,C3,10,11.743323337790191,51.433672430597525,-13.973512877508568
P21,approx_minus99,field_z_snr15,post_classifier_quality,post_classifier_common,E1,6,22.041849354101078,10.224992266686533,16.929353220757811
P21,approx_minus99,field_z_snr15,post_classifier_quality,post_classifier_common,E2,7,5.5140018467419516,6.8054786675532108,2.1112625129653453
P21,approx_minus99,field_z_snr15,post_classifier_quality,post_classifier_common,S1,9,4.0389936180925687,8.3897357642936754,-0.15587426405427074
P21,approx_minus99,field_z_snr15,post_classifier_quality,post_classifier_common,S2,13,15.318267195606339,18.728453576347697,5.9540404074324922
P21,approx_minus99,field_z_snr15,post_classifier_quality,post_classifier_common,X1,11,-1.8902360139888845,9.5549999678820576,-6.6677359979299151
P21,approx_minus99,field_z_snr15,post_classifier_quality,post_classifier_common,X2,8,-3.4721907202865201,19.728794094955067,-13.336587767764053
P21,approx_minus99,field_z_snr15,post_classifier_quality,post_classifier_common,X3,15,-23.307021135244625,50.413565909771208,-48.513804090130229
G10,approx_minus99,field_z_snr15,post_classifier_quality,post_classifier_common,C1,9,7.9970493260354996,24.765996271484006,-4.3859488097065045
G10,approx_minus99,field_z_snr15,post_classifier_quality,post_classifier_common,C2,9,10.819837807780981,17.816789277996747,1.9114431687826037
G10,approx_minus99,field_z_snr15,post_classifier_quality,post_classifier_common,C3,14,10.647791899146693,68.727382307833977,-23.715899254770299
G10,approx_minus99,field_z_snr15,post_classifier_quality,post_classifier_common,E1,7,-5.8337408623266862,12.041460904491036,-11.854471314572205
G10,approx_minus99,field_z_snr15,post_classifier_quality,post_classifier_common,E2,7,20.63899231149211,10.747182604798564,15.26540100909283
G10,approx_minus99,field_z_snr15,post_classifier_quality,post_classifier_common,S1,7,19.720504262639608,9.283667729624888,15.078670397827159
G10,approx_minus99,field_z_snr15,post_classifier_quality,post_classifier_common,S2,11,-4.6163508410210774,21.614717725291118,-15.423709703666638
G10,approx_minus99,field_z_snr15,post_classifier_quality,post_classifier_common,X1,10,-15.59127999396841,13.478018995506298,-22.330289491721555
G10,approx_minus99,field_z_snr15,post_classifier_quality,post_classifier_common,X2,10,-26.663302731961469,18.657755845644111,-35.992180654783532
G10,approx_minus99,field_z_snr15,post_classifier_quality,post_classifier_common,X3,11,28.208771751977238,65.723965144662159,-4.6532108203538636
P21,exact_99,field_z,pre_classifier_quality,own_stage,C1,13,-9.4594640313853748,20.515449183953862,-19.717188623362315
P21,exact_99,field_z,pre_classifier_quality,own_stage,C2,13,-19.063423350329451,18.077618449921495,-28.102232575290198
P21,exact_99,field_z,pre_classifier_quality,own_stage,C3,27,16.061312603460721,48.44313690878942,-8.160255850934
P21,exact_99,field_z,pre_classifier_quality,own_stage,E1,15,13.357944642721092,20.787330381596437,2.964279451922871
P21,exact_99,field_z,pre_classifier_quality,own_stage,E2,12,4.8205698329281903,11.778837865194921,-1.068849099669265
P21,exact_99,field_z,pre_classifier_quality,own_stage,S1,15,4.2038132361298661,8.9946833080794093,-0.29352841790983586
P21,exact_99,field_z,pre_classifier_quality,own_stage,S2,16,15.423533721897925,18.840052087070987,6.003507678362431
P21,exact_99,field_z,pre_classifier_quality,own_stage,X1,16,2.0559614452806594,11.605068289706438,-3.7465726995725621
P21,exact_99,field_z,pre_classifier_quality,own_stage,X2,14,4.0429615113766753,21.590454139762915,-6.7522655585047833
P21,exact_99,field_z,pre_classifier_quality,own_stage,X3,20,-14.636369874024695,56.491814570623198,-42.882277159336304
G10,exact_99,field_z,pre_classifier_quality,own_stage,C1,12,5.4444976259980855,28.956777095616275,-9.0338909218100518
G10,exact_99,field_z,pre_classifier_quality,own_stage,C2,15,8.4318370407386301,16.736294446754272,0.063689817361489043
G10,exact_99,field_z,pre_classifier_quality,own_stage,C3,28,10.983181568612224,64.683918197195865,-21.358777529985709
G10,exact_99,field_z,pre_classifier_quality,own_stage,E1,15,-36.007527207989213,25.280986444405187,-48.648020430191799
G10,exact_99,field_z,pre_classifier_quality,own_stage,E2,14,6.7431693049332617,17.423095688019231,-1.9683785390763493
G10,exact_99,field_z,pre_classifier_quality,own_stage,S1,14,16.073553040591335,10.239699664828137,10.953703208177261
G10,exact_99,field_z,pre_classifier_quality,own_stage,S2,15,-8.788400782582503,20.145702208332665,-18.861251886748832
G10,exact_99,field_z,pre_classifier_quality,own_stage,X1,14,-1.4922258394008203,15.974472017532319,-9.4794618481669772
G10,exact_99,field_z,pre_classifier_quality,own_stage,X2,14,-35.865851059275521,20.571648968833905,-46.151675543692477
G10,exact_99,field_z,pre_classifier_quality,own_stage,X3,18,18.041596425357476,62.08364684511703,-13.000226997201036
P21,exact_99,field_z,post_classifier_quality,own_stage,C1,9,-7.2129431281364953,18.467789881804077,-16.446838069038535
P21,exact_99,field_z,post_classifier_quality,own_stage,C2,10,-16.600997747349247,17.173072257892365,-25.187533876295426
P21,exact_99,field_z,post_classifier_quality,own_stage,C3,10,12.120080632907754,51.429387786056012,-13.594613260120267
P21,exact_99,field_z,post_classifier_quality,own_stage,E1,11,19.828469652467298,12.016667068290113,13.820136118322239
P21,exact_99,field_z,post_classifier_quality,own_stage,E2,8,8.6850020153220413,8.9277433589494475,4.221130335847314
P21,exact_99,field_z,post_classifier_quality,own_stage,S1,11,0.85057166428500786,8.1505434883915928,-3.2247000799107859
P21,exact_99,field_z,post_classifier_quality,own_stage,S2,13,11.595043670229154,17.979064446110534,2.6055114471738854
P21,exact_99,field_z,post_classifier_quality,own_stage,X1,12,-3.1003656713915362,9.7974341152481763,-7.9990827290156297
P21,exact_99,field_z,post_classifier_quality,own_stage,X2,9,-5.9559930891404296,19.778028542753407,-15.845007360517137
P21,exact_99,field_z,post_classifier_quality,own_stage,X3,15,-22.908936449424719,51.000570249484952,-48.409221574167205
G10,exact_99,field_z,post_classifier_quality,own_stage,C1,9,11.282073993773341,27.021977273812134,-2.2289146431327183
G10,exact_99,field_z,post_classifier_quality,own_stage,C2,9,11.75538246397787,16.179662127897444,3.6655514000291456
G10,exact_99,field_z,post_classifier_quality,own_stage,C3,14,11.081346258263558,68.721488946688652,-23.279398215080768
G10,exact_99,field_z,post_classifier_quality,own_stage,E1,10,-12.92584401677135,16.4993063779207,-21.175497205731702
G10,exact_99,field_z,post_classifier_quality,own_stage,E2,7,27.696690567630409,11.431347625622351,21.981016754819233
G10,exact_99,field_z,post_classifier_quality,own_stage,S1,8,15.941827743898816,10.099359129425947,10.892148179185845
G10,exact_99,field_z,post_classifier_quality,own_stage,S2,11,-3.2908335198199232,20.742443132236829,-13.662055085938338
G10,exact_99,field_z,post_classifier_quality,own_stage,X1,12,-3.4204367877653246,13.506810236870903,-10.173841906200773
G10,exact_99,field_z,post_classifier_quality,own_stage,X2,10,-27.402082453969328,19.330849603681678,-37.06750725581017
G10,exact_99,field_z,post_classifier_quality,own_stage,X3,11,29.828023075108632,66.73252863033963,-3.5382412400611845
P21,exact_99,field_z,post_classifier_p21_nonnegative,own_stage,C1,8,-5.5130482021153799,18.800063836841524,-14.913080120536144
P21,exact_99,field_z,post_classifier_p21_nonnegative,own_stage,C2,9,-16.356172663973044,18.569382587515612,-25.640863957730851
P21,exact_99,field_z,post_classifier_p21_nonnegative,own_stage,C3,10,12.120080632907754,51.429387786056012,-13.594613260120267
P21,exact_99,field_z,post_classifier_p21_nonnegative,own_stage,E1,9,18.988787270684632,12.582418671986598,12.697577934691335
P21,exact_99,field_z,post_classifier_p21_nonnegative,own_stage,E2,8,8.6850020153220413,8.9277433589494475,4.221130335847314
P21,exact_99,field_z,post_classifier_p21_nonnegative,own_stage,S1,11,0.85057166428500786,8.1505434883915928,-3.2247000799107859
P21,exact_99,field_z,post_classifier_p21_nonnegative,own_stage,S2,13,11.595043670229154,17.979064446110534,2.6055114471738854
P21,exact_99,field_z,post_classifier_p21_nonnegative,own_stage,X1,12,-3.1003656713915362,9.7974341152481763,-7.9990827290156297
P21,exact_99,field_z,post_classifier_p21_nonnegative,own_stage,X2,8,-8.4484105095866724,19.350615856282964,-18.123718437728158
P21,exact_99,field_z,post_classifier_p21_nonnegative,own_stage,X3,14,-16.962291582818203,49.349347206913912,-41.636965186275177
G10,exact_99,field_z,post_classifier_p21_nonnegative,own_stage,C1,9,11.282073993773341,27.021977273812134,-2.2289146431327183
G10,exact_99,field_z,post_classifier_p21_nonnegative,own_stage,C2,9,11.75538246397787,16.179662127897444,3.6655514000291456
G10,exact_99,field_z,post_classifier_p21_nonnegative,own_stage,C3,14,11.081346258263558,68.721488946688652,-23.279398215080768
G10,exact_99,field_z,post_classifier_p21_nonnegative,own_stage,E1,10,-12.92584401677135,16.4993063779207,-21.175497205731702
G10,exact_99,field_z,post_classifier_p21_nonnegative,own_stage,E2,7,27.696690567630409,11.431347625622351,21.981016754819233
G10,exact_99,field_z,post_classifier_p21_nonnegative,own_stage,S1,8,15.941827743898816,10.099359129425947,10.892148179185845
G10,exact_99,field_z,post_classifier_p21_nonnegative,own_stage,S2,11,-3.2908335198199232,20.742443132236829,-13.662055085938338
G10,exact_99,field_z,post_classifier_p21_nonnegative,own_stage,X1,12,-3.4204367877653246,13.506810236870903,-10.173841906200773
G10,exact_99,field_z,post_classifier_p21_nonnegative,own_stage,X2,10,-27.402082453969328,19.330849603681678,-37.06750725581017
G10,exact_99,field_z,post_classifier_p21_nonnegative,own_stage,X3,11,29.828023075108632,66.73252863033963,-3.5382412400611845
P21,exact_99,field_z,pre_classifier_quality,post_classifier_common,C1,10,-6.7288784295135828,18.460201313955981,-15.958979086491576
P21,exact_99,field_z,pre_classifier_quality,post_classifier_common,C2,11,-16.264536248654121,16.810855711153575,-24.669964104230907
P21,exact_99,field_z,pre_classifier_quality,post_classifier_common,C3,14,16.201904172631512,43.780578515875796,-5.6883850853064004
P21,exact_99,field_z,pre_classifier_quality,post_classifier_common,E1,11,19.828469652467298,12.016667068290113,13.820136118322239
P21,exact_99,field_z,pre_classifier_quality,post_classifier_common,E2,10,4.2544044003820591,8.0602259186203771,0.22429144107186605
P21,exact_99,field_z,pre_classifier_quality,post_classifier_common,S1,12,3.6347535499075656,7.9982028067674378,-0.36434785347615062
P21,exact_99,field_z,pre_classifier_quality,post_classifier_common,S2,14,12.625188005552534,18.208992529696857,3.5206917407041058
P21,exact_99,field_z,pre_classifier_quality,post_classifier_common,X1,14,-1.2951378123313373,9.13613057963933,-5.8632031021510063
P21,exact_99,field_z,pre_classifier_quality,post_classifier_common,X2,11,-7.5248504118477548,19.038246467292758,-17.043973645494138
P21,exact_99,field_z,pre_classifier_quality,post_classifier_common,X3,16,-23.075075445489741,50.84637287709343,-48.498261884036467
G10,exact_99,field_z,pre_classifier_quality,post_classifier_common,C1,10,11.410202060447334,26.135818132623911,-1.6577070058646159
G10,exact_99,field_z,pre_classifier_quality,post_classifier_common,C2,12,11.004599146788024,14.32424810264086,3.8424750954675924
G10,exact_99,field_z,pre_classifier_quality,post_classifier_common,C3,18,-4.4387493233115984,55.092638915138025,-31.985068780880617
G10,exact_99,field_z,pre_classifier_quality,post_classifier_common,E1,12,-10.452731258463043,14.10402690155566,-17.504744709240875
G10,exact_99,field_z,pre_classifier_quality,post_classifier_common,E2,11,6.4444122951938292,8.0339432003475668,2.427440695020044
G10,exact_99,field_z,pre_classifier_quality,post_classifier_common,S1,12,13.433622861242966,8.7261269691689254,9.0705593766584993
G10,exact_99,field_z,pre_classifier_quality,post_classifier_common,S2,13,-4.5200127316691807,19.607903569050279,-14.323964516194319
G10,exact_99,field_z,pre_classifier_quality,post_classifier_common,X1,12,-3.4204367877653246,13.506810236870903,-10.173841906200773
G10,exact_99,field_z,pre_classifier_quality,post_classifier_common,X2,12,-27.736126103787132,18.72589161984682,-37.099071913710546
G10,exact_99,field_z,pre_classifier_quality,post_classifier_common,X3,15,18.060454402612606,59.833577619593207,-11.856334407183997
P21,exact_99,field_z,post_classifier_quality,post_classifier_common,C1,9,-7.2129431281364953,18.467789881804077,-16.446838069038535
P21,exact_99,field_z,post_classifier_quality,post_classifier_common,C2,10,-16.600997747349247,17.173072257892365,-25.187533876295426
P21,exact_99,field_z,post_classifier_quality,post_classifier_common,C3,10,12.120080632907754,51.429387786056012,-13.594613260120267
P21,exact_99,field_z,post_classifier_quality,post_classifier_common,E1,11,19.828469652467298,12.016667068290113,13.820136118322239
P21,exact_99,field_z,post_classifier_quality,post_classifier_common,E2,8,8.6850020153220413,8.9277433589494475,4.221130335847314
P21,exact_99,field_z,post_classifier_quality,post_classifier_common,S1,11,0.85057166428500786,8.1505434883915928,-3.2247000799107859
P21,exact_99,field_z,post_classifier_quality,post_classifier_common,S2,13,11.595043670229154,17.979064446110534,2.6055114471738854
P21,exact_99,field_z,post_classifier_quality,post_classifier_common,X1,12,-3.1003656713915362,9.7974341152481763,-7.9990827290156297
P21,exact_99,field_z,post_classifier_quality,post_classifier_common,X2,9,-5.9559930891404296,19.778028542753407,-15.845007360517137
P21,exact_99,field_z,post_classifier_quality,post_classifier_common,X3,15,-22.908936449424719,51.000570249484952,-48.409221574167205
G10,exact_99,field_z,post_classifier_quality,post_classifier_common,C1,9,11.282073993773341,27.021977273812134,-2.2289146431327183
G10,exact_99,field_z,post_classifier_quality,post_classifier_common,C2,9,11.75538246397787,16.179662127897444,3.6655514000291456
G10,exact_99,field_z,post_classifier_quality,post_classifier_common,C3,14,11.081346258263558,68.721488946688652,-23.279398215080768
G10,exact_99,field_z,post_classifier_quality,post_classifier_common,E1,10,-12.92584401677135,16.4993063779207,-21.175497205731702
G10,exact_99,field_z,post_classifier_quality,post_classifier_common,E2,7,27.696690567630409,11.431347625622351,21.981016754819233
G10,exact_99,field_z,post_classifier_quality,post_classifier_common,S1,8,15.941827743898816,10.099359129425947,10.892148179185845
G10,exact_99,field_z,post_classifier_quality,post_classifier_common,S2,11,-3.2908335198199232,20.742443132236829,-13.662055085938338
G10,exact_99,field_z,post_classifier_quality,post_classifier_common,X1,12,-3.4204367877653246,13.506810236870903,-10.173841906200773
G10,exact_99,field_z,post_classifier_quality,post_classifier_common,X2,10,-27.402082453969328,19.330849603681678,-37.06750725581017
G10,exact_99,field_z,post_classifier_quality,post_classifier_common,X3,11,29.828023075108632,66.73252863033963,-3.5382412400611845
P21,exact_99,field_z_snr15,pre_classifier_quality,own_stage,C1,13,-7.0498398692507758,18.128006781655934,-16.113843260078745
P21,exact_99,field_z_snr15,pre_classifier_quality,own_stage,C2,12,-21.586669818108611,22.541119019828383,-32.85722932802279
P21,exact_99,field_z_snr15,pre_classifier_quality,own_stage,C3,25,16.335919949518434,53.357217240222354,-10.34268867059275
P21,exact_99,field_z_snr15,pre_classifier_quality,own_stage,E1,11,13.594796352945281,19.798051461826606,3.6957706220319748
P21,exact_99,field_z_snr15,pre_classifier_quality,own_stage,E2,8,6.3969963348084633,6.7357873420395862,3.0291026637886702
P21,exact_99,field_z_snr15,pre_classifier_quality,own_stage,S1,14,3.213962957821864,9.6786907679709451,-1.6253824261636076
P21,exact_99,field_z_snr15,pre_classifier_quality,own_stage,S2,16,18.421257143977286,19.393926631134285,8.7242938284101434
P21,exact_99,field_z_snr15,pre_classifier_quality,own_stage,X1,16,0.33809830765007653,11.482013310484174,-5.4029083475920148
P21,exact_99,field_z_snr15,pre_classifier_quality,own_stage,X2,12,4.5245658641522075,21.321266160419519,-6.1360672160575547
P21,exact_99,field_z_snr15,pre_classifier_quality,own_stage,X3,16,-22.472106858205755,50.250213783208409,-47.597213749809967
G10,exact_99,field_z_snr15,pre_classifier_quality,own_stage,C1,12,5.3958320523559777,25.24434793423157,-7.2263419147598036
G10,exact_99,field_z_snr15,pre_classifier_quality,own_stage,C2,14,8.476136899350152,17.799289774123981,-0.42350798771183951
G10,exact_99,field_z_snr15,pre_classifier_quality,own_stage,C3,28,1.0653610945062246,67.553920122718694,-32.711598966853117
G10,exact_99,field_z_snr15,pre_classifier_quality,own_stage,E1,11,-33.036992229244895,24.569428328583786,-45.3217063935368
G10,exact_99,field_z_snr15,pre_classifier_quality,own_stage,E2,10,1.771390536438838,8.7345016628551857,-2.5958602949887517
G10,exact_99,field_z_snr15,pre_classifier_quality,own_stage,S1,14,15.795198785904102,9.7086174064288695,10.940890082689666
G10,exact_99,field_z_snr15,pre_classifier_quality,own_stage,S2,15,-8.5661574751163005,21.737216366061006,-19.434765658146802
G10,exact_99,field_z_snr15,pre_classifier_quality,own_stage,X1,14,-11.763796989194391,15.755180900070984,-19.641387439229888
G10,exact_99,field_z_snr15,pre_classifier_quality,own_stage,X2,14,-32.166997838111556,19.301271225161557,-41.817633450692334
G10,exact_99,field_z_snr15,pre_classifier_quality,own_stage,X3,15,18.454691552821018,58.947874922533032,-11.019245908445491
P21,exact_99,field_z_snr15,post_classifier_quality,own_stage,C1,9,-6.2126534701937883,17.141120573698604,-14.783213757043091
P21,exact_99,field_z_snr15,post_classifier_quality,own_stage,C2,9,-20.523687765966073,22.269954197183207,-31.658664864557661
P21,exact_99,field_z_snr15,post_classifier_quality,own_stage,C3,10,12.120080632907754,51.429387786056012,-13.594613260120267
P21,exact_99,field_z_snr15,post_classifier_quality,own_stage,E1,6,22.090859536084544,10.225205182656474,16.978256944756311
P21,exact_99,field_z_snr15,post_classifier_quality,own_stage,E2,7,5.5430220940174326,6.8056026482407219,2.1402207698970717
P21,exact_99,field_z_snr15,post_classifier_quality,own_stage,S1,9,4.387461490557393,8.390205934616926,0.1923585232489291
P21,exact_99,field_z_snr15,post_classifier_quality,own_stage,S2,13,15.720516768252775,18.724910456519382,6.3580615399930789
P21,exact_99,field_z_snr15,post_classifier_quality,own_stage,X1,11,-1.7539110351559053,9.5539030467883475,-6.5308625585500835
P21,exact_99,field_z_snr15,post_classifier_quality,own_stage,X2,8,-3.1589161817826072,19.728577995091154,-13.023205179328187
P21,exact_99,field_z_snr15,post_classifier_quality,own_stage,X3,15,-22.305967862140736,50.404411155599938,-47.508173439940713
G10,exact_99,field_z_snr15,post_classifier_quality,own_stage,C1,9,8.1543351636413011,24.765526932036391,-4.2284283023768907
G10,exact_99,field_z_snr15,post_classifier_quality,own_stage,C2,9,10.953405316676863,17.81527856073858,2.0457660363075698
G10,exact_99,field_z_snr15,post_classifier_quality,own_stage,C3,14,11.081346258263558,68.721488946688652,-23.279398215080768
G10,exact_99,field_z_snr15,post_classifier_quality,own_stage,E1,7,-5.7871592489549242,12.041807881279906,-11.808063189594876
G10,exact_99,field_z_snr15,post_classifier_quality,own_stage,E2,7,20.685294378098881,10.747489321861622,15.311549717168072
G10,exact_99,field_z_snr15,post_classifier_quality,own_stage,S1,7,19.466182193883444,9.2703522002582641,14.831006093754311
G10,exact_99,field_z_snr15,post_classifier_quality,own_stage,S2,11,-4.1707677408319714,21.613183490215093,-14.977359485939518
G10,exact_99,field_z_snr15,post_classifier_quality,own_stage,X1,10,-15.411251102557786,13.47743853680945,-22.149970370962517
G10,exact_99,field_z_snr15,post_classifier_quality,own_stage,X2,10,-26.325721153930651,18.655877456456778,-35.65365988215904
G10,exact_99,field_z_snr15,post_classifier_quality,own_stage,X3,11,29.558967829629861,65.716589053018225,-3.2993266968792501
P21,exact_99,field_z_snr15,post_classifier_p21_nonnegative,own_stage,C1,8,-4.512758544172673,17.473394528736051,-13.249455808540702
P21,exact_99,field_z_snr15,post_classifier_p21_nonnegative,own_stage,C2,7,-18.126675964697515,21.619353407866139,-28.936352668630573
P21,exact_99,field_z_snr15,post_classifier_p21_nonnegative,own_stage,C3,10,12.120080632907754,51.429387786056012,-13.594613260120267
P21,exact_99,field_z_snr15,post_classifier_p21_nonnegative,own_stage,E1,5,25.010753258709688,10.409089635345621,19.806208441036876
P21,exact_99,field_z_snr15,post_classifier_p21_nonnegative,own_stage,E2,7,5.5430220940174326,6.8056026482407219,2.1402207698970717
P21,exact_99,field_z_snr15,post_classifier_p21_nonnegative,own_stage,S1,9,4.387461490557393,8.390205934616926,0.1923585232489291
P21,exact_99,field_z_snr15,post_classifier_p21_nonnegative,own_stage,S2,13,15.720516768252775,18.724910456519382,6.3580615399930789
P21,exact_99,field_z_snr15,post_classifier_p21_nonnegative,own_stage,X1,11,-1.7539110351559053,9.5539030467883475,-6.5308625585500835
P21,exact_99,field_z_snr15,post_classifier_p21_nonnegative,own_stage,X2,7,-5.5653881739375972,19.315903677119696,-15.223340012497445
P21,exact_99,field_z_snr15,post_classifier_p21_nonnegative,own_stage,X3,14,-16.359322995534221,48.753188113028898,-40.735917052048677
G10,exact_99,field_z_snr15,post_classifier_p21_nonnegative,own_stage,C1,9,8.1543351636413011,24.765526932036391,-4.2284283023768907
G10,exact_99,field_z_snr15,post_classifier_p21_nonnegative,own_stage,C2,7,8.9433306986372259,17.080545507147306,0.40305794506357095
G10,exact_99,field_z_snr15,post_classifier_p21_nonnegative,own_stage,C3,14,11.081346258263558,68.721488946688652,-23.279398215080768
G10,exact_99,field_z_snr15,post_classifier_p21_nonnegative,own_stage,E1,7,-5.7871592489549242,12.041807881279906,-11.808063189594876
G10,exact_99,field_z_snr15,post_classifier_p21_nonnegative,own_stage,E2,7,20.685294378098881,10.747489321861622,15.311549717168072
G10,exact_99,field_z_snr15,post_classifier_p21_nonnegative,own_stage,S1,7,19.466182193883444,9.2703522002582641,14.831006093754311
G10,exact_99,field_z_snr15,post_classifier_p21_nonnegative,own_stage,S2,11,-4.1707677408319714,21.613183490215093,-14.977359485939518
G10,exact_99,field_z_snr15,post_classifier_p21_nonnegative,own_stage,X1,10,-15.411251102557786,13.47743853680945,-22.149970370962517
G10,exact_99,field_z_snr15,post_classifier_p21_nonnegative,own_stage,X2,10,-26.325721153930651,18.655877456456778,-35.65365988215904
G10,exact_99,field_z_snr15,post_classifier_p21_nonnegative,own_stage,X3,11,29.558967829629861,65.716589053018225,-3.2993266968792501
P21,exact_99,field_z_snr15,pre_classifier_quality,post_classifier_common,C1,10,-5.7285887715708759,17.133532005850508,-14.295354774496133
P21,exact_99,field_z_snr15,pre_classifier_quality,post_classifier_common,C2,10,-20.187226267270947,21.907737650444421,-31.141095092493142
P21,exact_99,field_z_snr15,pre_classifier_quality,post_classifier_common,C3,12,11.789445645936999,46.951273371577763,-11.686191039851892
P21,exact_99,field_z_snr15,pre_classifier_quality,post_classifier_common,E1,6,22.090859536084544,10.225205182656474,16.978256944756311
P21,exact_99,field_z_snr15,pre_classifier_quality,post_classifier_common,E2,8,6.3969963348084633,6.7357873420395862,3.0291026637886702
P21,exact_99,field_z_snr15,pre_classifier_quality,post_classifier_common,S1,9,4.387461490557393,8.390205934616926,0.1923585232489291
P21,exact_99,field_z_snr15,pre_classifier_quality,post_classifier_common,S2,14,15.622911427631895,18.762867073760148,6.2414778907518169
P21,exact_99,field_z_snr15,pre_classifier_quality,post_classifier_common,X1,11,-1.7539110351559053,9.5539030467883475,-6.5308625585500835
P21,exact_99,field_z_snr15,pre_classifier_quality,post_classifier_common,X2,9,-3.3116938257740212,19.59235128552038,-13.107869468534213
P21,exact_99,field_z_snr15,pre_classifier_quality,post_classifier_common,X3,16,-22.472106858205755,50.250213783208409,-47.597213749809967
G10,exact_99,field_z_snr15,pre_classifier_quality,post_classifier_common,C1,10,8.2824632303152939,23.879367790848168,-3.6572206651087877
G10,exact_99,field_z_snr15,pre_classifier_quality,post_classifier_common,C2,11,9.76251795237485,16.593266602067274,1.4658846513412127
G10,exact_99,field_z_snr15,pre_classifier_quality,post_classifier_common,C3,18,-4.4387493233115984,55.092638915138025,-31.985068780880617
G10,exact_99,field_z_snr15,pre_classifier_quality,post_classifier_common,E1,7,-5.7871592489549242,12.041807881279906,-11.808063189594876
G10,exact_99,field_z_snr15,pre_classifier_quality,post_classifier_common,E2,10,1.771390536438838,8.7345016628551857,-2.5958602949887517
G10,exact_99,field_z_snr15,pre_classifier_quality,post_classifier_common,S1,10,15.190215834402174,8.0577516348903195,11.161340016957014
G10,exact_99,field_z_snr15,pre_classifier_quality,post_classifier_common,S2,13,-4.2977694242029791,21.19941772677862,-14.897478287592287
G10,exact_99,field_z_snr15,pre_classifier_quality,post_classifier_common,X1,10,-15.411251102557786,13.47743853680945,-22.149970370962517
G10,exact_99,field_z_snr15,pre_classifier_quality,post_classifier_common,X2,12,-26.659764803748452,18.050919472621921,-35.685224540059416
G10,exact_99,field_z_snr15,pre_classifier_quality,post_classifier_common,X3,15,18.454691552821018,58.947874922533032,-11.019245908445491
P21,exact_99,field_z_snr15,post_classifier_quality,post_classifier_common,C1,9,-6.2126534701937883,17.141120573698604,-14.783213757043091
P21,exact_99,field_z_snr15,post_classifier_quality,post_classifier_common,C2,9,-20.523687765966073,22.269954197183207,-31.658664864557661
P21,exact_99,field_z_snr15,post_classifier_quality,post_classifier_common,C3,10,12.120080632907754,51.429387786056012,-13.594613260120267
P21,exact_99,field_z_snr15,post_classifier_quality,post_classifier_common,E1,6,22.090859536084544,10.225205182656474,16.978256944756311
P21,exact_99,field_z_snr15,post_classifier_quality,post_classifier_common,E2,7,5.5430220940174326,6.8056026482407219,2.1402207698970717
P21,exact_99,field_z_snr15,post_classifier_quality,post_classifier_common,S1,9,4.387461490557393,8.390205934616926,0.1923585232489291
P21,exact_99,field_z_snr15,post_classifier_quality,post_classifier_common,S2,13,15.720516768252775,18.724910456519382,6.3580615399930789
P21,exact_99,field_z_snr15,post_classifier_quality,post_classifier_common,X1,11,-1.7539110351559053,9.5539030467883475,-6.5308625585500835
P21,exact_99,field_z_snr15,post_classifier_quality,post_classifier_common,X2,8,-3.1589161817826072,19.728577995091154,-13.023205179328187
P21,exact_99,field_z_snr15,post_classifier_quality,post_classifier_common,X3,15,-22.305967862140736,50.404411155599938,-47.508173439940713
G10,exact_99,field_z_snr15,post_classifier_quality,post_classifier_common,C1,9,8.1543351636413011,24.765526932036391,-4.2284283023768907
G10,exact_99,field_z_snr15,post_classifier_quality,post_classifier_common,C2,9,10.953405316676863,17.81527856073858,2.0457660363075698
G10,exact_99,field_z_snr15,post_classifier_quality,post_classifier_common,C3,14,11.081346258263558,68.721488946688652,-23.279398215080768
G10,exact_99,field_z_snr15,post_classifier_quality,post_classifier_common,E1,7,-5.7871592489549242,12.041807881279906,-11.808063189594876
G10,exact_99,field_z_snr15,post_classifier_quality,post_classifier_common,E2,7,20.685294378098881,10.747489321861622,15.311549717168072
G10,exact_99,field_z_snr15,post_classifier_quality,post_classifier_common,S1,7,19.466182193883444,9.2703522002582641,14.831006093754311
G10,exact_99,field_z_snr15,post_classifier_quality,post_classifier_common,S2,11,-4.1707677408319714,21.613183490215093,-14.977359485939518
G10,exact_99,field_z_snr15,post_classifier_quality,post_classifier_common,X1,10,-15.411251102557786,13.47743853680945,-22.149970370962517
G10,exact_99,field_z_snr15,post_classifier_quality,post_classifier_common,X2,10,-26.325721153930651,18.655877456456778,-35.65365988215904
G10,exact_99,field_z_snr15,post_classifier_quality,post_classifier_common,X3,11,29.558967829629861,65.716589053018225,-3.2993266968792501
