visit,root,obsid,target,filter,proposal_id,mjd,days_from_visit,raw_uri,ima_available,samp_seq,nsamp,subarray,subtype,expstart,exptime,sampzero,header_sha256,header_error
search,idbx43p7q,25054367,DARK,BLANK,14537,57704.77822662037,-10.872073379629,mast:HST/product/idbx43p7q_raw.fits,True,SPARS50,16,False,FULLIMAG,57704.77822661,702.938171,2.911756,49ddce7490f4ee4be4d47a3586f04d0a73f153424b48a105ddd3d9428c26038b,
search,idbx42opq,25054366,DARK,BLANK,14537,57704.74482403935,-10.905475960651529,mast:HST/product/idbx42opq_raw.fits,True,SPARS50,16,False,FULLIMAG,57704.74482402,702.938171,2.911756,c7d5c442440673798a53517227e2769c9f71515031faa178fc80c3640987f3d9,
search,idbx41onq,25054365,DARK,BLANK,14537,57704.70886327546,-10.941436724540836,mast:HST/product/idbx41onq_raw.fits,True,SPARS50,16,False,FULLIMAG,57704.70886328,702.938171,2.911756,11bc3675245d44df0e56b3d17e16a05bb053afaad7eb09b03412bc66edd8a563,
search,idbx40o7q,25054364,DARK,BLANK,14537,57704.675460335646,-10.974839664355386,mast:HST/product/idbx40o7q_raw.fits,True,SPARS50,16,False,FULLIMAG,57704.67546032,702.938171,2.911756,8933215bffa762dfb15483e7c2692eab033522e7d6b7c80468cce5dd88c03919,
search,idbx39nsq,25054363,DARK,BLANK,14537,57704.46373587963,-11.18656412036944,mast:HST/product/idbx39nsq_raw.fits,True,SPARS50,16,False,FULLIMAG,57704.46373587,702.938171,2.911756,3072829844cf2c1986a496405743776c6e8ee7cccea0010326a1144aa8e1feef,
search,idbx38naq,25054362,DARK,BLANK,14537,57704.38308773148,-11.267212268518051,mast:HST/product/idbx38naq_raw.fits,True,SPARS50,16,False,FULLIMAG,57704.38308773,702.938171,2.911756,20a5da7610945b4097184db47ec03b1e70f4df1dc6ffc991baac2f6158a870ba,
template,idp247tnq,25879323,DARK,BLANK,14986,58065.47988359954,-12.144316400459502,mast:HST/product/idp247tnq_raw.fits,True,SPARS50,16,False,FULLIMAG,58065.4798836,702.938171,2.911756,83a27ab078b1ee0d263c674ed41f705acdbfe1ae61badf14f6606c12f37b00ef,
template,idp246tlq,25879322,DARK,BLANK,14986,58065.44648063657,-12.17771936342615,mast:HST/product/idp246tlq_raw.fits,True,SPARS50,16,False,FULLIMAG,58065.44648064,702.938171,2.911756,7f3968a291de63495ea6fe68e56a525d539ee3b4dcfca040efb4372f57e8281c,
template,idp245t7q,25879321,DARK,BLANK,14986,58065.4044784375,-12.219721562498307,mast:HST/product/idp245t7q_raw.fits,True,SPARS50,16,False,FULLIMAG,58065.40447841,702.938171,2.911756,536547e972a4890cdfc1a629d6138a2179343d16e76f625d4b033b898c5746c4,
template,idp244t1q,25879320,DARK,BLANK,14986,58065.37107581019,-12.253124189810478,mast:HST/product/idp244t1q_raw.fits,True,SPARS50,16,False,FULLIMAG,58065.37107582,702.938171,2.911756,baa99c07188a6b8c7f399a3c680e304bdb623ebed11f983dc3646ce2fc484c6c,
template,idp243slq,25879250,DARK,BLANK,14986,58065.23748769676,-12.38671230323962,mast:HST/product/idp243slq_raw.fits,True,SPARS50,16,False,FULLIMAG,58065.23748767,702.938171,2.911756,b551a3079c6ff14e7c25cb1254cc7f09401777281833c1f99f73b428891a5914,
template,idp242q0q,25879249,DARK,BLANK,14986,58064.75535806713,-12.868841932868236,mast:HST/product/idp242q0q_raw.fits,True,SPARS50,16,False,FULLIMAG,58064.75535804,702.938171,2.911756,7e3a85a7295a0fe48e945efb58639369a5dd407f9ee49f1ddcfe2081ca8e8283,
template,idp241psq,25879248,DARK,BLANK,14986,58064.72195543982,-12.902244560180407,mast:HST/product/idp241psq_raw.fits,True,SPARS50,16,False,FULLIMAG,58064.72195545,702.938171,2.911756,2e74d74149a2e3d0e6fce17c83ede19609cfe14732d05ac70cd217145c400617,
template,idp240p7q,25879245,DARK,BLANK,14986,58064.6853002662,-12.938899733795552,mast:HST/product/idp240p7q_raw.fits,True,SPARS50,16,False,FULLIMAG,58064.68530027,702.938171,2.911756,edd2d1ea7d1f56bed84144c286c58a2530a5f00ef50b5e54a7ff1978e4c8ec05,
