z,delta_mu
0.0,0.0
0.01,0.0040058490663261
0.02,0.0079177507065409
0.03,0.0117386675000169
0.04,0.0154714288075668
0.05,0.0191186623577311
0.06,0.0226829028276377
0.07,0.0261665652444289
0.08,0.0295719527701068
0.09,0.0329012896648623
0.1,0.0361567050066278
0.11,0.0393401496938659
0.12,0.0424535457802501
0.13,0.0454987846282203
0.14,0.0484776111418075
0.15,0.0513916846466963
0.16,0.0542426771652823
0.17,0.0570321384299492
0.18,0.0597615370879104
0.19,0.0624323858333983
0.2,0.0650460204737304
0.21,0.0676038066465978
0.22,0.0701070511335567
0.23,0.0725569753367769
0.24,0.0749548381700207
0.25,0.0773017582177662
0.26,0.079598915635309
0.27,0.0818473708358764
0.28,0.0840482154009639
0.29,0.0862024639052028
0.3,0.0883111303209232
0.31,0.0903751826330706
0.32,0.0923955690627331
0.33,0.0943732123779274
0.34,0.0963090037794376
0.35,0.0982038231901607
0.36,0.1000585116236952
0.37,0.1018739086310597
0.38,0.1036508117235116
0.39,0.1053900196658284
0.4,0.1070922952326286
0.41,0.1087583943134221
0.42,0.1103890510052632
0.43,0.1119849836403428
0.44,0.113546895005909
0.45,0.1150754725796094
0.46,0.1165713894102159
0.47,0.1180353013768896
0.48,0.1194678558503277
0.49,0.120869684568993
0.5,0.1222414021066597
0.51,0.1235836164489684
0.52,0.1248969228137038
0.53,0.1261819032161523
0.54,0.1274391281503453
0.55,0.1286691565815353
0.56,0.129872534985954
0.5700000000000001,0.1310498047411387
0.58,0.1322014939301533
0.59,0.133328120741972
0.6,0.1344301937555731
0.61,0.135508210425044
0.62,0.1365626582313074
0.63,0.1375940207746502
0.64,0.1386027706318613
0.65,0.1395893720304881
0.66,0.1405542738314423
0.67,0.1414979207898594
0.68,0.1424207610141013
0.6900000000000001,0.1433232094829117
0.7000000000000001,0.1442057009115148
0.71,0.1450686384519729
0.72,0.1459124416287997
0.73,0.1467374892568575
0.74,0.1475441903782244
0.75,0.1483329266015145
0.76,0.1491040663550666
0.77,0.1498579829128153
0.78,0.1505950425955753
0.79,0.1513156011215561
0.8,0.1520200081411278
0.81,0.1527086074033245
0.8200000000000001,0.1533817369150113
0.8300000000000001,0.1540397182884728
0.84,0.1546828830744155
0.85,0.155311555270094
0.86,0.1559260375550045
0.87,0.1565266400891621
0.88,0.1571136651809651
0.89,0.1576874078410512
0.9,0.1582481501577594
0.91,0.1587961873360095
0.92,0.1593317948254766
0.93,0.1598552418552813
0.94,0.1603667953044587
0.95,0.1608667230906602
0.96,0.1613552816492187
0.97,0.1618327189046649
0.98,0.162299288693776
0.99,0.1627552373459206
1.0,0.1632008019556873
1.01,0.1636362052909178
1.02,0.164061697008521
1.03,0.1644774789042746
1.04,0.1648837900140806
1.05,0.1652808451152989
1.06,0.1656688422038792
1.07,0.1660480001694965
1.08,0.1664185227066544
1.09,0.1667806089805217
1.1,0.1671344551524505
1.11,0.1674802544373657
1.12,0.167818187731283
1.13,0.168148442858038
1.14,0.1684712093211516
1.15,0.1687866518305123
1.16,0.1690949528532386
1.17,0.1693962751994791
1.18,0.169690797455877
1.19,0.169978665077176
1.2,0.1702600491555553
1.21,0.170535106701113
1.22,0.170803989386806
1.23,0.1710668465533325
1.24,0.1713238252341878
1.25,0.1715750701772629
1.26,0.1718207238629729
1.27,0.172060924530062
1.28,0.1722957946939617
1.29,0.1725254839031536
1.3,0.1727501134703872
1.31,0.1729698089549073
1.32,0.17318469638105
1.33,0.1733949010745154
1.34,0.1736005266185582
1.35,0.1738017034142042
1.36,0.1739985420909764
1.37,0.1741911513902953
1.38,0.1743796381761025
1.39,0.1745641074443481
1.4,0.1747446623314676
1.41,0.1749214041218672
1.42,0.1750944322550554
1.43,0.1752638443323169
1.44,0.17542973612266
1.45,0.1755921991212967
1.46,0.17575131011993
1.47,0.175907174512982
1.48,0.176059867014806
1.49,0.1762094738610979
1.5,0.1763560761707603
1.51,0.1764997555019758
1.52,0.1766405805923706
1.53,0.1767786397932216
1.54,0.1769139972318656
1.55,0.1770467224759066
1.56,0.1771768929000094
1.57,0.1773045751125044
1.58,0.1774298342845788
1.59,0.1775527341636271
1.6,0.1776733370863845
1.61,0.177791703393794
1.62,0.1779078944418005
1.63,0.1780219666222315
1.64,0.1781339773717608
1.65,0.1782439821902029
1.66,0.1783520352558393
1.67,0.1784581894416826
1.68,0.1785624963321324
1.69,0.1786650022547992
1.7,0.1787657491147585
1.71,0.178864794389528
1.72,0.1789621847372186
1.73,0.1790579474875812
1.74,0.1791521422623968
1.75,0.1792448073779625
1.76,0.1793359738605041
1.77,0.1794256987226867
1.78,0.1795139958062659
1.79,0.1796009286735834
1.8,0.179686508164625
1.81,0.1797707935570375
1.82,0.1798537953745691
1.83,0.1799355661801698
1.84,0.1800161268378069
1.85,0.1800955102358322
1.86,0.1801737552755791
1.87,0.1802508738260431
1.88,0.1803269085024071
1.89,0.1804018882653605
1.9,0.1804758264511252
1.91,0.1805487586379466
1.92,0.1806207126039451
1.93,0.1806917107615317
1.94,0.1807617666225345
1.95,0.1808309146596049
1.96,0.1808991767751187
1.97,0.180966574254097
1.98,0.1810331238974796
1.99,0.1810988444190543
2.0,0.1811637612355642
2.01,0.1812278932910014
2.02,0.1812912589869725
2.03,0.1813538761966489
2.04,0.1814157622789555
2.05,0.1814769315892374
2.06,0.1815374002719851
2.07,0.1815971874380774
2.08,0.1816563085055072
2.09,0.1817147784445699
2.1,0.1817726117903411
2.11,0.1818298226548967
2.12,0.181886424739271
2.13,0.1819424313451533
2.14,0.1819978553863384
2.15,0.1820527093999224
2.16,0.1821070055572423
2.17,0.1821607556745627
2.18,0.1822139712235118
2.19,0.1822666633412689
2.2,0.1823188428404893
2.21,0.1823705202189715
2.22,0.1824217056691776
2.23,0.182472409087403
2.24,0.1825226400826743
2.25,0.1825724079856366
2.26,0.1826217218569058
2.27,0.1826705904954508
2.28,0.1827190224465811
2.29,0.1827670260098454
2.3000000000000003,0.1828146092465425
2.31,0.1828617799872798
2.32,0.1829085458390024
2.33,0.1829549141920802
2.34,0.1830008922271157
2.35,0.1830464869214611
2.36,0.1830917050556574
2.37,0.1831365532196548
2.38,0.183181037798441
2.39,0.183225161489887
2.4,0.1832689337908407
2.41,0.1833123605933256
2.42,0.1833554476269231
2.43,0.1833982004639562
2.44,0.1834406245245096
2.45,0.183482725081285
2.46,0.1835245072643108
2.47,0.1835659760655192
2.48,0.1836071363431648
2.49,0.1836479928261064
2.5,0.183688550117949
