name,raw_band,time,target_candidates,metadata_unique
sn2004dt,V0,249.79,V0,True
sn2004dt,V0,250.81,V0,True
sn2004dt,V0,251.83,V0,True
sn2004dt,V0,252.86,V0,True
sn2004dt,V0,253.78,V0,True
sn2004dt,V0,256.75,V0,True
sn2004dt,V0,257.73,V0,True
sn2004dt,V0,258.76,V0,True
sn2004dt,V0,259.78,V0,True
sn2004dt,V0,260.8,V0,True
sn2004dt,V0,261.71,V0,True
sn2004dt,V0,262.7,V0,True
sn2004dt,V0,263.76,V0,True
sn2004dt,V0,264.75,V0,True
sn2004dt,V0,265.79,V0,True
sn2004dt,V0,266.73,V0,True
sn2004dt,V0,267.74,V0,True
sn2004dt,V0,268.74,V0,True
sn2004dt,V0,269.68,V0,True
sn2004dt,V0,270.68,V0,True
sn2004dt,V0,271.79,V0,True
sn2004dt,V0,272.78,V0,True
sn2004dt,V0,273.79,V0,True
sn2004dt,V0,274.71,V0,True
sn2004dt,V0,275.74,V0,True
sn2004dt,V0,276.74,V0,True
sn2004dt,V0,277.69,V0,True
sn2004dt,V0,278.77,V0,True
sn2004dt,V0,279.7,V0,True
sn2004dt,V0,280.71,V0,True
sn2004dt,V0,281.72,V0,True
sn2004dt,V0,284.83,V0,True
sn2004dt,V0,287.69,V0,True
sn2004dt,V0,289.77,V0,True
sn2004dt,V0,291.69,V0,True
sn2004dt,V0,293.73,V0,True
sn2004dt,V0,294.79,V0,True
sn2004dt,V0,295.75,V0,True
sn2004dt,V0,299.69,V0,True
sn2004dt,V0,324.69,V0,True
sn2004dt,V0,329.7,V0,True
sn2004dt,V0,331.62,V0,True
sn2004dt,V0,341.61,V0,True
sn2004dt,V0,345.63,V0,True
sn2004dt,V0,349.61,V0,True
sn2004dt,V0,365.62,V0,True
sn2004ef,V0,255.69,V0,True
sn2004ef,V0,256.65,V0,True
sn2004ef,V0,257.66,V0,True
sn2004ef,V0,258.63,V0,True
sn2004ef,V0,259.63,V0,True
sn2004ef,V0,260.66,V0,True
sn2004ef,V0,261.6,V0,True
sn2004ef,V0,262.57,V0,True
sn2004ef,V0,263.6,V0,True
sn2004ef,V0,264.6,V0,True
sn2004ef,V0,265.65,V0,True
sn2004ef,V0,266.63,V0,True
sn2004ef,V0,267.62,V0,True
sn2004ef,V0,268.64,V0,True
sn2004ef,V0,270.59,V0,True
sn2004ef,V0,271.6,V0,True
sn2004ef,V0,272.65,V0,True
sn2004ef,V0,273.69,V0,True
sn2004ef,V0,274.64,V0,True
sn2004ef,V0,275.68,V0,True
sn2004ef,V0,276.65,V0,True
sn2004ef,V0,277.6,V0,True
sn2004ef,V0,278.61,V0,True
sn2004ef,V0,279.62,V0,True
sn2004ef,V0,280.61,V0,True
sn2004ef,V0,281.61,V0,True
sn2004ef,V0,287.62,V0,True
sn2004ef,V0,289.63,V0,True
sn2004ef,V0,290.61,V0,True
sn2004ef,V0,291.6,V0,True
sn2004ef,V0,292.6,V0,True
sn2004ef,V0,294.61,V0,True
sn2004ef,V0,295.64,V0,True
sn2004ef,V0,300.6,V0,True
sn2004ef,V0,301.59,V0,True
sn2004ef,V0,302.61,V0,True
sn2004ef,V0,303.6,V0,True
sn2004ef,V0,305.61,V0,True
sn2004ef,V0,308.61,V0,True
sn2004ef,V0,309.61,V0,True
sn2004ef,V0,310.6,V0,True
sn2004ef,V0,311.61,V0,True
sn2004ef,V0,321.59,V0,True
sn2004ef,V0,329.57,V0,True
sn2004eo,V0,266.52,V0,True
sn2004eo,V0,267.52,V0,True
sn2004eo,V0,268.52,V0,True
sn2004eo,V0,269.54,V0,True
sn2004eo,V0,270.55,V0,True
sn2004eo,V0,271.55,V0,True
sn2004eo,V0,272.55,V0,True
sn2004eo,V0,273.54,V0,True
sn2004eo,V0,274.51,V0,True
sn2004eo,V0,275.52,V0,True
sn2004eo,V0,276.58,V0,True
sn2004eo,V0,277.51,V0,True
sn2004eo,V0,278.51,V0,True
sn2004eo,V0,279.52,V0,True
sn2004eo,V0,280.51,V0,True
sn2004eo,V0,281.51,V0,True
sn2004eo,V0,285.55,V0,True
sn2004eo,V0,287.56,V0,True
sn2004eo,V0,288.56,V0,True
sn2004eo,V0,289.57,V0,True
sn2004eo,V0,290.57,V0,True
sn2004eo,V0,291.55,V0,True
sn2004eo,V0,292.55,V0,True
sn2004eo,V0,294.5,V0,True
sn2004eo,V0,295.5,V0,True
sn2004eo,V0,298.53,V0,True
sn2004eo,V0,300.51,V0,True
sn2004eo,V0,301.51,V0,True
sn2004eo,V0,302.51,V0,True
sn2004eo,V0,303.51,V0,True
sn2004eo,V0,304.52,V0,True
sn2004eo,V0,305.51,V0,True
sn2004eo,V0,307.55,V0,True
sn2004eo,V0,308.52,V0,True
sn2004eo,V0,309.51,V0,True
sn2004eo,V0,310.52,V0,True
sn2004eo,V0,311.52,V0,True
sn2004eo,V0,329.53,V0,True
sn2004eo,V0,341.54,V0,True
sn2004ey,V0,295.53,V0,True
sn2004ey,V0,298.68,V0,True
sn2004ey,V0,299.52,V0,True
sn2004ey,V0,300.55,V0,True
sn2004ey,V0,301.54,V0,True
sn2004ey,V0,302.55,V0,True
sn2004ey,V0,303.55,V0,True
sn2004ey,V0,304.57,V0,True
sn2004ey,V0,305.55,V0,True
sn2004ey,V0,307.58,V0,True
sn2004ey,V0,308.56,V0,True
sn2004ey,V0,309.55,V0,True
sn2004ey,V0,310.55,V0,True
sn2004ey,V0,311.56,V0,True
sn2004ey,V0,314.57,V0,True
sn2004ey,V0,315.56,V0,True
sn2004ey,V0,328.54,V0,True
sn2004ey,V0,330.58,V0,True
sn2004ey,V0,331.53,V0,True
sn2004ey,V0,335.54,V0,True
sn2004ey,V0,337.53,V0,True
sn2004ey,V0,338.55,V0,True
sn2004ey,V0,339.54,V0,True
sn2004ey,V0,340.56,V0,True
sn2004ey,V0,342.52,V0,True
sn2004ey,V0,344.54,V0,True
sn2004ey,V0,346.54,V0,True
sn2004ey,V0,348.54,V0,True
sn2004ey,V0,351.54,V0,True
sn2004ey,V0,352.55,V0,True
sn2004gc,V0,329.83,V0,True
sn2004gc,V0,330.78,V0,True
sn2004gc,V0,331.76,V0,True
sn2004gc,V0,332.75,V0,True
sn2004gc,V0,333.79,V0,True
sn2004gc,V0,336.76,V0,True
sn2004gc,V0,337.78,V0,True
sn2004gc,V0,340.76,V0,True
sn2004gc,V0,341.76,V0,True
sn2004gc,V0,344.75,V0,True
sn2004gc,V0,345.74,V0,True
sn2004gc,V0,348.8,V0,True
sn2004gc,V0,349.79,V0,True
sn2004gc,V0,352.73,V0,True
sn2004gc,V0,353.69,V0,True
sn2004gc,V0,356.76,V0,True
sn2004gc,V0,361.68,V0,True
sn2004gc,V0,369.71,V0,True
sn2004gc,V0,372.71,V0,True
sn2004gc,V0,373.7,V0,True
sn2004gc,V0,376.71,V0,True
sn2004gc,V0,380.72,V0,True
sn2004gc,V0,381.7,V0,True
sn2004gc,V0,385.7,V0,True
sn2004gc,V0,387.71,V0,True
sn2004gc,V0,390.62,V0,True
sn2004gc,V0,394.65,V0,True
sn2004gc,V0,397.66,V0,True
sn2004gs,V0,352.85,V0,True
sn2004gs,V0,353.82,V0,True
sn2004gs,V0,356.83,V0,True
sn2004gs,V0,357.77,V0,True
sn2004gs,V0,361.76,V0,True
sn2004gs,V0,362.8,V0,True
sn2004gs,V0,363.79,V0,True
sn2004gs,V0,365.76,V0,True
sn2004gs,V0,372.75,V0,True
sn2004gs,V0,373.79,V0,True
sn2004gs,V0,376.81,V0,True
sn2004gs,V0,377.74,V0,True
sn2004gs,V0,380.77,V0,True
sn2004gs,V0,381.76,V0,True
sn2004gs,V0,383.77,V0,True
sn2004gs,V0,384.73,V0,True
sn2004gs,V0,385.76,V0,True
sn2004gs,V0,386.73,V0,True
sn2004gs,V0,387.75,V0,True
sn2004gs,V0,388.74,V0,True
sn2004gs,V0,389.71,V0,True
sn2004gs,V0,390.7,V0,True
sn2004gs,V0,391.66,V0,True
sn2004gs,V0,392.69,V0,True
sn2004gs,V0,393.73,V0,True
sn2004gs,V0,394.74,V0,True
sn2004gs,V0,398.7,V0,True
sn2004gs,V0,400.65,V0,True
sn2004gs,V0,403.68,V0,True
sn2004gs,V0,406.68,V0,True
sn2004gs,V0,407.7,V0,True
sn2004gs,V0,408.69,V0,True
sn2004gs,V0,409.68,V0,True
sn2004gs,V0,410.7,V0,True
sn2004gs,V0,411.69,V0,True
sn2004gs,V0,412.68,V0,True
sn2004gs,V0,415.68,V0,True
sn2004gs,V0,416.7,V0,True
sn2004gs,V0,417.67,V0,True
sn2004gs,V0,418.67,V0,True
sn2004gs,V0,419.73,V0,True
sn2004gs,V0,420.65,V0,True
sn2004gs,V0,421.68,V0,True
sn2004gs,V0,425.63,V0,True
sn2004gs,V0,426.63,V0,True
sn2004gs,V0,427.63,V0,True
sn2004gs,V0,428.58,V0,True
sn2004gs,V0,429.6,V0,True
sn2004gs,V0,432.71,V0,True
sn2004gs,V0,444.6,V0,True
sn2004gs,V0,445.6,V0,True
sn2004gs,V0,446.59,V0,True
sn2004gs,V0,461.56,V0,True
sn2004gu,V0,357.86,V0,True
sn2004gu,V0,361.84,V0,True
sn2004gu,V0,363.86,V0,True
sn2004gu,V0,365.85,V0,True
sn2004gu,V0,369.86,V0,True
sn2004gu,V0,373.85,V0,True
sn2004gu,V0,376.86,V0,True
sn2004gu,V0,380.86,V0,True
sn2004gu,V0,381.85,V0,True
sn2004gu,V0,384.83,V0,True
sn2004gu,V0,385.85,V0,True
sn2004gu,V0,386.82,V0,True
sn2004gu,V0,387.81,V0,True
sn2004gu,V0,388.82,V0,True
sn2004gu,V0,390.86,V0,True
sn2004gu,V0,391.81,V0,True
sn2004gu,V0,393.83,V0,True
sn2004gu,V0,394.83,V0,True
sn2004gu,V0,399.84,V0,True
sn2004gu,V0,401.84,V0,True
sn2004gu,V0,402.87,V0,True
sn2004gu,V0,403.83,V0,True
sn2004gu,V0,404.85,V0,True
sn2004gu,V0,406.84,V0,True
sn2004gu,V0,408.82,V0,True
sn2004gu,V0,410.84,V0,True
sn2005a,V0,376.65,V0,True
sn2005a,V0,377.62,V0,True
sn2005a,V0,381.59,V0,True
sn2005a,V0,383.63,V0,True
sn2005a,V0,385.58,V0,True
sn2005a,V0,386.59,V0,True
sn2005a,V0,387.62,V0,True
sn2005a,V0,389.55,V0,True
sn2005a,V0,390.55,V0,True
sn2005a,V0,391.62,V0,True
sn2005a,V0,394.56,V0,True
sn2005a,V0,396.54,V0,True
sn2005a,V0,398.58,V0,True
sn2005a,V0,399.58,V0,True
sn2005a,V0,400.6,V0,True
sn2005a,V0,404.61,V0,True
sn2005a,V0,406.59,V0,True
sn2005a,V0,407.56,V0,True
sn2005a,V0,408.57,V0,True
sn2005a,V0,409.56,V0,True
sn2005a,V0,410.55,V0,True
sn2005a,V0,411.57,V0,True
sn2005a,V0,412.56,V0,True
sn2005a,V0,414.57,V0,True
sn2005a,V0,415.57,V0,True
sn2005a,V0,416.57,V0,True
sn2005a,V0,418.56,V0,True
sn2005a,V0,420.57,V0,True
sn2005m,V0,396.77,V0,True
sn2005m,V0,397.73,V0,True
sn2005m,V0,398.76,V0,True
sn2005m,V0,399.72,V0,True
sn2005m,V0,400.72,V0,True
sn2005m,V0,401.7,V0,True
sn2005m,V0,402.69,V0,True
sn2005m,V0,403.74,V0,True
sn2005m,V0,404.72,V0,True
sn2005m,V0,406.72,V0,True
sn2005m,V0,407.77,V0,True
sn2005m,V0,408.73,V0,True
sn2005m,V0,409.73,V0,True
sn2005m,V0,410.74,V0,True
sn2005m,V0,411.73,V0,True
sn2005m,V0,412.72,V0,True
sn2005m,V0,413.7,V0,True
sn2005m,V0,414.68,V0,True
sn2005m,V0,415.73,V0,True
sn2005m,V0,416.66,V0,True
sn2005m,V0,417.71,V0,True
sn2005m,V0,418.71,V0,True
sn2005m,V0,419.68,V0,True
sn2005m,V0,420.74,V0,True
sn2005m,V0,421.77,V0,True
sn2005m,V0,422.69,V0,True
sn2005m,V0,424.67,V0,True
sn2005m,V0,425.66,V0,True
sn2005m,V0,426.67,V0,True
sn2005m,V0,427.67,V0,True
sn2005m,V0,428.64,V0,True
sn2005m,V0,429.66,V0,True
sn2005m,V0,430.65,V0,True
sn2005m,V0,431.62,V0,True
sn2005m,V0,432.65,V0,True
sn2005m,V0,436.66,V0,True
sn2005m,V0,438.65,V0,True
sn2005m,V0,444.67,V0,True
sn2005m,V0,445.66,V0,True
sn2005m,V0,446.67,V0,True
sn2005m,V0,453.58,V0,True
sn2005m,V0,454.61,V0,True
sn2005m,V0,455.62,V0,True
sn2005m,V0,456.59,V0,True
sn2005m,V0,457.59,V0,True
sn2005m,V0,458.58,V0,True
sn2005m,V0,459.57,V0,True
sn2005m,V0,460.57,V0,True
sn2005m,V0,464.55,V0,True
sn2005m,V0,465.61,V0,True
sn2005m,V0,466.6,V0,True
sn2005m,V0,472.55,V0,True
sn2005m,V0,474.53,V0,True
sn2005m,V0,476.52,V0,True
sn2005m,V0,478.55,V0,True
sn2005m,V0,479.55,V0,True
sn2005m,V0,480.51,V0,True
sn2005w,V0,404.54,V0,True
sn2005w,V0,406.54,V0,True
sn2005w,V0,408.53,V0,True
sn2005w,V0,409.53,V0,True
sn2005w,V0,410.53,V0,True
sn2005w,V0,411.53,V0,True
sn2005w,V0,412.53,V0,True
sn2005w,V0,413.53,V0,True
sn2005w,V0,414.52,V0,True
sn2005w,V0,415.52,V0,True
sn2005w,V0,416.52,V0,True
sn2005w,V0,417.52,V0,True
sn2005w,V0,418.52,V0,True
sn2005w,V0,419.52,V0,True
sn2005w,V0,420.51,V0,True
sn2005w,V0,421.52,V0,True
sn2005w,V0,422.51,V0,True
sn2005w,V0,425.51,V0,True
sn2005w,V0,426.5,V0,True
sn2005w,V0,427.51,V0,True
sn2005w,V0,429.51,V0,True
sn2005ag,V0,412.82,V0,True
sn2005ag,V0,413.82,V0,True
sn2005ag,V0,414.87,V0,True
sn2005ag,V0,415.86,V0,True
sn2005ag,V0,416.86,V0,True
sn2005ag,V0,417.85,V0,True
sn2005ag,V0,418.87,V0,True
sn2005ag,V0,419.86,V0,True
sn2005ag,V0,420.89,V0,True
sn2005ag,V0,421.88,V0,True
sn2005ag,V0,422.82,V0,True
sn2005ag,V0,424.82,V0,True
sn2005ag,V0,425.8,V0,True
sn2005ag,V0,426.85,V0,True
sn2005ag,V0,427.84,V0,True
sn2005ag,V0,428.87,V0,True
sn2005ag,V0,429.84,V0,True
sn2005ag,V0,430.89,V0,True
sn2005ag,V0,431.88,V0,True
sn2005ag,V0,432.87,V0,True
sn2005ag,V0,436.82,V0,True
sn2005ag,V0,444.86,V0,True
sn2005ag,V0,445.85,V0,True
sn2005ag,V0,446.86,V0,True
sn2005ag,V0,452.8,V0,True
sn2005ag,V0,453.75,V0,True
sn2005ag,V0,455.83,V0,True
sn2005ag,V0,456.83,V0,True
sn2005ag,V0,457.83,V0,True
sn2005ag,V0,458.82,V0,True
sn2005ag,V0,459.85,V0,True
sn2005ag,V0,460.78,V0,True
sn2005ag,V0,464.85,V0,True
sn2005ag,V0,465.85,V0,True
sn2005ag,V0,466.85,V0,True
sn2005ag,V0,467.83,V0,True
sn2005ag,V0,468.8,V0,True
sn2005ag,V0,472.86,V0,True
sn2005ag,V0,474.78,V0,True
sn2005ag,V0,475.83,V0,True
sn2005ag,V0,477.75,V0,True
sn2005ag,V0,478.83,V0,True
sn2005ag,V0,479.84,V0,True
sn2005al,V0,429.76,V0,True
sn2005al,V0,430.8,V0,True
sn2005al,V0,431.82,V0,True
sn2005al,V0,432.81,V0,True
sn2005al,V0,436.79,V0,True
sn2005al,V0,444.81,V0,True
sn2005al,V0,445.81,V0,True
sn2005al,V0,446.82,V0,True
sn2005al,V0,452.76,V0,True
sn2005al,V0,453.7,V0,True
sn2005al,V0,454.75,V0,True
sn2005al,V0,455.79,V0,True
sn2005al,V0,456.79,V0,True
sn2005al,V0,457.77,V0,True
sn2005al,V0,458.77,V0,True
sn2005al,V0,459.79,V0,True
sn2005al,V0,460.73,V0,True
sn2005al,V0,461.7,V0,True
sn2005al,V0,464.8,V0,True
sn2005al,V0,465.8,V0,True
sn2005al,V0,466.81,V0,True
sn2005al,V0,467.78,V0,True
sn2005al,V0,468.75,V0,True
sn2005al,V0,473.72,V0,True
sn2005al,V0,474.84,V0,True
sn2005al,V0,475.73,V0,True
sn2005al,V0,476.82,V0,True
sn2005al,V0,477.86,V0,True
sn2005al,V0,478.77,V0,True
sn2005al,V0,479.74,V0,True
sn2005al,V0,480.75,V0,True
sn2005al,V0,483.75,V0,True
sn2005al,V0,490.73,V0,True
sn2005al,V0,491.73,V0,True
sn2005al,V0,512.79,V0,True
sn2005am,V0,436.63,V0,True
sn2005am,V0,438.6,V0,True
sn2005am,V0,444.65,V0,True
sn2005am,V0,445.64,V0,True
sn2005am,V0,452.57,V0,True
sn2005am,V0,453.56,V0,True
sn2005am,V0,454.58,V0,True
sn2005am,V0,455.65,V0,True
sn2005am,V0,456.56,V0,True
sn2005am,V0,457.57,V0,True
sn2005am,V0,458.54,V0,True
sn2005am,V0,459.67,V0,True
sn2005am,V0,460.5,V0,True
sn2005am,V0,461.5,V0,True
sn2005am,V0,464.53,V0,True
sn2005am,V0,465.53,V0,True
sn2005am,V0,466.52,V0,True
sn2005am,V0,467.63,V0,True
sn2005am,V0,468.53,V0,True
sn2005am,V0,472.5,V0,True
sn2005am,V0,473.48,V0,True
sn2005am,V0,474.5,V0,True
sn2005am,V0,475.49,V0,True
sn2005am,V0,478.48,V0,True
sn2005am,V0,479.48,V0,True
sn2005am,V0,480.48,V0,True
sn2005am,V0,481.47,V0,True
sn2005am,V0,482.51,V0,True
sn2005am,V0,483.51,V0,True
sn2005am,V0,489.5,V0,True
sn2005am,V0,512.46,V0,True
sn2005be,V0,467.89,V0,True
sn2005be,V0,468.85,V0,True
sn2005be,V0,472.8,V0,True
sn2005be,V0,473.81,V0,True
sn2005be,V0,475.77,V0,True
sn2005be,V0,476.78,V0,True
sn2005be,V0,477.81,V0,True
sn2005be,V0,481.76,V0,True
sn2005be,V0,483.8,V0,True
sn2005be,V0,484.76,V0,True
sn2005be,V0,489.75,V0,True
sn2005be,V0,490.77,V0,True
sn2005be,V0,491.77,V0,True
sn2005bg,V0,471.65,V0,True
sn2005bg,V0,472.67,V0,True
sn2005bg,V0,473.65,V0,True
sn2005bg,V0,474.65,V0,True
sn2005bg,V0,475.68,V0,True
sn2005bg,V0,476.67,V0,True
sn2005bg,V0,477.69,V0,True
sn2005bg,V0,478.71,V0,True
sn2005bg,V0,479.7,V0,True
sn2005bg,V0,480.7,V0,True
sn2005bg,V0,481.66,V0,True
sn2005bg,V0,483.68,V0,True
sn2005bg,V0,484.7,V0,True
sn2005bg,V0,489.64,V0,True
sn2005bg,V0,490.65,V0,True
sn2005bg,V0,491.62,V0,True
sn2005bg,V0,512.61,V0,True
sn2005bl,V0,476.61,V0,True
sn2005bl,V0,477.63,V0,True
sn2005bl,V0,478.65,V0,True
sn2005bl,V0,479.64,V0,True
sn2005bl,V0,480.65,V0,True
sn2005bl,V0,481.6,V0,True
sn2005bl,V0,483.63,V0,True
sn2005bl,V0,484.64,V0,True
sn2005bl,V0,489.59,V0,True
sn2005bl,V0,490.6,V0,True
sn2005bl,V0,491.56,V0,True
sn2005bl,V0,512.57,V0,True
sn2005bo,V0,478.75,V0,True
sn2005bo,V0,479.72,V0,True
sn2005bo,V0,480.73,V0,True
sn2005bo,V0,481.69,V0,True
sn2005bo,V0,484.74,V0,True
sn2005bo,V0,487.72,V0,True
sn2005bo,V0,489.72,V0,True
sn2005bo,V0,490.7,V0,True
sn2005bo,V0,491.71,V0,True
sn2005bo,V0,512.76,V0,True
sn2005el,V0,639.89,V0,True
sn2005el,V0,641.88,V0,True
sn2005el,V0,655.84,V0,True
sn2005el,V0,659.79,V0,True
sn2005el,V0,663.82,V0,True
sn2005el,V0,665.83,V0,True
sn2005el,V0,666.8,V0,True
sn2005el,V0,669.82,V0,True
sn2005el,V0,671.83,V0,True
sn2005el,V0,673.82,V0,True
sn2005el,V0,675.84,V0,True
sn2005el,V0,682.83,V0,True
sn2005el,V0,683.81,V0,True
sn2005el,V0,687.78,V0,True
sn2005el,V0,689.81,V0,True
sn2005el,V0,690.83,V0,True
sn2005el,V0,694.83,V0,True
sn2005el,V0,698.77,V0,True
sn2005el,V0,699.76,V0,True
sn2005el,V0,702.76,V0,True
sn2005el,V0,712.74,V0,True
sn2005el,V0,721.71,V0,True
sn2005el,V0,730.75,V0,True
sn2005eq,V0,650.81,V0,True
sn2005eq,V0,655.77,V0,True
sn2005eq,V0,658.71,V0,True
sn2005eq,V0,659.69,V0,True
sn2005eq,V0,662.77,V0,True
sn2005eq,V0,663.73,V0,True
sn2005eq,V0,665.71,V0,True
sn2005eq,V0,666.76,V0,True
sn2005eq,V0,669.73,V0,True
sn2005eq,V0,671.77,V0,True
sn2005eq,V0,673.77,V0,True
sn2005eq,V0,675.74,V0,True
sn2005eq,V0,682.79,V0,True
sn2005eq,V0,683.74,V0,True
sn2005eq,V0,687.75,V0,True
sn2005eq,V0,694.73,V0,True
sn2005eq,V0,698.67,V0,True
sn2005eq,V0,699.7,V0,True
sn2005eq,V0,707.75,V0,True
sn2005eq,V0,712.69,V0,True
sn2005eq,V0,721.63,V0,True
sn2005eq,V0,726.69,V0,True
sn2005eq,V0,730.7,V0,True
sn2005eq,V0,737.66,V0,True
sn2005eq,V0,741.62,V0,True
sn2005eq,V0,746.65,V0,True
sn2005gj,V0,698.7,V0,True
sn2005gj,V0,699.68,V0,True
sn2005gj,V0,702.68,V0,True
sn2005gj,V0,706.69,V0,True
sn2005gj,V0,712.65,V0,True
sn2005gj,V0,720.66,V0,True
sn2005gj,V0,725.65,V0,True
sn2005gj,V0,728.7,V0,True
sn2005gj,V0,736.62,V0,True
sn2005gj,V0,740.65,V0,True
sn2005gj,V0,741.6,V0,True
sn2005gj,V0,746.62,V0,True
sn2005gj,V0,761.65,V,True
sn2005gj,V0,763.57,V,True
sn2005gj,V0,764.59,V,True
sn2005gj,V0,765.57,V,True
sn2005gj,V0,768.6,V,True
sn2005gj,V0,773.55,V,True
sn2005gj,V0,774.57,V,True
sn2005gj,V0,783.55,V,True
sn2005gj,V0,786.53,V,True
sn2005gj,V0,795.54,V,True
sn2005hc,V0,662.72,V0,True
sn2005hc,V0,663.69,V0,True
sn2005hc,V0,665.66,V0,True
sn2005hc,V0,666.72,V0,True
sn2005hc,V0,669.65,V0,True
sn2005hc,V0,671.74,V0,True
sn2005hc,V0,673.72,V0,True
sn2005hc,V0,675.7,V0,True
sn2005hc,V0,682.75,V0,True
sn2005hc,V0,684.7,V0,True
sn2005hc,V0,687.71,V0,True
sn2005hc,V0,690.73,V0,True
sn2005hc,V0,695.75,V0,True
sn2005hc,V0,699.65,V0,True
sn2005hc,V0,703.69,V0,True
sn2005hc,V0,713.55,V0,True
sn2005hc,V0,722.63,V0,True
sn2005hc,V0,726.63,V0,True
sn2005hc,V0,730.66,V0,True
sn2005hc,V0,737.59,V0,True
sn2005hc,V0,739.63,V0,True
sn2005hc,V0,740.61,V0,True
sn2005hc,V0,746.58,V0,True
sn2005hj,V0,671.67,V0,True
sn2005hj,V0,673.66,V0,True
sn2005hj,V0,675.64,V0,True
sn2005hj,V0,682.69,V0,True
sn2005hj,V0,683.66,V0,True
sn2005hj,V0,690.68,V0,True
sn2005hj,V0,695.7,V0,True
sn2005hj,V0,702.66,V0,True
sn2005hj,V0,707.72,V0,True
sn2005hj,V0,712.6,V0,True
sn2005hj,V0,725.63,V0,True
sn2005hj,V0,729.63,V0,True
sn2005hj,V0,739.6,V0,True
sn2005hj,V0,747.57,V0,True
sn2005hj,V0,761.57,V,True
sn2005hk,V0,675.61,V0,True
sn2005hk,V0,682.58,V0,True
sn2005hk,V0,683.58,V0,True
sn2005hk,V0,684.62,V0,True
sn2005hk,V0,687.59,V0,True
sn2005hk,V0,689.66,V0,True
sn2005hk,V0,690.61,V0,True
sn2005hk,V0,694.65,V0,True
sn2005hk,V0,695.64,V0,True
sn2005hk,V0,698.59,V0,True
sn2005hk,V0,699.62,V0,True
sn2005hk,V0,702.63,V0,True
sn2005hk,V0,706.66,V0,True
sn2005hk,V0,712.57,V0,True
sn2005hk,V0,720.57,V0,True
sn2005hk,V0,725.6,V0,True
sn2005hk,V0,728.61,V0,True
sn2005hk,V0,730.62,V0,True
sn2005hk,V0,736.56,V0,True
sn2005hk,V0,739.56,V0,True
sn2005hk,V0,745.55,V0,True
sn2005hk,V0,748.57,V0,True
sn2005hk,V0,761.54,V,True
sn2005iq,V0,682.55,V0,True
sn2005iq,V0,683.56,V0,True
sn2005iq,V0,684.6,V0,True
sn2005iq,V0,687.55,V0,True
sn2005iq,V0,689.63,V0,True
sn2005iq,V0,690.58,V0,True
sn2005iq,V0,694.62,V0,True
sn2005iq,V0,695.61,V0,True
sn2005iq,V0,698.57,V0,True
sn2005iq,V0,699.6,V0,True
sn2005iq,V0,702.61,V0,True
sn2005iq,V0,706.64,V0,True
sn2005iq,V0,716.61,V0,True
sn2005iq,V0,721.58,V0,True
sn2005iq,V0,726.6,V0,True
sn2005iq,V0,730.59,V0,True
sn2005iq,V0,738.54,V0,True
sn2005iq,V0,746.55,V0,True
sn2005ir,V0,682.62,V0,True
sn2005ir,V0,683.62,V0,True
sn2005ir,V0,684.66,V0,True
sn2005ir,V0,687.64,V0,True
sn2005ir,V0,690.64,V0,True
sn2005ir,V0,694.69,V0,True
sn2005ir,V0,695.67,V0,True
sn2005ir,V0,698.62,V0,True
sn2005ir,V0,703.65,V0,True
sn2005ir,V0,707.68,V0,True
sn2005ir,V0,722.6,V0,True
sn2005ir,V0,728.63,V0,True
sn2005kc,V0,687.52,V0,True
sn2005kc,V0,689.57,V0,True
sn2005kc,V0,690.54,V0,True
sn2005kc,V0,694.58,V0,True
sn2005kc,V0,695.59,V0,True
sn2005kc,V0,698.55,V0,True
sn2005kc,V0,699.54,V0,True
sn2005kc,V0,702.55,V0,True
sn2005kc,V0,706.56,V0,True
sn2005kc,V0,712.53,V0,True
sn2005kc,V0,716.54,V0,True
sn2005kc,V0,720.54,V0,True
sn2005kc,V0,728.54,V0,True
sn2005ke,V0,689.69,V0,True
sn2005ke,V0,690.77,V0,True
sn2005ke,V0,694.76,V0,True
sn2005ke,V0,695.72,V0,True
sn2005ke,V0,698.72,V0,True
sn2005ke,V0,699.72,V0,True
sn2005ke,V0,702.71,V0,True
sn2005ke,V0,703.77,V0,True
sn2005ke,V0,706.72,V0,True
sn2005ke,V0,707.83,V0,True
sn2005ke,V0,712.71,V0,True
sn2005ke,V0,713.68,V0,True
sn2005ke,V0,716.67,V0,True
sn2005ke,V0,720.68,V0,True
sn2005ke,V0,721.66,V0,True
sn2005ke,V0,725.72,V0,True
sn2005ke,V0,730.72,V0,True
sn2005ke,V0,736.67,V0,True
sn2005ke,V0,737.68,V0,True
sn2005ke,V0,741.65,V0,True
sn2005ke,V0,746.68,V0,True
sn2005ke,V0,761.7,V,True
sn2005ke,V0,763.59,V,True
sn2005ke,V0,764.6,V,True
sn2005ke,V0,765.59,V,True
sn2005ke,V0,767.55,V,True
sn2005ke,V0,771.57,V,True
sn2005ke,V0,773.58,V,True
sn2005ke,V0,775.42,V,True
sn2005ke,V0,778.57,V,True
sn2005ke,V0,784.55,V,True
sn2005ke,V0,786.56,V,True
sn2005ke,V0,798.54,V,True
sn2005ke,V0,804.57,V,True
sn2005ke,V0,809.54,V,True
sn2005ke,V0,819.51,V,True
sn2005ki,V0,695.86,V0,True
sn2005ki,V0,702.83,V0,True
sn2005ki,V0,703.86,V0,True
sn2005ki,V0,706.84,V0,True
sn2005ki,V0,707.86,V0,True
sn2005ki,V0,712.84,V0,True
sn2005ki,V0,716.86,V0,True
sn2005ki,V0,720.83,V0,True
sn2005ki,V0,721.84,V0,True
sn2005ki,V0,728.85,V0,True
sn2005ki,V0,730.86,V0,True
sn2005ki,V0,736.81,V0,True
sn2005ki,V0,738.85,V0,True
sn2005ki,V0,740.85,V0,True
sn2005ki,V0,741.82,V0,True
sn2005ki,V0,745.77,V0,True
sn2005ki,V0,748.77,V0,True
sn2005ki,V0,761.77,V,True
sn2005ki,V0,762.78,V,True
sn2005ki,V0,763.78,V,True
sn2005ki,V0,764.79,V,True
sn2005ki,V0,765.77,V,True
sn2005ki,V0,771.75,V,True
sn2005ki,V0,772.84,V,True
sn2005ki,V0,774.74,V,True
sn2005ki,V0,775.61,V,True
sn2005ki,V0,778.76,V,True
sn2005ki,V0,783.69,V,True
sn2005ki,V0,784.76,V,True
sn2005ki,V0,795.73,V,True
sn2005ki,V0,798.74,V,True
sn2005ki,V0,804.74,V,True
sn2005ki,V0,805.67,V,True
sn2005ki,V0,818.67,V,True
sn2005ki,V0,819.69,V,True
sn2005ki,V0,823.64,V,True
sn2005ki,V0,831.62,V,True
sn2005ki,V0,838.64,V,True
sn2005ki,V0,840.6,V,True
sn2005ki,V0,846.64,V,True
sn2005ki,V0,858.54,V,True
sn2005ki,V0,861.5,V,True
sn2005ku,V0,699.56,V0,True
sn2005ku,V0,702.57,V0,True
sn2005ku,V0,707.57,V0,True
sn2005ku,V0,712.55,V0,True
sn2005ku,V0,716.56,V0,True
sn2005ku,V0,729.56,V0,True
sn2005lu,V0,720.63,V0,True
sn2005lu,V0,721.61,V0,True
sn2005lu,V0,726.66,V0,True
sn2005lu,V0,728.67,V0,True
sn2005lu,V0,737.63,V0,True
sn2005lu,V0,738.63,V0,True
sn2005lu,V0,745.58,V0,True
sn2005lu,V0,748.63,V0,True
sn2005lu,V0,761.61,V,True
sn2005lu,V0,763.54,V,True
sn2005lu,V0,765.54,V,True
sn2005lu,V0,771.54,V,True
sn2005lu,V0,774.54,V,True
sn2005lu,V0,783.53,V,True
sn2005lu,V0,788.54,V,True
sn2005lu,V0,799.52,V,True
sn2005mc,V0,736.79,V0,True
sn2005mc,V0,737.77,V0,True
sn2005mc,V0,738.75,V0,True
sn2005mc,V0,740.79,V0,True
sn2005mc,V0,741.72,V0,True
sn2005mc,V0,746.75,V0,True
sn2005mc,V0,747.76,V0,True
sn2005mc,V0,760.67,V,True
sn2005mc,V0,762.69,V,True
sn2005mc,V0,763.64,V,True
sn2005mc,V0,764.69,V,True
sn2005mc,V0,765.64,V,True
sn2005mc,V0,768.68,V,True
sn2005mc,V0,771.63,V,True
sn2005mc,V0,773.62,V,True
sn2005na,V0,738.71,V0,True
sn2005na,V0,740.77,V0,True
sn2005na,V0,741.7,V0,True
sn2005na,V0,745.65,V0,True
sn2005na,V0,748.71,V0,True
sn2005na,V0,760.64,V,True
sn2005na,V0,762.66,V,True
sn2005na,V0,763.62,V,True
sn2005na,V0,764.66,V,True
sn2005na,V0,765.62,V,True
sn2005na,V0,767.64,V,True
sn2005na,V0,771.6,V,True
sn2005na,V0,772.63,V,True
sn2005na,V0,774.63,V,True
sn2005na,V0,781.63,V,True
sn2005na,V0,784.61,V,True
sn2005na,V0,785.62,V,True
sn2005na,V0,786.6,V,True
sn2005na,V0,788.59,V,True
sn2005na,V0,795.6,V,True
sn2005na,V0,798.62,V,True
sn2005na,V0,805.54,V,True
sn2005na,V0,818.53,V,True
sn2005na,V0,834.54,V,True
sn2006d,V0,760.8,V,True
sn2006d,V0,761.8,V,True
sn2006d,V0,762.81,V,True
sn2006d,V0,763.8,V,True
sn2006d,V0,764.85,V,True
sn2006d,V0,765.83,V,True
sn2006d,V0,767.85,V,True
sn2006d,V0,772.82,V,True
sn2006d,V0,773.73,V,True
sn2006d,V0,774.83,V,True
sn2006d,V0,778.89,V,True
sn2006d,V0,781.74,V,True
sn2006d,V0,783.74,V,True
sn2006d,V0,785.84,V,True
sn2006d,V0,786.9,V,True
sn2006d,V0,788.89,V,True
sn2006d,V0,790.82,V,True
sn2006d,V0,795.85,V,True
sn2006d,V0,798.82,V,True
sn2006d,V0,799.82,V,True
sn2006d,V0,802.82,V,True
sn2006d,V0,804.86,V,True
sn2006d,V0,805.82,V,True
sn2006d,V0,809.76,V,True
sn2006d,V0,815.75,V,True
sn2006d,V0,818.82,V,True
sn2006d,V0,819.81,V,True
sn2006d,V0,824.78,V,True
sn2006d,V0,831.74,V,True
sn2006d,V0,835.76,V,True
sn2006d,V0,840.69,V,True
sn2006d,V0,845.69,V,True
sn2006d,V0,850.7,V,True
sn2006d,V0,858.64,V,True
sn2006d,V0,861.63,V,True
sn2006d,V0,862.7,V,True
sn2006d,V0,870.66,V,True
sn2006d,V0,891.61,V,True
sn2006x,V0,775.68,V,True
sn2006x,V0,778.86,V,True
sn2006x,V0,780.87,V,True
sn2006x,V0,783.72,V,True
sn2006x,V0,784.83,V,True
sn2006x,V0,785.81,V,True
sn2006x,V0,786.84,V,True
sn2006x,V0,788.85,V,True
sn2006x,V0,790.8,V,True
sn2006x,V0,795.78,V,True
sn2006x,V0,798.8,V,True
sn2006x,V0,799.8,V,True
sn2006x,V0,802.79,V,True
sn2006x,V0,804.78,V,True
sn2006x,V0,805.74,V,True
sn2006x,V0,809.74,V,True
sn2006x,V0,815.72,V,True
sn2006x,V0,818.79,V,True
sn2006x,V0,819.77,V,True
sn2006x,V0,824.75,V,True
sn2006x,V0,831.71,V,True
sn2006x,V0,832.78,V,True
sn2006x,V0,835.67,V,True
sn2006x,V0,838.7,V,True
sn2006x,V0,841.74,V,True
sn2006x,V0,845.66,V,True
sn2006x,V0,850.67,V,True
sn2006x,V0,853.67,V,True
sn2006x,V0,858.6,V,True
sn2006x,V0,862.67,V,True
sn2006x,V0,866.62,V,True
sn2006x,V0,870.64,V,True
sn2006x,V0,872.63,V,True
sn2006x,V0,890.59,V,True
sn2006x,V0,891.59,V,True
sn2006x,V0,906.46,V,True
sn2006ax,V0,815.64,V,True
sn2006ax,V0,816.77,V,True
sn2006ax,V0,818.7,V,True
sn2006ax,V0,819.73,V,True
sn2006ax,V0,821.6,V,True
sn2006ax,V0,823.67,V,True
sn2006ax,V0,824.67,V,True
sn2006ax,V0,831.65,V,True
sn2006ax,V0,832.65,V,True
sn2006ax,V0,834.74,V,True
sn2006ax,V0,835.59,V,True
sn2006ax,V0,838.67,V,True
sn2006ax,V0,840.63,V,True
sn2006ax,V0,841.69,V,True
sn2006ax,V0,845.57,V,True
sn2006ax,V0,850.63,V,True
sn2006ax,V0,858.57,V,True
sn2006ax,V0,861.57,V,True
sn2006ax,V0,866.56,V,True
sn2006ax,V0,867.63,V,True
sn2006ax,V0,870.58,V,True
sn2006ax,V0,871.54,V,True
sn2006ax,V0,872.54,V,True
sn2006ax,V0,890.56,V,True
sn2006ax,V0,891.5,V,True
sn2006bd,V0,823.7,V,True
sn2006bd,V0,831.67,V,True
sn2006bd,V0,833.69,V,True
sn2006bd,V0,834.67,V,True
sn2006bd,V0,841.65,V,True
sn2006bd,V0,845.62,V,True
sn2006bd,V0,866.59,V,True
sn2006bd,V0,872.57,V,True
sn2006bh,V0,831.9,V,True
sn2006bh,V0,832.92,V,True
sn2006bh,V0,833.91,V,True
sn2006bh,V0,835.93,V,True
sn2006bh,V0,838.88,V,True
sn2006bh,V0,841.92,V,True
sn2006bh,V0,845.88,V,True
sn2006bh,V0,846.88,V,True
sn2006bh,V0,850.85,V,True
sn2006bh,V0,853.92,V,True
sn2006bh,V0,858.86,V,True
sn2006bh,V0,861.87,V,True
sn2006bh,V0,862.84,V,True
sn2006bh,V0,866.84,V,True
sn2006bh,V0,867.84,V,True
sn2006bh,V0,870.85,V,True
sn2006bh,V0,871.83,V,True
sn2006bh,V0,872.82,V,True
sn2006bh,V0,891.79,V,True
sn2006br,V0,858.69,V,True
sn2006br,V0,861.68,V,True
sn2006br,V0,862.65,V,True
sn2006br,V0,866.65,V,True
sn2006br,V0,867.68,V,True
sn2006br,V0,870.71,V,True
sn2006br,V0,871.66,V,True
sn2006br,V0,872.69,V,True
sn2006bt,V0,853.76,V,True
sn2006bt,V0,858.76,V,True
sn2006bt,V0,861.78,V,True
sn2006bt,V0,862.74,V,True
sn2006bt,V0,866.71,V,True
sn2006bt,V0,867.76,V,True
sn2006bt,V0,870.78,V,True
sn2006bt,V0,871.72,V,True
sn2006bt,V0,872.75,V,True
sn2006bt,V0,890.69,V,True
sn2006bt,V0,891.71,V,True
sn2006dd,V0,906.94,V,True
sn2006dd,V0,981.84,V,True
sn2006dd,V0,986.84,V,True
sn2006dd,V0,994.85,V,True
sn2006dd,V0,998.86,V,True
sn2006dd,V0,1001.9,V,True
sn2006dd,V0,1007.9,V,True
sn2006dd,V0,1014.82,V,True
sn2006dd,V0,1017.83,V,True
sn2006dd,V0,1046.68,V,True
sn2006dd,V0,1048.82,V,True
sn2006dd,V0,1049.78,V,True
sn2006dd,V0,1052.75,V,True
sn2006dd,V0,1056.74,V,True
sn2006dd,V0,1060.77,V,True
sn2006dd,V0,1065.76,V,True
sn2006dd,V0,1066.83,V,True
sn2006dd,V0,1068.76,V,True
sn2006dd,V0,1071.67,V,True
sn2006dd,V0,1073.73,V,True
sn2006dd,V0,1076.72,V,True
sn2006dd,V0,1080.77,V,True
sn2006dd,V0,1084.68,V,True
sn2006dd,V0,1087.63,V,True
sn2006dd,V0,1092.68,V,True
sn2006dd,V0,1096.66,V,True
sn2006dd,V0,1099.63,V,True
sn2006dd,V0,1100.66,V,True
sn2006dd,V0,1104.72,V,True
sn2006dd,V0,1106.65,V,True
sn2006dd,V0,1108.65,V,True
sn2006dd,V0,1110.61,V,True
sn2006dd,V0,1123.63,V,True
sn2006dd,V0,1127.69,V,True
sn2006dd,V0,1130.57,V,True
sn2006dd,V0,1133.6,V,True
sn2006dd,V0,1136.63,V,True
sn2006dd,V0,1143.56,V,True
sn2006dd,V0,1147.57,V,True
sn2006ef,V0,979.9,V,True
sn2006ef,V0,981.81,V,True
sn2006ef,V0,986.81,V,True
sn2006ef,V0,998.8,V,True
sn2006ef,V0,1001.84,V,True
sn2006ef,V0,1003.82,V,True
sn2006ef,V0,1008.8,V,True
sn2006ef,V0,1014.71,V,True
sn2006ef,V0,1036.73,V,True
sn2006ef,V0,1040.71,V,True
sn2006ej,V0,979.74,V,True
sn2006ej,V0,981.71,V,True
sn2006ej,V0,986.68,V,True
sn2006ej,V0,998.66,V,True
sn2006ej,V0,1001.6,V,True
sn2006ej,V0,1003.61,V,True
sn2006ej,V0,1008.6,V,True
sn2006ej,V0,1012.59,V,True
sn2006ej,V0,1017.74,V,True
sn2006ej,V0,1018.7,V,True
sn2006ej,V0,1025.64,V,True
sn2006ej,V0,1040.61,V,True
sn2006ej,V0,1046.74,V,True
sn2006eq,V0,981.64,V,True
sn2006eq,V0,983.53,V,True
sn2006eq,V0,986.62,V,True
sn2006eq,V0,988.55,V,True
sn2006eq,V0,991.62,V,True
sn2006eq,V0,994.54,V,True
sn2006eq,V0,998.52,V,True
sn2006eq,V0,1001.51,V,True
sn2006eq,V0,1003.52,V,True
sn2006eq,V0,1007.54,V,True
sn2006eq,V0,1008.51,V,True
sn2006eq,V0,1018.51,V,True
sn2006et,V0,986.71,V,True
sn2006et,V0,988.58,V,True
sn2006et,V0,991.67,V,True
sn2006et,V0,994.74,V,True
sn2006et,V0,998.69,V,True
sn2006et,V0,1001.63,V,True
sn2006et,V0,1003.65,V,True
sn2006et,V0,1007.68,V,True
sn2006et,V0,1008.64,V,True
sn2006et,V0,1012.54,V,True
sn2006et,V0,1013.62,V,True
sn2006et,V0,1017.78,V,True
sn2006et,V0,1025.67,V,True
sn2006et,V0,1029.7,V,True
sn2006et,V0,1039.68,V,True
sn2006et,V0,1044.63,V,True
sn2006et,V0,1046.58,V,True
sn2006et,V0,1052.61,V,True
sn2006et,V0,1060.55,V,True
sn2006et,V0,1066.62,V,True
sn2006et,V0,1076.56,V,True
sn2006et,V0,1091.56,V,True
sn2006et,V0,1099.54,V,True
sn2006ev,V0,994.59,V,True
sn2006ev,V0,998.56,V,True
sn2006ev,V0,1001.55,V,True
sn2006ev,V0,1003.57,V,True
sn2006ev,V0,1007.58,V,True
sn2006ev,V0,1008.55,V,True
sn2006ev,V0,1014.56,V,True
sn2006ev,V0,1018.56,V,True
sn2006ev,V0,1025.55,V,True
sn2006ev,V0,1038.53,V,True
sn2006fw,V0,1001.75,V,True
sn2006fw,V0,1007.77,V,True
sn2006fw,V0,1013.73,V,True
sn2006fw,V0,1018.8,V,True
sn2006fw,V0,1025.74,V,True
sn2006fw,V0,1039.73,V,True
sn2006gj,V0,998.83,V,True
sn2006gj,V0,1001.87,V,True
sn2006gj,V0,1003.89,V,True
sn2006gj,V0,1007.84,V,True
sn2006gj,V0,1013.78,V,True
sn2006gj,V0,1029.77,V,True
sn2006gj,V0,1036.78,V,True
sn2006gj,V0,1038.82,V,True
sn2006gj,V0,1039.81,V,True
sn2006gj,V0,1042.7,V,True
sn2006gj,V0,1048.74,V,True
sn2006gj,V0,1052.73,V,True
sn2006gj,V0,1056.69,V,True
sn2006gj,V0,1060.73,V,True
sn2006gj,V0,1066.79,V,True
sn2006gj,V0,1069.67,V,True
sn2006gj,V0,1079.73,V,True
sn2006gt,V0,1001.67,V,True
sn2006gt,V0,1003.69,V,True
sn2006gt,V0,1007.71,V,True
sn2006gt,V0,1008.68,V,True
sn2006gt,V0,1018.75,V,True
sn2006gt,V0,1028.69,V,True
sn2006gt,V0,1036.66,V,True
sn2006gt,V0,1039.64,V,True
sn2006gt,V0,1046.62,V,True
sn2006gt,V0,1052.64,V,True
sn2006gt,V0,1066.58,V,True
sn2006gt,V0,1076.62,V,True
sn2006hb,V0,1007.88,V,True
sn2006hb,V0,1008.87,V,True
sn2006hb,V0,1013.82,V,True
sn2006hb,V0,1014.85,V,True
sn2006hb,V0,1017.87,V,True
sn2006hb,V0,1018.86,V,True
sn2006hb,V0,1020.88,V,True
sn2006hb,V0,1025.84,V,True
sn2006hb,V0,1029.84,V,True
sn2006hb,V0,1038.85,V,True
sn2006hb,V0,1042.8,V,True
sn2006hb,V0,1049.82,V,True
sn2006hb,V0,1068.8,V,True
sn2006hb,V0,1076.74,V,True
sn2006hb,V0,1085.7,V,True
sn2006hb,V0,1091.78,V,True
sn2006hb,V0,1096.69,V,True
sn2006hb,V0,1099.68,V,True
sn2006hb,V0,1104.75,V,True
sn2006hb,V0,1108.72,V,True
sn2006hb,V0,1119.66,V,True
sn2006hb,V0,1121.66,V,True
sn2006hb,V0,1125.62,V,True
sn2006hb,V0,1133.63,V,True
sn2006hb,V0,1136.66,V,True
sn2006hb,V0,1143.59,V,True
sn2006hx,V0,1012.66,V,True
sn2006hx,V0,1013.66,V,True
sn2006hx,V0,1028.73,V,True
sn2006hx,V0,1036.7,V,True
sn2006hx,V0,1038.66,V,True
sn2006hx,V0,1040.67,V,True
sn2006hx,V0,1049.63,V,True
sn2006hx,V0,1052.7,V,True
sn2006hx,V0,1060.6,V,True
sn2006is,V0,1008.9,V,True
sn2006is,V0,1013.88,V,True
sn2006is,V0,1017.89,V,True
sn2006is,V0,1018.89,V,True
sn2006is,V0,1025.87,V,True
sn2006is,V0,1028.86,V,True
sn2006is,V0,1036.85,V,True
sn2006is,V0,1039.84,V,True
sn2006is,V0,1042.77,V,True
sn2006is,V0,1048.85,V,True
sn2006is,V0,1052.81,V,True
sn2006is,V0,1056.78,V,True
sn2006is,V0,1060.82,V,True
sn2006is,V0,1065.8,V,True
sn2006is,V0,1071.7,V,True
sn2006is,V0,1080.85,V,True
sn2006is,V0,1084.74,V,True
sn2006is,V0,1087.7,V,True
sn2006is,V0,1092.73,V,True
sn2006is,V0,1096.72,V,True
sn2006is,V0,1099.73,V,True
sn2006is,V0,1102.67,V,True
sn2006is,V0,1106.7,V,True
sn2006is,V0,1108.76,V,True
sn2006is,V0,1118.72,V,True
sn2006is,V0,1121.69,V,True
sn2006is,V0,1123.71,V,True
sn2006is,V0,1125.67,V,True
sn2006kf,V0,1036.81,V,True
sn2006kf,V0,1038.78,V,True
sn2006kf,V0,1039.77,V,True
sn2006kf,V0,1042.73,V,True
sn2006kf,V0,1048.78,V,True
sn2006kf,V0,1052.77,V,True
sn2006kf,V0,1056.71,V,True
sn2006kf,V0,1060.69,V,True
sn2006kf,V0,1065.72,V,True
sn2006kf,V0,1068.72,V,True
sn2006kf,V0,1069.72,V,True
sn2006kf,V0,1075.7,V,True
sn2006kf,V0,1080.72,V,True
sn2006kf,V0,1084.65,V,True
sn2006kf,V0,1087.67,V,True
sn2006kf,V0,1091.69,V,True
sn2006kf,V0,1096.63,V,True
sn2006kf,V0,1102.64,V,True
sn2006kf,V0,1119.61,V,True
sn2006kf,V0,1127.64,V,True
sn2006lu,V0,1040.84,V,True
sn2006lu,V0,1042.83,V,True
sn2006lu,V0,1046.78,V,True
sn2006lu,V0,1048.88,V,True
sn2006lu,V0,1052.84,V,True
sn2006lu,V0,1056.83,V,True
sn2006lu,V0,1060.86,V,True
sn2006lu,V0,1065.85,V,True
sn2006lu,V0,1068.85,V,True
sn2006lu,V0,1071.83,V,True
sn2006lu,V0,1073.85,V,True
sn2006lu,V0,1076.84,V,True
sn2006lu,V0,1084.77,V,True
sn2006lu,V0,1085.83,V,True
sn2006lu,V0,1087.79,V,True
sn2006lu,V0,1091.85,V,True
sn2006lu,V0,1099.86,V,True
sn2006lu,V0,1100.82,V,True
sn2006lu,V0,1104.82,V,True
sn2006lu,V0,1106.81,V,True
sn2006lu,V0,1110.81,V,True
sn2006lu,V0,1112.86,V,True
sn2006lu,V0,1121.79,V,True
sn2006lu,V0,1125.82,V,True
sn2006lu,V0,1131.76,V,True
sn2006lu,V0,1136.82,V,True
sn2006lu,V0,1137.75,V,True
sn2006mr,V0,1046.68,V,True
sn2006mr,V0,1048.82,V,True
sn2006mr,V0,1049.78,V,True
sn2006mr,V0,1052.75,V,True
sn2006mr,V0,1056.74,V,True
sn2006mr,V0,1060.78,V,True
sn2006mr,V0,1065.76,V,True
sn2006mr,V0,1066.83,V,True
sn2006mr,V0,1068.76,V,True
sn2006mr,V0,1071.67,V,True
sn2006mr,V0,1073.73,V,True
sn2006mr,V0,1076.72,V,True
sn2006mr,V0,1080.77,V,True
sn2006mr,V0,1084.68,V,True
sn2006mr,V0,1087.63,V,True
sn2006mr,V0,1092.68,V,True
sn2006mr,V0,1096.66,V,True
sn2006mr,V0,1099.63,V,True
sn2006mr,V0,1100.66,V,True
sn2006mr,V0,1104.72,V,True
sn2006mr,V0,1106.65,V,True
sn2006mr,V0,1108.65,V,True
sn2006mr,V0,1118.68,V,True
sn2006mr,V0,1127.69,V,True
sn2006mr,V0,1133.6,V,True
sn2006mr,V0,1136.62,V,True
sn2006mr,V0,1143.57,V,True
sn2006mr,V0,1147.57,V,True
sn2006ob,V0,1060.65,V,True
sn2006ob,V0,1065.58,V,True
sn2006ob,V0,1073.61,V,True
sn2006ob,V0,1075.62,V,True
sn2006ob,V0,1079.65,V,True
sn2006ob,V0,1084.56,V,True
sn2006ob,V0,1092.59,V,True
sn2006ob,V0,1104.56,V,True
sn2006ob,V0,1112.58,V,True
sn2006ob,V0,1121.57,V,True
sn2006os,V0,1065.63,V,True
sn2006os,V0,1066.75,V,True
sn2006os,V0,1069.63,V,True
sn2006os,V0,1073.65,V,True
sn2006os,V0,1075.64,V,True
sn2006os,V0,1080.67,V,True
sn2006os,V0,1084.62,V,True
sn2006os,V0,1087.6,V,True
sn2006os,V0,1091.6,V,True
sn2006os,V0,1096.57,V,True
sn2006os,V0,1102.61,V,True
sn2006os,V0,1105.6,V,True
sn2006os,V0,1108.61,V,True
sn2006os,V0,1121.61,V,True
sn2006ot,V0,1065.68,V,True
sn2006ot,V0,1066.72,V,True
sn2006ot,V0,1069.58,V,True
sn2006ot,V0,1071.64,V,True
sn2006ot,V0,1073.69,V,True
sn2006ot,V0,1075.67,V,True
sn2006ot,V0,1079.69,V,True
sn2006ot,V0,1084.59,V,True
sn2006ot,V0,1091.65,V,True
sn2006ot,V0,1096.54,V,True
sn2006ot,V0,1099.58,V,True
sn2006ot,V0,1106.59,V,True
sn2006ot,V0,1112.66,V,True
sn2006ot,V0,1119.57,V,True
sn2006py,V0,1069.54,V,True
sn2006py,V0,1073.53,V,True
sn2006py,V0,1075.56,V,True
sn2006py,V0,1080.54,V,True
sn2006py,V0,1084.53,V,True
sn2006py,V0,1087.54,V,True
sn2007a,V0,1108.54,V,True
sn2007a,V0,1110.55,V,True
sn2007a,V0,1112.54,V,True
sn2007a,V0,1119.53,V,True
sn2007a,V0,1121.54,V,True
sn2007a,V0,1127.53,V,True
sn2007a,V0,1131.53,V,True
sn2007a,V0,1133.53,V,True
sn2007n,V0,1123.82,V,True
sn2007n,V0,1125.88,V,True
sn2007n,V0,1127.83,V,True
sn2007n,V0,1128.85,V,True
sn2007n,V0,1131.81,V,True
sn2007n,V0,1133.81,V,True
sn2007n,V0,1143.82,V,True
sn2007n,V0,1147.76,V,True
sn2007n,V0,1153.81,V,True
sn2007n,V0,1154.79,V,True
sn2007n,V0,1158.79,V,True
sn2007n,V0,1160.8,V,True
sn2007n,V0,1161.73,V,True
sn2007n,V0,1169.74,V,True
sn2007n,V0,1174.78,V,True
sn2007n,V0,1181.78,V,True
sn2007n,V0,1185.74,V,True
sn2007n,V0,1199.71,V,True
sn2007n,V0,1200.83,V,True
sn2007n,V0,1203.8,V,True
sn2007n,V0,1207.65,V,True
sn2007n,V0,1213.67,V,True
sn2007s,V0,1133.84,V,True
sn2007s,V0,1137.8,V,True
sn2007s,V0,1143.76,V,True
sn2007s,V0,1153.77,V,True
sn2007s,V0,1154.66,V,True
sn2007s,V0,1158.71,V,True
sn2007s,V0,1160.68,V,True
sn2007s,V0,1161.67,V,True
sn2007s,V0,1165.72,V,True
sn2007s,V0,1166.67,V,True
sn2007s,V0,1169.69,V,True
sn2007s,V0,1174.75,V,True
sn2007s,V0,1185.69,V,True
sn2007s,V0,1194.62,V,True
sn2007s,V0,1199.6,V,True
sn2007s,V0,1203.71,V,True
sn2007s,V0,1213.63,V,True
sn2007af,V0,1165.8,V,True
sn2007af,V0,1166.8,V,True
sn2007af,V0,1169.87,V,True
sn2007af,V0,1170.82,V,True
sn2007af,V0,1171.87,V,True
sn2007af,V0,1172.86,V,True
sn2007af,V0,1174.85,V,True
sn2007af,V0,1179.83,V,True
sn2007af,V0,1181.81,V,True
sn2007af,V0,1182.78,V,True
sn2007af,V0,1185.82,V,True
sn2007af,V0,1190.78,V,True
sn2007af,V0,1194.79,V,True
sn2007af,V0,1197.79,V,True
sn2007af,V0,1199.73,V,True
sn2007af,V0,1202.84,V,True
sn2007af,V0,1204.84,V,True
sn2007af,V0,1207.76,V,True
sn2007af,V0,1211.78,V,True
sn2007af,V0,1213.74,V,True
sn2007af,V0,1218.76,V,True
sn2007af,V0,1224.78,V,True
sn2007af,V0,1226.81,V,True
sn2007af,V0,1231.79,V,True
sn2007af,V0,1239.74,V,True
sn2007af,V0,1246.67,V,True
sn2007af,V0,1256.69,V,True
sn2007ai,V0,1172.89,V,True
sn2007ai,V0,1174.88,V,True
sn2007ai,V0,1179.89,V,True
sn2007ai,V0,1181.86,V,True
sn2007ai,V0,1182.83,V,True
sn2007ai,V0,1185.87,V,True
sn2007ai,V0,1190.87,V,True
sn2007ai,V0,1194.87,V,True
sn2007ai,V0,1199.79,V,True
sn2007ai,V0,1200.87,V,True
sn2007ai,V0,1203.89,V,True
sn2007ai,V0,1213.83,V,True
sn2007ai,V0,1227.87,V,True
sn2007ai,V0,1231.88,V,True
sn2007ai,V0,1235.78,V,True
sn2007ai,V0,1243.79,V,True
sn2007al,V0,1170.77,V,True
sn2007al,V0,1174.6,V,True
sn2007al,V0,1179.57,V,True
sn2007al,V0,1181.72,V,True
sn2007al,V0,1190.65,V,True
sn2007al,V0,1194.6,V,True
sn2007al,V0,1197.62,V,True
sn2007al,V0,1202.71,V,True
sn2007al,V0,1207.68,V,True
sn2007al,V0,1213.56,V,True
sn2007al,V0,1218.57,V,True
sn2007al,V0,1235.52,V,True
sn2007al,V0,1239.55,V,True
sn2007al,V0,1241.5,V,True
sn2007al,V0,1246.58,V,True
sn2007as,V0,1181.7,V,True
sn2007as,V0,1182.72,V,True
sn2007as,V0,1185.62,V,True
sn2007as,V0,1190.7,V,True
sn2007as,V0,1194.57,V,True
sn2007as,V0,1197.59,V,True
sn2007as,V0,1203.75,V,True
sn2007as,V0,1207.58,V,True
sn2007as,V0,1213.53,V,True
sn2007as,V0,1218.61,V,True
sn2007as,V0,1224.53,V,True
sn2007as,V0,1227.6,V,True
sn2007as,V0,1229.55,V,True
sn2007as,V0,1231.58,V,True
sn2007as,V0,1236.5,V,True
sn2007as,V0,1239.52,V,True
sn2007as,V0,1243.56,V,True
sn2007as,V0,1245.53,V,True
sn2007as,V0,1259.49,V,True
sn2007ax,V0,1185.56,V,True
sn2007ax,V0,1190.62,V,True
sn2007ax,V0,1194.52,V,True
sn2007ax,V0,1197.56,V,True
sn2007ax,V0,1207.51,V,True
sn2007ax,V0,1213.47,V,True
sn2007ax,V0,1219.49,V,True
sn2007ax,V0,1224.47,V,True
sn2007ax,V0,1229.48,V,True
sn2007ax,V0,1235.46,V,True
sn2007ax,V0,1239.46,V,True
sn2007ax,V0,1246.46,V,True
sn2007ba,V0,1190.83,V,True
sn2007ba,V0,1194.84,V,True
sn2007ba,V0,1197.85,V,True
sn2007ba,V0,1200.85,V,True
sn2007ba,V0,1202.88,V,True
sn2007ba,V0,1203.85,V,True
sn2007ba,V0,1207.79,V,True
sn2007ba,V0,1211.81,V,True
sn2007ba,V0,1213.77,V,True
sn2007ba,V0,1218.85,V,True
sn2007ba,V0,1224.74,V,True
sn2007ba,V0,1227.79,V,True
sn2007ba,V0,1229.79,V,True
sn2007ba,V0,1232.73,V,True
sn2007ba,V0,1243.74,V,True
sn2007ba,V0,1246.7,V,True
sn2007ba,V0,1255.61,V,True
sn2007bc,V0,1197.65,V,True
sn2007bc,V0,1199.66,V,True
sn2007bc,V0,1202.68,V,True
sn2007bc,V0,1203.67,V,True
sn2007bc,V0,1206.63,V,True
sn2007bc,V0,1207.61,V,True
sn2007bc,V0,1213.59,V,True
sn2007bc,V0,1224.61,V,True
sn2007bc,V0,1227.63,V,True
sn2007bc,V0,1231.62,V,True
sn2007bc,V0,1232.63,V,True
sn2007bc,V0,1235.55,V,True
sn2007bc,V0,1239.58,V,True
sn2007bc,V0,1259.53,V,True
sn2007bd,V0,1197.53,V,True
sn2007bd,V0,1199.54,V,True
sn2007bd,V0,1206.61,V,True
sn2007bd,V0,1207.55,V,True
sn2007bd,V0,1213.5,V,True
sn2007bd,V0,1218.53,V,True
sn2007bd,V0,1224.5,V,True
sn2007bd,V0,1227.56,V,True
sn2007bd,V0,1235.49,V,True
sn2007bd,V0,1239.49,V,True
sn2007bd,V0,1245.49,V,True
sn2007bd,V0,1259.46,V,True
sn2007bm,V0,1224.67,V,True
sn2007bm,V0,1227.65,V,True
sn2007bm,V0,1229.58,V,True
sn2007bm,V0,1231.66,V,True
sn2007bm,V0,1235.59,V,True
sn2007bm,V0,1239.61,V,True
sn2007bm,V0,1241.56,V,True
sn2007bm,V0,1249.56,V,True
sn2007bm,V0,1255.57,V,True
sn2007bm,V0,1259.56,V,True
sn2007ca,V0,1218.68,V,True
sn2007ca,V0,1224.71,V,True
sn2007ca,V0,1227.73,V,True
sn2007ca,V0,1229.69,V,True
sn2007ca,V0,1231.74,V,True
sn2007ca,V0,1232.7,V,True
sn2007ca,V0,1235.66,V,True
sn2007ca,V0,1239.67,V,True
sn2007ca,V0,1243.7,V,True
sn2007ca,V0,1246.64,V,True
sn2007ca,V0,1255.7,V,True
sn2007ca,V0,1259.63,V,True
sn2007cg,V0,1235.63,V,True
sn2007cg,V0,1239.64,V,True
sn2007cg,V0,1241.61,V,True
sn2007cg,V0,1243.66,V,True
sn2007cg,V0,1246.61,V,True
sn2007cg,V0,1255.66,V,True
sn2007cg,V0,1256.66,V,True
sn2007cg,V0,1259.59,V,True
sn2007hj,V0,1348.76,V,True
sn2007hj,V0,1349.73,V,True
sn2007hj,V0,1351.65,V,True
sn2007hj,V0,1354.69,V,True
sn2007hj,V0,1357.66,V,True
sn2007hj,V0,1359.64,V,True
sn2007hj,V0,1362.63,V,True
sn2007hj,V0,1363.61,V,True
sn2007hj,V0,1364.65,V,True
sn2007hj,V0,1365.66,V,True
sn2007hj,V0,1368.64,V,True
sn2007hj,V0,1375.56,V,True
sn2007hj,V0,1376.55,V,True
sn2007hj,V0,1378.68,V,True
sn2007hj,V0,1380.63,V,True
sn2007hj,V0,1382.63,V,True
sn2007hj,V0,1383.61,V,True
sn2007hj,V0,1385.62,V,True
sn2007hj,V0,1392.57,V,True
sn2007hj,V0,1394.61,V,True
sn2007hj,V0,1395.53,V,True
sn2007hj,V0,1400.56,V,True
sn2007hj,V0,1407.57,V,True
sn2007hj,V0,1417.55,V,True
sn2007hj,V0,1421.53,V,True
sn2007hj,V0,1426.58,V,True
sn2007hj,V0,1428.54,V,True
sn2007hx,V0,1354.78,V,True
sn2007hx,V0,1357.83,V,True
sn2007hx,V0,1359.78,V,True
sn2007hx,V0,1363.7,V,True
sn2007hx,V0,1365.79,V,True
sn2007hx,V0,1376.7,V,True
sn2007hx,V0,1378.8,V,True
sn2007hx,V0,1380.79,V,True
sn2007hx,V0,1383.7,V,True
sn2007if,V0,1357.77,V,True
sn2007if,V0,1359.74,V,True
sn2007if,V0,1362.75,V,True
sn2007if,V0,1363.74,V,True
sn2007if,V0,1364.69,V,True
sn2007if,V0,1366.75,V,True
sn2007if,V0,1368.73,V,True
sn2007if,V0,1376.65,V,True
sn2007if,V0,1380.69,V,True
sn2007if,V0,1392.73,V,True
sn2007if,V0,1395.72,V,True
sn2007if,V0,1403.71,V,True
sn2007if,V0,1409.66,V,True
sn2007if,V0,1421.64,V,True
sn2007if,V0,1428.62,V,True
sn2007if,V0,1435.59,V,True
sn2007if,V0,1443.6,V,True
sn2007jd,V0,1362.83,V,True
sn2007jd,V0,1363.78,V,True
sn2007jd,V0,1364.81,V,True
sn2007jd,V0,1365.84,V,True
sn2007jd,V0,1376.75,V,True
sn2007jd,V0,1378.84,V,True
sn2007jd,V0,1380.82,V,True
sn2007jd,V0,1383.74,V,True
sn2007jd,V0,1385.83,V,True
sn2007jd,V0,1392.8,V,True
sn2007jg,V0,1363.82,V,True
sn2007jg,V0,1364.86,V,True
sn2007jg,V0,1365.88,V,True
sn2007jg,V0,1368.84,V,True
sn2007jg,V0,1376.81,V,True
sn2007jg,V0,1378.87,V,True
sn2007jg,V0,1380.85,V,True
sn2007jg,V0,1383.78,V,True
sn2007jg,V0,1385.86,V,True
sn2007jg,V0,1392.84,V,True
sn2007jg,V0,1394.77,V,True
sn2007jg,V0,1395.82,V,True
sn2007jg,V0,1397.75,V,True
sn2007jg,V0,1403.84,V,True
sn2007jg,V0,1411.75,V,True
sn2007jg,V0,1413.75,V,True
sn2007jg,V0,1417.74,V,True
sn2007jg,V0,1421.7,V,True
sn2007jh,V0,1363.86,V,True
sn2007jh,V0,1364.89,V,True
sn2007jh,V0,1368.87,V,True
sn2007jh,V0,1376.86,V,True
sn2007jh,V0,1380.88,V,True
sn2007jh,V0,1385.89,V,True
sn2007jh,V0,1392.86,V,True
sn2007jh,V0,1394.8,V,True
sn2007jh,V0,1395.86,V,True
sn2007le,V0,1392.6,V,True
sn2007le,V0,1394.59,V,True
sn2007le,V0,1395.59,V,True
sn2007le,V0,1398.5,V,True
sn2007le,V0,1400.59,V,True
sn2007le,V0,1403.56,V,True
sn2007le,V0,1407.61,V,True
sn2007le,V0,1409.57,V,True
sn2007le,V0,1411.58,V,True
sn2007le,V0,1413.59,V,True
sn2007le,V0,1417.63,V,True
sn2007le,V0,1421.55,V,True
sn2007le,V0,1426.56,V,True
sn2007le,V0,1428.57,V,True
sn2007le,V0,1430.55,V,True
sn2007le,V0,1435.54,V,True
sn2007le,V0,1440.56,V,True
sn2007le,V0,1443.63,V,True
sn2007le,V0,1445.55,V,True
sn2007le,V0,1449.55,V,True
sn2007le,V0,1455.53,V,True
sn2007le,V0,1456.55,V,True
sn2007le,V0,1457.53,V,True
sn2007le,V0,1466.53,V,True
sn2007le,V0,1470.55,V,True
sn2007mm,V0,1385.72,V,True
sn2007mm,V0,1392.68,V,True
sn2007mm,V0,1394.69,V,True
sn2007mm,V0,1395.66,V,True
sn2007mm,V0,1400.73,V,True
sn2007mm,V0,1403.65,V,True
sn2007mm,V0,1409.74,V,True
sn2007mm,V0,1418.69,V,True
sn2007nq,V0,1397.65,V,True
sn2007nq,V0,1400.67,V,True
sn2007nq,V0,1403.6,V,True
sn2007nq,V0,1407.74,V,True
sn2007nq,V0,1409.64,V,True
sn2007nq,V0,1411.62,V,True
sn2007nq,V0,1413.63,V,True
sn2007nq,V0,1417.65,V,True
sn2007nq,V0,1421.62,V,True
sn2007nq,V0,1422.63,V,True
sn2007nq,V0,1423.62,V,True
sn2007nq,V0,1427.66,V,True
sn2007nq,V0,1430.62,V,True
sn2007nq,V0,1435.56,V,True
sn2007nq,V0,1440.59,V,True
sn2007nq,V0,1443.66,V,True
sn2007nq,V0,1445.62,V,True
sn2007nq,V0,1449.58,V,True
sn2007nq,V0,1455.56,V,True
sn2007nq,V0,1456.57,V,True
sn2007nq,V0,1457.56,V,True
sn2007nq,V0,1466.56,V,True
sn2007nq,V0,1468.56,V,True
sn2007nq,V0,1472.54,V,True
sn2007nq,V0,1476.56,V,True
sn2007ol,V0,1409.79,V,True
sn2007ol,V0,1411.66,V,True
sn2007ol,V0,1413.71,V,True
sn2007ol,V0,1417.68,V,True
sn2007ol,V0,1418.72,V,True
sn2007ol,V0,1421.67,V,True
sn2007ol,V0,1422.66,V,True
sn2007on,V0,1411.79,V,True
sn2007on,V0,1413.82,V,True
sn2007on,V0,1417.72,V,True
sn2007on,V0,1418.75,V,True
sn2007on,V0,1422.73,V,True
sn2007on,V0,1423.73,V,True
sn2007on,V0,1426.66,V,True
sn2007on,V0,1428.72,V,True
sn2007on,V0,1435.66,V,True
sn2007on,V0,1443.73,V,True
sn2007on,V0,1445.73,V,True
sn2007on,V0,1449.7,V,True
sn2007on,V0,1453.64,V,True
sn2007on,V0,1455.62,V,True
sn2007on,V0,1458.69,V,True
sn2007on,V0,1462.73,V,True
sn2007on,V0,1468.64,V,True
sn2007on,V0,1484.59,V,True
sn2007on,V0,1488.58,V,True
sn2007on,V0,1494.62,V,True
sn2007on,V0,1497.62,V,True
sn2007on,V0,1499.6,V,True
sn2007on,V0,1508.61,V,True
sn2007so,V0,1449.68,V,True
sn2007so,V0,1453.6,V,True
sn2007so,V0,1457.6,V,True
sn2007so,V0,1458.58,V,True
sn2007so,V0,1462.56,V,True
sn2007so,V0,1464.6,V,True
sn2007so,V0,1467.61,V,True
sn2007so,V0,1469.55,V,True
sn2007sr,V0,1455.76,V,True
sn2007sr,V0,1456.76,V,True
sn2007sr,V0,1457.8,V,True
sn2007sr,V0,1458.84,V,True
sn2007sr,V0,1462.8,V,True
sn2007sr,V0,1464.85,V,True
sn2007sr,V0,1467.78,V,True
sn2007sr,V0,1468.78,V,True
sn2007sr,V0,1469.81,V,True
sn2007sr,V0,1470.79,V,True
sn2007sr,V0,1476.79,V,True
sn2007sr,V0,1484.78,V,True
sn2007sr,V0,1488.74,V,True
sn2007sr,V0,1490.81,V,True
sn2007sr,V0,1494.86,V,True
sn2007sr,V0,1497.79,V,True
sn2007sr,V0,1499.77,V,True
sn2007sr,V0,1508.87,V,True
sn2007sr,V0,1512.8,V,True
sn2007sr,V0,1515.77,V,True
sn2007sr,V0,1517.77,V,True
sn2007sr,V0,1523.79,V,True
sn2007sr,V0,1527.77,V,True
sn2007sr,V0,1532.7,V,True
sn2007sr,V0,1542.67,V,True
sn2007sr,V0,1549.72,V,True
sn2007sr,V0,1558.66,V,True
sn2007sr,V0,1566.77,V,True
sn2007sr,V0,1571.67,V,True
sn2007sr,V0,1578.72,V,True
sn2007st,V0,1458.66,V,True
sn2007st,V0,1466.66,V,True
sn2007st,V0,1469.59,V,True
sn2007st,V0,1470.57,V,True
sn2007st,V0,1472.59,V,True
sn2007st,V0,1475.59,V,True
sn2007st,V0,1480.55,V,True
sn2007st,V0,1486.56,V,True
sn2007ux,V0,1466.86,V,True
sn2007ux,V0,1467.76,V,True
sn2007ux,V0,1468.76,V,True
sn2007ux,V0,1469.79,V,True
sn2007ux,V0,1470.77,V,True
sn2007ux,V0,1476.76,V,True
sn2007ux,V0,1478.79,V,True
sn2007ux,V0,1480.78,V,True
sn2007ux,V0,1484.73,V,True
sn2007ux,V0,1486.75,V,True
sn2007ux,V0,1492.77,V,True
sn2007ux,V0,1494.74,V,True
sn2007ux,V0,1497.72,V,True
sn2007ux,V0,1499.72,V,True
sn2007ux,V0,1512.74,V,True
sn2007ux,V0,1519.71,V,True
sn2007ux,V0,1521.77,V,True
sn2007ux,V0,1523.72,V,True
sn2007ux,V0,1527.68,V,True
sn2007ux,V0,1532.67,V,True
sn2007ux,V0,1549.64,V,True
sn2007ux,V0,1558.61,V,True
sn2008c,V0,1469.81,V,True
sn2008c,V0,1470.67,V,True
sn2008c,V0,1475.65,V,True
sn2008c,V0,1476.67,V,True
sn2008c,V0,1478.66,V,True
sn2008c,V0,1480.66,V,True
sn2008c,V0,1484.61,V,True
sn2008c,V0,1492.72,V,True
sn2008c,V0,1497.62,V,True
sn2008c,V0,1499.61,V,True
sn2008c,V0,1521.58,V,True
sn2008c,V0,1523.55,V,True
sn2008c,V0,1532.55,V,True
sn2008c,V0,1545.51,V,True
sn2008c,V0,1552.5,V,True
sn2008j,V0,1484.54,V,True
sn2008j,V0,1486.59,V,True
sn2008j,V0,1488.56,V,True
sn2008j,V0,1490.55,V,True
sn2008j,V0,1492.58,V,True
sn2008j,V0,1493.59,V,True
sn2008j,V0,1494.54,V,True
sn2008j,V0,1497.54,V,True
sn2008j,V0,1499.55,V,True
sn2008j,V0,1515.52,V,True
sn2008o,V0,1490.64,V,True
sn2008o,V0,1492.68,V,True
sn2008o,V0,1493.69,V,True
sn2008o,V0,1494.7,V,True
sn2008o,V0,1497.66,V,True
sn2008o,V0,1499.65,V,True
sn2008o,V0,1508.71,V,True
sn2008o,V0,1512.63,V,True
sn2008o,V0,1517.62,V,True
sn2008o,V0,1519.61,V,True
sn2008o,V0,1521.61,V,True
sn2008o,V0,1523.58,V,True
sn2008o,V0,1527.58,V,True
sn2008o,V0,1532.59,V,True
sn2008o,V0,1541.62,V,True
sn2008o,V0,1545.55,V,True
sn2008o,V0,1566.58,V,True
sn2008o,V0,1571.48,V,True
sn2008r,V0,1493.63,V,True
sn2008r,V0,1494.59,V,True
sn2008r,V0,1497.59,V,True
sn2008r,V0,1499.58,V,True
sn2008r,V0,1508.58,V,True
sn2008r,V0,1512.55,V,True
sn2008r,V0,1517.56,V,True
sn2008r,V0,1519.56,V,True
sn2008r,V0,1521.55,V,True
sn2008r,V0,1523.52,V,True
sn2008r,V0,1527.51,V,True
sn2008r,V0,1532.52,V,True
sn2008ae,V0,1508.74,V,True
sn2008ae,V0,1512.71,V,True
sn2008ae,V0,1515.71,V,True
sn2008ae,V0,1517.71,V,True
sn2008ae,V0,1519.66,V,True
sn2008ae,V0,1521.73,V,True
sn2008ae,V0,1523.7,V,True
sn2008ae,V0,1527.66,V,True
sn2008ae,V0,1532.62,V,True
sn2008ae,V0,1541.66,V,True
sn2008ae,V0,1547.66,V,True
sn2008ae,V0,1549.62,V,True
sn2008ae,V0,1552.64,V,True
sn2008ae,V0,1558.59,V,True
sn2008ae,V0,1564.59,V,True
sn2008ae,V0,1569.63,V,True
sn2008ae,V0,1591.54,V,True
sn2008ae,V0,1597.56,V,True
sn2008ar,V0,1527.79,V,True
sn2008ar,V0,1541.74,V,True
sn2008ar,V0,1542.75,V,True
sn2008ar,V0,1543.75,V,True
sn2008ar,V0,1545.75,V,True
sn2008ar,V0,1547.75,V,True
sn2008ar,V0,1551.78,V,True
sn2008ar,V0,1552.8,V,True
sn2008ar,V0,1558.7,V,True
sn2008ar,V0,1562.74,V,True
sn2008ar,V0,1564.72,V,True
sn2008ar,V0,1570.66,V,True
sn2008ar,V0,1571.72,V,True
sn2008ar,V0,1572.71,V,True
sn2008ar,V0,1576.67,V,True
sn2008ar,V0,1582.7,V,True
sn2008ar,V0,1592.69,V,True
sn2008ar,V0,1606.6,V,True
sn2008bc,V0,1542.56,V,True
sn2008bc,V0,1543.6,V,True
sn2008bc,V0,1545.68,V,True
sn2008bc,V0,1547.59,V,True
sn2008bc,V0,1548.58,V,True
sn2008bc,V0,1549.58,V,True
sn2008bc,V0,1551.69,V,True
sn2008bc,V0,1552.69,V,True
sn2008bc,V0,1560.62,V,True
sn2008bc,V0,1564.62,V,True
sn2008bc,V0,1570.55,V,True
sn2008bc,V0,1573.56,V,True
sn2008bc,V0,1574.63,V,True
sn2008bc,V0,1575.6,V,True
sn2008bc,V0,1576.56,V,True
sn2008bc,V0,1582.58,V,True
sn2008bc,V0,1589.57,V,True
sn2008bc,V0,1592.54,V,True
sn2008bc,V0,1595.65,V,True
sn2008bc,V0,1606.5,V,True
sn2008bc,V0,1618.51,V,True
sn2008bc,V0,1626.48,V,True
sn2008bc,V0,1644.46,V,True
sn2008bd,V0,1542.6,V,True
sn2008bd,V0,1543.65,V,True
sn2008bd,V0,1547.68,V,True
sn2008bd,V0,1548.68,V,True
sn2008bd,V0,1549.66,V,True
sn2008bd,V0,1551.64,V,True
sn2008bd,V0,1560.64,V,True
sn2008bd,V0,1568.71,V,True
sn2008bd,V0,1570.61,V,True
sn2008bd,V0,1576.62,V,True
sn2008bf,V0,1547.73,V,True
sn2008bf,V0,1548.74,V,True
sn2008bf,V0,1551.73,V,True
sn2008bf,V0,1552.73,V,True
sn2008bf,V0,1558.68,V,True
sn2008bf,V0,1560.69,V,True
sn2008bf,V0,1562.69,V,True
sn2008bf,V0,1564.7,V,True
sn2008bf,V0,1566.71,V,True
sn2008bf,V0,1568.69,V,True
sn2008bf,V0,1569.68,V,True
sn2008bf,V0,1570.64,V,True
sn2008bf,V0,1571.69,V,True
sn2008bf,V0,1573.67,V,True
sn2008bf,V0,1575.63,V,True
sn2008bf,V0,1576.65,V,True
sn2008bf,V0,1580.68,V,True
sn2008bf,V0,1587.66,V,True
sn2008bf,V0,1589.65,V,True
sn2008bf,V0,1591.62,V,True
sn2008bf,V0,1595.61,V,True
sn2008bf,V0,1606.57,V,True
sn2008bf,V0,1616.55,V,True
sn2008bf,V0,1626.51,V,True
sn2008bf,V0,1628.52,V,True
sn2008bf,V0,1644.49,V,True
sn2008bf,V0,1646.49,V,True
sn2008bi,V0,1551.52,V,True
sn2008bi,V0,1552.61,V,True
sn2008bi,V0,1558.53,V,True
sn2008bi,V0,1560.51,V,True
sn2008bi,V0,1562.56,V,True
sn2008bi,V0,1566.56,V,True
sn2008bi,V0,1568.53,V,True
sn2008bi,V0,1569.56,V,True
sn2008bi,V0,1570.52,V,True
sn2008bi,V0,1573.53,V,True
sn2008bi,V0,1575.57,V,True
sn2008bi,V0,1576.5,V,True
sn2008bi,V0,1578.51,V,True
sn2008bi,V0,1595.52,V,True
sn2008bq,V0,1562.49,V,True
sn2008bq,V0,1566.52,V,True
sn2008bq,V0,1568.49,V,True
sn2008bq,V0,1569.51,V,True
sn2008bq,V0,1570.49,V,True
sn2008bq,V0,1572.48,V,True
sn2008bq,V0,1573.5,V,True
sn2008bq,V0,1574.47,V,True
sn2008bq,V0,1575.5,V,True
sn2008bq,V0,1576.48,V,True
sn2008bq,V0,1580.49,V,True
sn2008bq,V0,1589.51,V,True
sn2008bq,V0,1591.47,V,True
sn2008bq,V0,1595.48,V,True
sn2008bq,V0,1599.48,V,True
sn2008bq,V0,1606.46,V,True
sn2008bt,V0,1571.61,V,True
sn2008bt,V0,1572.68,V,True
sn2008bt,V0,1575.69,V,True
sn2008bt,V0,1578.64,V,True
sn2008bt,V0,1582.66,V,True
sn2008bt,V0,1589.62,V,True
sn2008bt,V0,1591.59,V,True
sn2008bt,V0,1597.62,V,True
sn2008bt,V0,1606.53,V,True
sn2008bt,V0,1618.53,V,True
sn2008bt,V0,1624.56,V,True
sn2008bt,V0,1630.54,V,True
sn2008bt,V0,1644.52,V,True
sn2008bt,V0,1651.47,V,True
sn2008bz,V0,1580.72,V,True
sn2008bz,V0,1582.74,V,True
sn2008bz,V0,1583.62,V,True
sn2008bz,V0,1587.69,V,True
sn2008bz,V0,1589.68,V,True
sn2008bz,V0,1591.65,V,True
sn2008bz,V0,1597.66,V,True
sn2008bz,V0,1606.63,V,True
sn2008bz,V0,1618.57,V,True
sn2008bz,V0,1630.57,V,True
sn2008bz,V0,1651.52,V,True
sn2008cc,V0,1582.86,V,True
sn2008cc,V0,1583.86,V,True
sn2008cc,V0,1587.82,V,True
sn2008cc,V0,1589.82,V,True
sn2008cc,V0,1591.81,V,True
sn2008cc,V0,1592.88,V,True
sn2008cc,V0,1595.85,V,True
sn2008cc,V0,1597.8,V,True
sn2008cc,V0,1606.77,V,True
sn2008cc,V0,1616.73,V,True
sn2008cc,V0,1618.73,V,True
sn2008cc,V0,1624.81,V,True
sn2008cc,V0,1628.78,V,True
sn2008cc,V0,1630.78,V,True
sn2008cc,V0,1644.7,V,True
sn2008cc,V0,1646.72,V,True
sn2008cc,V0,1648.77,V,True
sn2008cc,V0,1650.8,V,True
sn2008cc,V0,1651.78,V,True
sn2008cc,V0,1653.76,V,True
sn2008cc,V0,1654.86,V,True
sn2008cd,V0,1587.74,V,True
sn2008cd,V0,1589.77,V,True
sn2008cd,V0,1591.72,V,True
sn2008cd,V0,1592.77,V,True
sn2008cd,V0,1595.73,V,True
sn2008cf,V0,1595.77,V,True
sn2008cf,V0,1597.76,V,True
sn2008cf,V0,1599.68,V,True
sn2008cf,V0,1606.69,V,True
sn2008cf,V0,1616.65,V,True
sn2008cf,V0,1624.68,V,True
sn2008cf,V0,1626.65,V,True
sn2008cf,V0,1628.69,V,True
sn2008cf,V0,1630.65,V,True
sn2008cf,V0,1644.6,V,True
sn2008cf,V0,1648.67,V,True
sn2008cf,V0,1653.64,V,True
sn2008cf,V0,1654.65,V,True
sn2008ff,V0,1724.53,V,True
sn2008ff,V0,1725.54,V,True
sn2008ff,V0,1726.51,V,True
sn2008ff,V0,1728.51,V,True
sn2008ff,V0,1729.5,V,True
sn2008ff,V0,1732.62,V,True
sn2008ff,V0,1739.53,V,True
sn2008ff,V0,1740.53,V,True
sn2008ff,V0,1742.56,V,True
sn2008ff,V0,1744.53,V,True
sn2008ff,V0,1747.55,V,True
sn2008ff,V0,1749.53,V,True
sn2008ff,V0,1753.58,V,True
sn2008ff,V0,1756.56,V,True
sn2008ff,V0,1759.54,V,True
sn2008ff,V0,1760.55,V,True
sn2008ff,V0,1765.57,V,True
sn2008ff,V0,1772.51,V,True
sn2008ff,V0,1777.52,V,True
sn2008ff,V0,1781.51,V,True
sn2008ff,V0,1785.52,V,True
sn2008ff,V0,1786.57,V,True
sn2008ff,V0,1790.57,V,True
sn2008fl,V0,1724.49,V,True
sn2008fl,V0,1725.5,V,True
sn2008fl,V0,1726.49,V,True
sn2008fl,V0,1728.49,V,True
sn2008fl,V0,1729.49,V,True
sn2008fl,V0,1732.53,V,True
sn2008fl,V0,1739.5,V,True
sn2008fl,V0,1740.5,V,True
sn2008fl,V0,1742.51,V,True
sn2008fl,V0,1744.49,V,True
sn2008fl,V0,1747.51,V,True
sn2008fl,V0,1749.5,V,True
sn2008fl,V0,1752.51,V,True
sn2008fl,V0,1753.5,V,True
sn2008fl,V0,1756.51,V,True
sn2008fl,V0,1759.51,V,True
sn2008fl,V0,1760.51,V,True
sn2008fl,V0,1765.52,V,True
sn2008fl,V0,1768.51,V,True
sn2008fl,V0,1776.53,V,True
sn2008fl,V0,1779.52,V,True
sn2008fl,V0,1783.52,V,True
sn2008fl,V0,1789.53,V,True
sn2008fp,V0,1724.84,V,True
sn2008fp,V0,1725.83,V,True
sn2008fp,V0,1726.83,V,True
sn2008fp,V0,1728.82,V,True
sn2008fp,V0,1729.81,V,True
sn2008fp,V0,1732.83,V,True
sn2008fp,V0,1740.81,V,True
sn2008fp,V0,1744.83,V,True
sn2008fp,V0,1747.81,V,True
sn2008fp,V0,1749.81,V,True
sn2008fp,V0,1751.8,V,True
sn2008fp,V0,1752.87,V,True
sn2008fp,V0,1753.88,V,True
sn2008fp,V0,1759.85,V,True
sn2008fp,V0,1760.81,V,True
sn2008fp,V0,1765.84,V,True
sn2008fp,V0,1768.82,V,True
sn2008fp,V0,1770.8,V,True
sn2008fp,V0,1779.83,V,True
sn2008fp,V0,1781.83,V,True
sn2008fp,V0,1783.81,V,True
sn2008fp,V0,1790.84,V,True
sn2008fp,V0,1792.77,V,True
sn2008fp,V0,1795.77,V,True
sn2008fp,V0,1797.86,V,True
sn2008fp,V0,1803.83,V,True
sn2008fp,V0,1809.73,V,True
sn2008fp,V0,1813.83,V,True
sn2008fp,V0,1814.72,V,True
sn2008fp,V0,1820.73,V,True
sn2008fr,V0,1740.72,V,True
sn2008fr,V0,1742.76,V,True
sn2008fr,V0,1744.7,V,True
sn2008fr,V0,1747.69,V,True
sn2008fr,V0,1749.67,V,True
sn2008fr,V0,1751.67,V,True
sn2008fr,V0,1752.67,V,True
sn2008fr,V0,1755.66,V,True
sn2008fr,V0,1756.69,V,True
sn2008fr,V0,1759.65,V,True
sn2008fr,V0,1760.64,V,True
sn2008fr,V0,1765.66,V,True
sn2008fr,V0,1766.66,V,True
sn2008fr,V0,1772.64,V,True
sn2008fr,V0,1779.62,V,True
sn2008fr,V0,1783.63,V,True
sn2008fr,V0,1789.63,V,True
sn2008fr,V0,1793.56,V,True
sn2008fr,V0,1798.62,V,True
sn2008fr,V0,1801.64,V,True
sn2008fr,V0,1807.57,V,True
sn2008fu,V0,1740.75,V,True
sn2008fu,V0,1744.74,V,True
sn2008fu,V0,1747.75,V,True
sn2008fu,V0,1749.73,V,True
sn2008fu,V0,1752.79,V,True
sn2008fu,V0,1753.81,V,True
sn2008fu,V0,1756.85,V,True
sn2008fu,V0,1759.79,V,True
sn2008fu,V0,1760.78,V,True
sn2008fu,V0,1765.79,V,True
sn2008fu,V0,1766.79,V,True
sn2008fu,V0,1770.69,V,True
sn2008fu,V0,1772.81,V,True
sn2008fu,V0,1776.78,V,True
sn2008fu,V0,1779.8,V,True
sn2008fu,V0,1783.77,V,True
sn2008fu,V0,1790.79,V,True
sn2008fu,V0,1793.78,V,True
sn2008fu,V0,1797.81,V,True
sn2008fu,V0,1817.67,V,True
sn2008fw,V0,1740.89,V,True
sn2008fw,V0,1747.86,V,True
sn2008fw,V0,1749.87,V,True
sn2008fw,V0,1751.88,V,True
sn2008fw,V0,1755.87,V,True
sn2008fw,V0,1760.84,V,True
sn2008fw,V0,1765.87,V,True
sn2008fw,V0,1766.88,V,True
sn2008fw,V0,1768.85,V,True
sn2008fw,V0,1770.83,V,True
sn2008fw,V0,1772.85,V,True
sn2008fw,V0,1777.85,V,True
sn2008fw,V0,1783.84,V,True
sn2008fw,V0,1786.87,V,True
sn2008fw,V0,1792.81,V,True
sn2008fw,V0,1793.82,V,True
sn2008fw,V0,1795.81,V,True
sn2008fw,V0,1801.85,V,True
sn2008fw,V0,1802.76,V,True
sn2008fw,V0,1809.83,V,True
sn2008fw,V0,1814.82,V,True
sn2008fw,V0,1817.8,V,True
sn2008fw,V0,1824.86,V,True
sn2008fw,V0,1827.81,V,True
sn2008gg,V0,1753.63,V,True
sn2008gg,V0,1755.71,V,True
sn2008gg,V0,1756.65,V,True
sn2008gg,V0,1759.69,V,True
sn2008gg,V0,1760.68,V,True
sn2008gg,V0,1765.74,V,True
sn2008gg,V0,1766.75,V,True
sn2008gg,V0,1768.64,V,True
sn2008gg,V0,1770.63,V,True
sn2008gg,V0,1772.71,V,True
sn2008gg,V0,1776.68,V,True
sn2008gg,V0,1777.66,V,True
sn2008gg,V0,1779.66,V,True
sn2008gg,V0,1781.65,V,True
sn2008gg,V0,1783.7,V,True
sn2008gg,V0,1785.65,V,True
sn2008gg,V0,1786.66,V,True
sn2008gg,V0,1790.66,V,True
sn2008gg,V0,1797.67,V,True
sn2008gg,V0,1803.69,V,True
sn2008gg,V0,1807.62,V,True
sn2008gg,V0,1810.62,V,True
sn2008gg,V0,1814.61,V,True
sn2008gg,V0,1818.61,V,True
sn2008gg,V0,1824.64,V,True
sn2008gg,V0,1827.57,V,True
sn2008gl,V0,1765.7,V,True
sn2008gl,V0,1766.71,V,True
sn2008gl,V0,1768.61,V,True
sn2008gl,V0,1770.6,V,True
sn2008gl,V0,1772.68,V,True
sn2008gl,V0,1776.64,V,True
sn2008gl,V0,1779.59,V,True
sn2008gl,V0,1781.62,V,True
sn2008gl,V0,1783.67,V,True
sn2008gl,V0,1789.68,V,True
sn2008gl,V0,1792.56,V,True
sn2008gl,V0,1795.63,V,True
sn2008gl,V0,1801.71,V,True
sn2008gl,V0,1802.6,V,True
sn2008gl,V0,1806.6,V,True
sn2008gl,V0,1809.63,V,True
sn2008gl,V0,1814.57,V,True
sn2008gl,V0,1818.57,V,True
sn2008gl,V0,1820.59,V,True
sn2008gl,V0,1824.55,V,True
sn2008gl,V0,1831.58,V,True
sn2008gl,V0,1844.55,V,True
sn2008go,V0,1765.61,V,True
sn2008go,V0,1766.56,V,True
sn2008go,V0,1768.55,V,True
sn2008go,V0,1770.51,V,True
sn2008go,V0,1772.57,V,True
sn2008go,V0,1776.58,V,True
sn2008gp,V0,1768.75,V,True
sn2008gp,V0,1770.73,V,True
sn2008gp,V0,1772.78,V,True
sn2008gp,V0,1776.73,V,True
sn2008gp,V0,1779.77,V,True
sn2008gp,V0,1781.75,V,True
sn2008gp,V0,1783.74,V,True
sn2008gp,V0,1786.84,V,True
sn2008gp,V0,1790.74,V,True
sn2008gp,V0,1792.69,V,True
sn2008gp,V0,1793.7,V,True
sn2008gp,V0,1795.73,V,True
sn2008gp,V0,1801.78,V,True
sn2008gp,V0,1802.72,V,True
sn2008gp,V0,1803.8,V,True
sn2008gp,V0,1806.73,V,True
sn2008gp,V0,1808.74,V,True
sn2008gp,V0,1809.7,V,True
sn2008gp,V0,1810.71,V,True
sn2008gp,V0,1813.64,V,True
sn2008gp,V0,1814.69,V,True
sn2008ha,V0,1781.55,V,True
sn2008ha,V0,1783.56,V,True
sn2008ha,V0,1785.58,V,True
sn2008ha,V0,1786.53,V,True
sn2008ha,V0,1789.58,V,True
sn2008ha,V0,1792.52,V,True
sn2008ha,V0,1793.52,V,True
sn2008ha,V0,1795.52,V,True
sn2008ha,V0,1797.53,V,True
sn2008ha,V0,1798.53,V,True
sn2008ha,V0,1801.56,V,True
sn2008ha,V0,1802.53,V,True
sn2008ha,V0,1803.54,V,True
sn2008ha,V0,1806.53,V,True
sn2008ha,V0,1807.53,V,True
sn2008ha,V0,1808.53,V,True
sn2008ha,V0,1809.53,V,True
sn2008hj,V0,1795.56,V,True
sn2008hj,V0,1797.58,V,True
sn2008hj,V0,1798.58,V,True
sn2008hj,V0,1801.6,V,True
sn2008hj,V0,1802.56,V,True
sn2008hj,V0,1803.58,V,True
sn2008hj,V0,1806.57,V,True
sn2008hj,V0,1808.56,V,True
sn2008hj,V0,1809.56,V,True
sn2008hj,V0,1810.58,V,True
sn2008hj,V0,1813.55,V,True
sn2008hj,V0,1817.53,V,True
sn2008hj,V0,1818.54,V,True
sn2008hj,V0,1820.55,V,True
sn2008hj,V0,1830.54,V,True
sn2008hj,V0,1834.55,V,True
sn2008hu,V0,1806.76,V,True
sn2008hu,V0,1810.76,V,True
sn2008hu,V0,1813.76,V,True
sn2008hu,V0,1814.76,V,True
sn2008hu,V0,1818.71,V,True
sn2008hu,V0,1820.78,V,True
sn2008hu,V0,1821.71,V,True
sn2008hu,V0,1824.79,V,True
sn2008hu,V0,1830.67,V,True
sn2008hu,V0,1831.71,V,True
sn2008hu,V0,1834.8,V,True
sn2008hu,V0,1837.78,V,True
sn2008hu,V0,1839.68,V,True
sn2008hu,V0,1840.68,V,True
sn2008hv,V0,1806.79,V,True
sn2008hv,V0,1808.81,V,True
sn2008hv,V0,1809.8,V,True
sn2008hv,V0,1810.8,V,True
sn2008hv,V0,1813.79,V,True
sn2008hv,V0,1817.77,V,True
sn2008hv,V0,1818.77,V,True
sn2008hv,V0,1827.76,V,True
sn2008hv,V0,1830.74,V,True
sn2008hv,V0,1831.77,V,True
sn2008hv,V0,1834.83,V,True
sn2008hv,V0,1837.81,V,True
sn2008hv,V0,1838.8,V,True
sn2008hv,V0,1839.76,V,True
sn2008hv,V0,1840.74,V,True
sn2008hv,V0,1841.74,V,True
sn2008hv,V0,1842.86,V,True
sn2008hv,V0,1844.79,V,True
sn2008hv,V0,1856.76,V,True
sn2008hv,V0,1867.71,V,True
sn2008hv,V0,1870.73,V,True
sn2008hv,V0,1874.64,V,True
sn2008hv,V0,1878.65,V,True
sn2008hv,V0,1884.68,V,True
sn2008ia,V0,1809.77,V,True
sn2008ia,V0,1813.72,V,True
sn2008ia,V0,1814.79,V,True
sn2008ia,V0,1818.74,V,True
sn2008ia,V0,1821.79,V,True
sn2008ia,V0,1830.71,V,True
sn2008ia,V0,1831.74,V,True
sn2008ia,V0,1834.75,V,True
sn2008ia,V0,1838.77,V,True
sn2008ia,V0,1839.72,V,True
sn2008ia,V0,1840.71,V,True
sn2008ia,V0,1841.72,V,True
sn2008ia,V0,1845.86,V,True
sn2008ia,V0,1856.73,V,True
sn2008ia,V0,1858.76,V,True
sn2009d,V0,1834.67,V,True
sn2009d,V0,1837.72,V,True
sn2009d,V0,1838.68,V,True
sn2009d,V0,1839.59,V,True
sn2009d,V0,1840.62,V,True
sn2009d,V0,1841.59,V,True
sn2009d,V0,1842.59,V,True
sn2009d,V0,1844.64,V,True
sn2009d,V0,1845.64,V,True
sn2009d,V0,1848.61,V,True
sn2009d,V0,1855.61,V,True
sn2009d,V0,1856.6,V,True
sn2009d,V0,1859.63,V,True
sn2009d,V0,1866.59,V,True
sn2009d,V0,1867.61,V,True
sn2009d,V0,1870.58,V,True
sn2009d,V0,1871.57,V,True
sn2009d,V0,1872.62,V,True
sn2009d,V0,1874.53,V,True
sn2009d,V0,1878.53,V,True
sn2009d,V0,1884.53,V,True
sn2009f,V0,1837.75,V,True
sn2009f,V0,1838.71,V,True
sn2009f,V0,1839.62,V,True
sn2009f,V0,1840.65,V,True
sn2009f,V0,1841.65,V,True
sn2009f,V0,1842.67,V,True
sn2009f,V0,1845.68,V,True
sn2009f,V0,1848.67,V,True
sn2009f,V0,1855.7,V,True
sn2009f,V0,1856.66,V,True
sn2009f,V0,1859.68,V,True
sn2009f,V0,1867.65,V,True
sn2009f,V0,1870.61,V,True
sn2009f,V0,1871.66,V,True
sn2009f,V0,1872.64,V,True
sn2009f,V0,1873.59,V,True
sn2009f,V0,1879.65,V,True
sn2009f,V0,1884.63,V,True
sn2009i,V0,1848.58,V,True
sn2009i,V0,1855.58,V,True
sn2009i,V0,1856.57,V,True
sn2009i,V0,1866.56,V,True
sn2009i,V0,1867.58,V,True
sn2009j,V0,1848.7,V,True
sn2009j,V0,1855.74,V,True
sn2009j,V0,1856.7,V,True
sn2009j,V0,1858.7,V,True
sn2009j,V0,1859.73,V,True
sn2009j,V0,1866.66,V,True
sn2009j,V0,1867.68,V,True
sn2009p,V0,1867.74,V,True
sn2009p,V0,1870.79,V,True
sn2009p,V0,1871.73,V,True
sn2009p,V0,1872.84,V,True
sn2009p,V0,1874.67,V,True
sn2009p,V0,1878.71,V,True
sn2009p,V0,1879.74,V,True
sn2009p,V0,1883.72,V,True
sn2009p,V0,1885.65,V,True
sn2009p,V0,1888.62,V,True
sn2009p,V0,1900.65,V,True
sn2009p,V0,1911.7,V,True
sn2009p,V0,1915.6,V,True
sn2009p,V0,1927.65,V,True
sn2009y,V0,1869.84,V,True
sn2009y,V0,1871.87,V,True
sn2009y,V0,1872.87,V,True
sn2009y,V0,1873.85,V,True
sn2009y,V0,1874.81,V,True
sn2009y,V0,1879.87,V,True
sn2009y,V0,1884.85,V,True
sn2009y,V0,1885.81,V,True
sn2009y,V0,1888.77,V,True
sn2009y,V0,1896.87,V,True
sn2009y,V0,1898.82,V,True
sn2009y,V0,1900.82,V,True
sn2009y,V0,1902.77,V,True
sn2009y,V0,1908.8,V,True
sn2009y,V0,1911.89,V,True
sn2009y,V0,1914.81,V,True
sn2009y,V0,1915.83,V,True
sn2009y,V0,1920.83,V,True
sn2009y,V0,1927.79,V,True
sn2009y,V0,1928.81,V,True
sn2009y,V0,1930.72,V,True
sn2009y,V0,1933.73,V,True
sn2009y,V0,1937.82,V,True
sn2009y,V0,1938.81,V,True
sn2009y,V0,1947.7,V,True
sn2009y,V0,1959.67,V,True
sn2009y,V0,1964.66,V,True
sn2009y,V0,1966.66,V,True
sn2009y,V0,1968.77,V,True
sn2009y,V0,1976.65,V,True
sn2009aa,V0,1869.68,V,True
sn2009aa,V0,1870.83,V,True
sn2009aa,V0,1871.79,V,True
sn2009aa,V0,1872.79,V,True
sn2009aa,V0,1873.77,V,True
sn2009aa,V0,1874.71,V,True
sn2009aa,V0,1878.76,V,True
sn2009aa,V0,1879.79,V,True
sn2009aa,V0,1883.77,V,True
sn2009aa,V0,1884.73,V,True
sn2009aa,V0,1888.65,V,True
sn2009aa,V0,1898.68,V,True
sn2009aa,V0,1900.69,V,True
sn2009aa,V0,1902.67,V,True
sn2009aa,V0,1908.67,V,True
sn2009aa,V0,1911.74,V,True
sn2009aa,V0,1914.66,V,True
sn2009aa,V0,1915.65,V,True
sn2009aa,V0,1917.73,V,True
sn2009aa,V0,1928.6,V,True
sn2009aa,V0,1931.64,V,True
sn2009aa,V0,1938.65,V,True
sn2009ab,V0,1874.57,V,True
sn2009ab,V0,1878.57,V,True
sn2009ab,V0,1879.56,V,True
sn2009ab,V0,1883.53,V,True
sn2009ab,V0,1885.52,V,True
sn2009ab,V0,1888.52,V,True
sn2009ab,V0,1900.53,V,True
sn2009ab,V0,1902.51,V,True
sn2009ab,V0,1908.51,V,True
sn2009ab,V0,1911.51,V,True
sn2009ad,V0,1878.6,V,True
sn2009ad,V0,1879.61,V,True
sn2009ad,V0,1883.59,V,True
sn2009ad,V0,1884.58,V,True
sn2009ad,V0,1885.55,V,True
sn2009ad,V0,1888.56,V,True
sn2009ad,V0,1898.52,V,True
sn2009ad,V0,1902.55,V,True
sn2009ad,V0,1908.54,V,True
sn2009ad,V0,1911.55,V,True
sn2009ad,V0,1914.46,V,True
sn2009ad,V0,1915.45,V,True
sn2009ag,V0,1888.59,V,True
sn2009ag,V0,1896.64,V,True
sn2009ag,V0,1897.58,V,True
sn2009ag,V0,1898.56,V,True
sn2009ag,V0,1900.59,V,True
sn2009ag,V0,1902.58,V,True
sn2009ag,V0,1908.57,V,True
sn2009ag,V0,1911.6,V,True
sn2009ag,V0,1914.5,V,True
sn2009ag,V0,1915.49,V,True
sn2009ag,V0,1917.51,V,True
sn2009ag,V0,1920.5,V,True
sn2009ag,V0,1927.5,V,True
sn2009ag,V0,1928.49,V,True
sn2009ag,V0,1930.48,V,True
sn2009ag,V0,1931.48,V,True
sn2009ag,V0,1933.49,V,True
sn2009ag,V0,1937.5,V,True
sn2009al,V0,1897.7,V,True
sn2009al,V0,1898.65,V,True
sn2009al,V0,1908.63,V,True
sn2009al,V0,1911.66,V,True
sn2009al,V0,1914.61,V,True
sn2009al,V0,1917.64,V,True
sn2009al,V0,1920.62,V,True
sn2009al,V0,1927.61,V,True
sn2009al,V0,1930.57,V,True
sn2009al,V0,1931.57,V,True
sn2009al,V0,1933.6,V,True
sn2009al,V0,1937.64,V,True
sn2009al,V0,1938.62,V,True
sn2009al,V0,1946.61,V,True
sn2009al,V0,1947.57,V,True
sn2009cz,V0,1937.53,V,True
sn2009cz,V0,1938.52,V,True
sn2009cz,V0,1942.53,V,True
sn2009cz,V0,1946.49,V,True
sn2009cz,V0,1947.47,V,True
sn2009cz,V0,1959.48,V,True
sn2009cz,V0,1964.46,V,True
sn2009cz,V0,1966.46,V,True
sn2009dc,V0,1942.81,V,True
sn2009dc,V0,1946.78,V,True
sn2009dc,V0,1947.77,V,True
sn2009dc,V0,1956.78,V,True
sn2009dc,V0,1959.74,V,True
sn2009dc,V0,1963.75,V,True
sn2009dc,V0,1964.73,V,True
sn2009dc,V0,1966.72,V,True
sn2009dc,V0,1968.73,V,True
sn2009dc,V0,1976.68,V,True
sn2009ds,V0,1956.68,V,True
sn2009ds,V0,1959.57,V,True
sn2009ds,V0,1960.6,V,True
sn2009ds,V0,1963.55,V,True
sn2009ds,V0,1964.54,V,True
sn2009ds,V0,1966.57,V,True
sn2009ds,V0,1968.55,V,True
sn2009ds,V0,1972.56,V,True
sn2009ds,V0,1976.62,V,True
sn2009le,V0,2155.62,V,True
sn2009le,V0,2156.64,V,True
sn2009le,V0,2157.6,V,True
sn2009le,V0,2164.65,V,True
sn2009le,V0,2165.56,V,True
sn2009le,V0,2166.6,V,True
sn2009le,V0,2167.63,V,True
sn2009le,V0,2168.61,V,True
sn2009le,V0,2169.58,V,True
sn2010ae,V0,2271.53,V,True
sn2010ae,V0,2305.53,V,True
