z,q025,q16,median,q84,q975,P_q_negative
0.0,-0.6166814166903899,-0.5336408790530551,-0.4574410711137949,-0.38653302372875253,-0.3257102350457094,1.0
0.009999999999999998,-0.6003778001312102,-0.5225277668431035,-0.44983727777969124,-0.38205678915995384,-0.323367935112757,1.0
0.019999999999999997,-0.5856887852247634,-0.5112305604928304,-0.44225299080056646,-0.377656426198933,-0.32017688709719044,1.0
0.029999999999999995,-0.5703678598070201,-0.5001137547960415,-0.43452349900173814,-0.37279875369278276,-0.31719808252849413,1.0
0.039999999999999994,-0.5541086561733317,-0.48878462906921855,-0.427119404938347,-0.36774702497419387,-0.3141272465699048,1.0
0.04999999999999999,-0.5393756717419811,-0.4777459252004371,-0.41957484826434766,-0.3632148598060656,-0.3112589490062064,1.0
0.05999999999999999,-0.5252898744819948,-0.4673399512435198,-0.411933479676863,-0.35846537380810994,-0.30775651837478113,1.0
0.06999999999999999,-0.5127135980091484,-0.456274411010573,-0.4041955480904864,-0.3536073236433249,-0.3049326095237455,1.0
0.07999999999999999,-0.49849016502169147,-0.4451590353296349,-0.39679363189586203,-0.34849157951009996,-0.3017415143798189,1.0
0.08999999999999998,-0.48525644795102124,-0.4349565483031901,-0.3889600453649067,-0.3430321515035252,-0.2985741016883295,1.0
0.09999999999999998,-0.4721595060309706,-0.4245596996437869,-0.38155880885130006,-0.3376858492561962,-0.294350289045386,1.0
0.10999999999999999,-0.4585046086167624,-0.4149869590141404,-0.37411322827468574,-0.3319761837674624,-0.29121395072741674,1.0
0.11999999999999998,-0.4459550500842806,-0.404587803052398,-0.3661223178266159,-0.32664159109602126,-0.2873457784329899,1.0
0.12999999999999998,-0.4342595935125256,-0.3944740688858824,-0.35829072307212695,-0.32143555370088533,-0.2836810300959981,1.0
0.13999999999999999,-0.42260540730516283,-0.3853479740633673,-0.350610278950819,-0.31528323190759516,-0.27953012625301726,1.0
0.14999999999999997,-0.41176300332025184,-0.3758924573734785,-0.3426243783141688,-0.3091933490998216,-0.2748081403908041,1.0
0.15999999999999998,-0.4010057400563899,-0.36705249538296764,-0.33485991517223956,-0.30310558169751706,-0.2701619856193728,1.0
0.16999999999999998,-0.39166159518124893,-0.3586090087015548,-0.32729584604948814,-0.29615665841136213,-0.26454958853119254,1.0
0.17999999999999997,-0.3816674503663147,-0.35004637946074196,-0.31976771961163775,-0.2888559141470894,-0.2582045278029738,1.0
0.18999999999999997,-0.3737621249988712,-0.34212758457003073,-0.3121068938993058,-0.28159099959962086,-0.2521147203669976,1.0
0.19999999999999996,-0.36572080442049393,-0.3345071889889239,-0.3046207702255266,-0.2743704085332104,-0.24559076868527543,1.0
0.20999999999999996,-0.35790181879495664,-0.3271312266900353,-0.2973167273590473,-0.2670497573901731,-0.23827497187963131,1.0
0.21999999999999997,-0.351008490567784,-0.32011318764290914,-0.29025279873539556,-0.2591277457797494,-0.22983100996375835,1.0
0.22999999999999995,-0.34399109393386235,-0.313786616400633,-0.28313461330944734,-0.2510233914165818,-0.22019266904684884,1.0
0.23999999999999996,-0.33785008593336463,-0.30726572697179333,-0.27562486029639277,-0.24257303564560265,-0.21053086153252545,1.0
0.24999999999999997,-0.3319805228057907,-0.3009827379215562,-0.2684688363167359,-0.2343518087130468,-0.20078311224652956,1.0
0.25999999999999995,-0.3267152423869587,-0.29459423608687707,-0.2612585725494154,-0.22582894247847307,-0.1908773236609585,1.0
0.26999999999999996,-0.3211959743600762,-0.28885273307638,-0.2546228200594364,-0.21738525927832564,-0.18114211900546912,1.0
0.27999999999999997,-0.31613241279005727,-0.2833025633713351,-0.24771693540852954,-0.20875367392558056,-0.16991666568759034,1.0
0.29,-0.3121123698914454,-0.2776877860297266,-0.2410048880762296,-0.19999281110890108,-0.1593406288845309,1.0
0.29999999999999993,-0.30734704774502936,-0.27196141273986063,-0.2341846323371346,-0.19147850790978602,-0.1490634405460227,1.0
0.30999999999999994,-0.3032585810541817,-0.26673795410475215,-0.2272931849507892,-0.1830133231820779,-0.1390593818271018,1.0
0.31999999999999995,-0.298966649671156,-0.26120059548184327,-0.22071365828911388,-0.1741997547855367,-0.12807606895325918,1.0
0.32999999999999996,-0.29502281027794974,-0.2558701833073552,-0.21414911100059159,-0.16528970598155532,-0.11739170239929625,1.0
0.33999999999999997,-0.2911091392784205,-0.2510313256113933,-0.20748199015563112,-0.1565987551978074,-0.10628095053758828,1.0
0.3499999999999999,-0.287357030933149,-0.24643633948644544,-0.20058829099471331,-0.14800632150578427,-0.09594143965778855,0.9998
0.35999999999999993,-0.28304061753422993,-0.24163313012633086,-0.19376209472292907,-0.13935039017757753,-0.08544656127880622,0.9998
0.36999999999999994,-0.2794050893100726,-0.23694212055121872,-0.18711656496829593,-0.13066537582377508,-0.07504493116035343,0.9992
0.37999999999999995,-0.27610889643394715,-0.23227833470136314,-0.1805570364829498,-0.12272278684217691,-0.06465600782451303,0.9984
0.38999999999999996,-0.27269596883735336,-0.22773785595882118,-0.17416158791404446,-0.11451946260518955,-0.05439939439031585,0.9968
0.3999999999999999,-0.2693376887844658,-0.22327790784816232,-0.16761579495589032,-0.10623116376889896,-0.04471080733828964,0.9952
0.4099999999999999,-0.2666429786519205,-0.21895085359507493,-0.1610706839840805,-0.09809058209977131,-0.03515878139688741,0.9932
0.41999999999999993,-0.26393980424341407,-0.21450291148017733,-0.1548802474551383,-0.0901200216527147,-0.025760532751358162,0.99
0.42999999999999994,-0.2611164792477941,-0.20940739315721474,-0.14852464437435875,-0.08201749754269291,-0.016116952562919177,0.9862
0.43999999999999995,-0.2578699947867491,-0.20469759831538836,-0.14205231583580424,-0.074201908950884,-0.006727379092466368,0.9798
0.44999999999999996,-0.25513575800155874,-0.20025665549979116,-0.13582703943062982,-0.0668170237929229,0.0029213710003202,0.973
0.4599999999999999,-0.2522284480946144,-0.19565652222264499,-0.12978683149413875,-0.05949084262191947,0.0117234587258808,0.9654
0.4699999999999999,-0.2501848162019272,-0.1912522338589622,-0.12365402257882183,-0.05177628114892574,0.02035954135539226,0.956
0.4799999999999999,-0.24747294444839588,-0.1868953577199561,-0.1179308742906115,-0.04409362381336746,0.028851538146274065,0.9456
0.48999999999999994,-0.2447967343003854,-0.1822988087213186,-0.11179093440845403,-0.03655273664744668,0.03718326624474429,0.9316
0.49999999999999994,-0.24244432181267245,-0.17799448634280501,-0.1054218292071901,-0.029077074622886903,0.04526342690723767,0.916
0.5099999999999999,-0.23960521397891324,-0.17391279652097386,-0.09938488125881634,-0.021718211202002655,0.05340205861100335,0.8986
0.5199999999999999,-0.23697639456318015,-0.1699540569676502,-0.09315835199726757,-0.014621389560221269,0.061804502539646804,0.8796
0.5299999999999999,-0.2344953271020007,-0.16540909289585712,-0.08707543896813458,-0.007669775073706771,0.0694293716536043,0.8612
0.5399999999999999,-0.23168242372338904,-0.16121047547244963,-0.08133242552873524,-0.0007244032498909987,0.07690560207482913,0.842
0.5499999999999999,-0.22898521637608024,-0.15730751564625134,-0.07558416530783768,0.006359360044907113,0.08456463581103808,0.8216
0.5599999999999999,-0.22688084314687093,-0.15327171722422717,-0.06975239311902229,0.013152593975845952,0.09165887986202396,0.7936
0.57,-0.2235915738994359,-0.14926676803961195,-0.06397336341230989,0.019947378087060024,0.09861591705519342,0.7734
0.58,-0.22127074589676318,-0.1447976055063459,-0.058549315040663345,0.026819411506535565,0.105642019873963,0.7516
0.5899999999999999,-0.21852135922440477,-0.14032943241988516,-0.05294890614376711,0.03329136211118815,0.11313421844858772,0.7274
0.5999999999999999,-0.21593496676695434,-0.13636234945264897,-0.04739241300968507,0.03978050758609628,0.11999535622707982,0.7024
0.6099999999999999,-0.21348254726151172,-0.13219173665074474,-0.041932906006776446,0.04602777842802102,0.1270025045940354,0.6804
0.6199999999999999,-0.2108124719689155,-0.12789302186923043,-0.036562966701432886,0.05259646526419118,0.1332264864863213,0.6604
0.6299999999999999,-0.20815013741792637,-0.12365071744208099,-0.03140700536235458,0.058896266145639954,0.139992869492084,0.6334
0.6399999999999999,-0.20549100664619574,-0.11967545957008521,-0.026160342065662385,0.06480787601799844,0.14670168173287831,0.6094
0.6499999999999999,-0.20305714569896424,-0.11564705846608211,-0.020991843026103962,0.07078527034619604,0.15324876698729617,0.5868
0.6599999999999999,-0.20016973377786673,-0.1114907314204508,-0.015832920566930753,0.07662688608600926,0.15937535303667916,0.563
0.6699999999999999,-0.1981695589261417,-0.10736958324352092,-0.010714479487395052,0.08266575460657682,0.16541214297063242,0.5432
0.6799999999999999,-0.1961196025013283,-0.10350450314257353,-0.005552976896153599,0.08843741599797025,0.17159109999802527,0.5206
0.69,-0.19317353008248148,-0.09959786094242391,-0.000505503056955901,0.09402305892120555,0.17705898738206385,0.5032
0.6999999999999998,-0.1901906611724189,-0.09579279009799957,0.004550073720942162,0.09953351639871838,0.18267281747130146,0.479
0.7099999999999999,-0.18733954415673662,-0.09202938433518594,0.009490356397019489,0.1050113887812798,0.1882207482595615,0.4614
0.7199999999999999,-0.18556996259521735,-0.08821105559740199,0.014575687376317885,0.11065522075222897,0.19364739436030975,0.445
0.7299999999999999,-0.18358711953854023,-0.08488417099444676,0.019464312188864616,0.11609115446711504,0.19896946846890903,0.4288
0.7399999999999999,-0.1815155915791257,-0.08094071176178941,0.024261688970402352,0.1214079701220668,0.2040405828840781,0.4142
0.7499999999999999,-0.17947690645399225,-0.07731175427047439,0.029000890631712226,0.12666121097757177,0.20893164386903063,0.4004
0.7599999999999999,-0.1767660156364817,-0.0732312802049574,0.03369156286520278,0.13180037513598833,0.21372760918799474,0.382
0.7699999999999999,-0.173958996055142,-0.0691365054882649,0.03841104695667114,0.13685993867717725,0.21858546593093275,0.3642
0.7799999999999999,-0.1711037804610091,-0.06511050873891054,0.043170570429424154,0.14168557328350984,0.22351599575495518,0.3484
0.7899999999999999,-0.16845762834153305,-0.0614260830656156,0.04782972633832716,0.14653246696767175,0.22833174623223118,0.3334
0.7999999999999998,-0.16613534965893775,-0.05771314571815714,0.052366438277177726,0.15117660802390684,0.23285932980348398,0.3194
0.8099999999999998,-0.1644734950349536,-0.05391900424843115,0.05667415441070958,0.1557116259640156,0.23693467858250528,0.3058
0.8199999999999998,-0.1619738276877508,-0.05040081932945692,0.061086102357592376,0.16027823804769134,0.24145937740675757,0.2926
0.8299999999999998,-0.1594632536187603,-0.04671138755392069,0.06549194032435274,0.1649274973548614,0.24589456771547763,0.2802
0.8399999999999999,-0.15695784774670749,-0.04308500152506257,0.06999294768901444,0.16947671924328503,0.25011170599092436,0.2696
0.8499999999999999,-0.1546064490244136,-0.03968954256951607,0.07439427176737703,0.1740891470272896,0.2542232236224076,0.2596
0.8599999999999999,-0.1522978608277844,-0.03614250633410727,0.07862623098497096,0.17840277143076344,0.25854818410693636,0.2466
0.8699999999999999,-0.14957765105720203,-0.0326510456604362,0.08262792689996483,0.18270292925510004,0.26278409286226484,0.2356
0.8799999999999999,-0.147269543378751,-0.029228526275558626,0.08675407152243064,0.18673725826235274,0.2668089790217522,0.2258
0.8899999999999999,-0.1450919592962819,-0.02548220385974758,0.09088063151857291,0.19086268499768083,0.27060095993652183,0.2172
0.8999999999999999,-0.14291837243845057,-0.022165822781489104,0.09498311481285188,0.19486038848997225,0.2743163351118264,0.208
0.9099999999999998,-0.14074885377117116,-0.01891473133551861,0.09902103464940243,0.19881823510454988,0.27796107972456413,0.2002
0.9199999999999998,-0.13826701959164855,-0.01574095970473533,0.1030162972789076,0.20282680703007483,0.2815365345847118,0.1928
0.9299999999999998,-0.1355739234259223,-0.012618511835447219,0.10700789175935027,0.20674585843098608,0.28510304888805105,0.1838
0.9399999999999998,-0.13336060055926308,-0.00941728972532054,0.11087823836048183,0.2106968284851681,0.28878302833424424,0.1774
0.9499999999999998,-0.13144799888462108,-0.006029286458814799,0.11478127295350159,0.21453812116985055,0.2922224142351034,0.1712
0.9599999999999999,-0.1295386087426562,-0.002529452987923458,0.11860989549485551,0.21837101760088454,0.2956840248054786,0.1656
0.9699999999999999,-0.12750390534665548,0.0007801686794091481,0.12236324456854553,0.22206433073885307,0.29907636710323304,0.159
0.9799999999999999,-0.12567622232125256,0.00423325565219196,0.1260663982392396,0.22584751433110334,0.30239918279377687,0.153
0.9899999999999999,-0.12364430210715507,0.007468986797415621,0.12993486624712058,0.22948909958360109,0.30565716298010076,0.1488
0.9999999999999999,-0.12144848348135709,0.01077686869515549,0.13357741963817246,0.23302334478984044,0.3088516798531187,0.1442
1.0099999999999998,-0.11931480545320025,0.013757358516675122,0.13721381345568429,0.23647304489191945,0.3119838065706008,0.1408
1.0199999999999998,-0.11719862149397305,0.016880004949824078,0.14073873374440674,0.2400586876154941,0.31505448582807516,0.1358
1.0299999999999998,-0.11510131107600785,0.019935342141078675,0.14425671601486445,0.2435556085569294,0.31806568419404546,0.13
1.0399999999999998,-0.11326851679841618,0.023019863080707633,0.14761615129792616,0.24684309710079438,0.32101866316971184,0.1256
1.0499999999999998,-0.11142639370533805,0.026196578506126264,0.15114306405341565,0.25010090946431063,0.3240326592115545,0.1222
1.0599999999999998,-0.10915682619195001,0.029211024245110212,0.15454562124200533,0.25334572883357404,0.3268944055684646,0.1184
1.0699999999999998,-0.10670753100459973,0.03224779406648894,0.15790039436292108,0.2564556750712357,0.32963327363052186,0.113
1.0799999999999998,-0.1042736751040256,0.03526237521802966,0.16114452478835162,0.2595161048547367,0.3323183304543802,0.1092
1.0899999999999999,-0.102481688467001,0.03823554353514652,0.16436677149099393,0.2625768260877655,0.33495933728854327,0.1056
1.0999999999999999,-0.10043165011129258,0.0411665015545783,0.16760917988477397,0.26559023304605833,0.33758872415019114,0.1012
1.1099999999999999,-0.09834179174007304,0.04416315014134683,0.17081021364659538,0.2685272027516378,0.34016798089725797,0.0988
1.1199999999999999,-0.09612010913585334,0.047147557922917735,0.1739161904025866,0.2714087882937142,0.3426981703787187,0.0948
1.13,-0.09389902920650994,0.05006545546154561,0.17695673007698337,0.2742472678695832,0.34518033241645546,0.0928
1.14,-0.09162792704259935,0.052873913812429306,0.1800854652124403,0.27705616943851086,0.34761548423367755,0.0898
1.15,-0.08948539360186496,0.05576331921329436,0.18315333585882593,0.2798554453301897,0.3500046208817449,0.0876
1.16,-0.08763400495420716,0.05860576324325576,0.18602208734546702,0.2825799465232177,0.3523487156648585,0.0854
1.17,-0.08528281577312091,0.0614284922858851,0.18900882081757647,0.2852637416164686,0.3546487205621339,0.0832
1.1799999999999997,-0.08292683176996282,0.06415492058769875,0.19181023824573937,0.2879074913969765,0.3569200887386813,0.081
1.1899999999999997,-0.08058311804415123,0.06685219523165829,0.19472534841439232,0.2905851849583187,0.3591831424123781,0.078
1.1999999999999997,-0.07825118968892268,0.06956359861552412,0.197650439088941,0.29323087077083837,0.3613802310700456,0.0754
1.2099999999999997,-0.07592697919068091,0.07230863378179994,0.2005906115446139,0.2957913373297193,0.3635006561705023,0.0728
1.2199999999999998,-0.07361052371307972,0.07507447334648892,0.20353272900482205,0.29839833847882946,0.3655690738943482,0.0704
1.2299999999999998,-0.07185125636679847,0.07786808141664475,0.20636793243376222,0.3009226675754486,0.36757298497978474,0.068
1.2399999999999998,-0.06992551127592837,0.08059715899072595,0.2091721368393793,0.3033588866789177,0.36955142303995636,0.066
1.2499999999999998,-0.06801254633786914,0.08328098487685658,0.21190865595265823,0.3057803480182474,0.37146967335940473,0.064
1.2599999999999998,-0.06589503976028198,0.08585129152652114,0.2145872280484749,0.3081461017994105,0.3733535304013403,0.0614
1.2699999999999998,-0.0636520343682975,0.08848515491944485,0.21728914128712604,0.3105504202226749,0.37524008458519226,0.0602
1.2799999999999998,-0.06143162869142591,0.09112468530991895,0.21994306606011335,0.3128808638250763,0.3771454551928896,0.0584
1.2899999999999998,-0.05932472287460512,0.09374120909886625,0.22256554395487255,0.31507360944976864,0.3790109432523672,0.0568
1.2999999999999998,-0.05721904280461095,0.09624179985992631,0.2252146523535306,0.31728571206112927,0.3807660429306743,0.056
1.3099999999999998,-0.05512024790504869,0.0986690951684434,0.22783428589986082,0.31950986328419384,0.38249000541008815,0.0536
1.3199999999999998,-0.053028362029396536,0.10111961152820027,0.2303493282022374,0.32168515450767415,0.38418284573923867,0.0522
1.3299999999999998,-0.050943408000093914,0.10352531169489698,0.2328438484896313,0.3237990779933477,0.3858454547781625,0.0502
1.3399999999999999,-0.04886540762436698,0.10592888558671645,0.23533535576994535,0.3258821756836717,0.38747881641932524,0.049
1.3499999999999999,-0.0467943817099396,0.10844241506409019,0.23784074952276943,0.3280190906746399,0.38908352206759417,0.0474
1.3599999999999999,-0.04473035008062791,0.11096006816632607,0.24028856465899898,0.3301090764607939,0.39066015015541344,0.0458
1.3699999999999999,-0.04267333159181497,0.11333363643008218,0.24259557032481688,0.3321061204390887,0.3922092664291583,0.0446
1.38,-0.04084218413259376,0.11579479026690316,0.2449055873829617,0.33407200347144195,0.3937314242301074,0.0438
1.3899999999999997,-0.03902582911916533,0.11839025800513693,0.24726859782704738,0.3360094531366472,0.39522716477005304,0.0426
1.3999999999999997,-0.0372149857170403,0.12093131981092382,0.2495603866757266,0.33791893515743576,0.3966970174015758,0.0424
1.4099999999999997,-0.03540966883912919,0.12344907653066599,0.251830279710891,0.3398236578081787,0.3981414998830185,0.0404
1.4199999999999997,-0.03360989273231246,0.1258248872329669,0.25418046559830854,0.3417301297524161,0.399561118638196,0.0388
1.4299999999999997,-0.03181567098753177,0.12816539008235392,0.2563433941010892,0.3436232254428331,0.40095533142963563,0.038
1.4399999999999997,-0.0300270165497943,0.13049375923599565,0.2585146884226515,0.34548782890110374,0.40232519335759315,0.0374
1.4499999999999997,-0.02824394172808996,0.13275641163243226,0.26068874704310313,0.34729929485302125,0.4036813695698489,0.0364
1.4599999999999997,-0.02630340970128064,0.13503076344595036,0.26289824369123693,0.34909178784814343,0.40507236546762004,0.0356
1.4699999999999998,-0.02453974087473686,0.1372978714598129,0.2650113421676917,0.35084073933614196,0.4064387961474735,0.0352
1.4799999999999998,-0.022865785278231125,0.1395483988580075,0.26711284851376194,0.3525755597912224,0.40778116258961394,0.0348
1.4899999999999998,-0.021107106058957277,0.1417824519334821,0.26920793582631286,0.3542567249690789,0.40909995454483844,0.034
1.4999999999999998,-0.018982705573910075,0.14396537406502027,0.27134169430638505,0.3559773766103095,0.4103794432686596,0.0322
1.5099999999999998,-0.016866644940958957,0.14620156099995535,0.27341227752304076,0.35762912893131715,0.41156979405247723,0.031
1.5199999999999998,-0.014758929466917085,0.14838683019691834,0.27543830097455957,0.35919518110890164,0.41274051244565374,0.0304
1.5299999999999998,-0.012658161351429697,0.15056729172279268,0.27749692092346423,0.36076014323702627,0.41389197686089413,0.0304
1.5399999999999998,-0.010568550737421164,0.1527723093686447,0.27950495796687713,0.3623123511957959,0.4150245575959938,0.0298
1.5499999999999998,-0.008485893660738703,0.15496078470392569,0.2815147883291417,0.3638347216630151,0.41613861701771826,0.0288
1.5599999999999998,-0.006414502248263672,0.15713283141038162,0.2835157965678281,0.36535246813489103,0.41724240813060187,0.0282
1.5699999999999998,-0.004355894361020083,0.15920248744545187,0.2854233628094903,0.36688131827601017,0.4183928784861922,0.0274
1.5799999999999998,-0.0023055896341213555,0.16119006253675347,0.28731934805518833,0.36838178984240233,0.41952369321171395,0.0268
1.5899999999999999,-0.0002635875182722077,0.16335107943580104,0.2891997036547317,0.36987008978598007,0.4206352428748453,0.0256
1.5999999999999996,0.001716243007430892,0.16551858755180027,0.2910907565894892,0.37133725363373365,0.4217279094169848,0.0246
1.6099999999999997,0.0035558619606409357,0.16764276570269532,0.29295801411484823,0.37278434808270444,0.4228020663552885,0.0246
1.6199999999999997,0.005388639349033942,0.16963315525356984,0.2947991919718237,0.3742132126485391,0.42385807898002303,0.0236
1.6299999999999997,0.007214575490520409,0.17160906348885727,0.29658930476748535,0.37562023200570677,0.4248958582169693,0.0232
1.6399999999999997,0.008847167052744208,0.1736177004348829,0.2983598204346938,0.37700494479492114,0.425915986839665,0.0232
1.6499999999999997,0.010284683460802675,0.1756854020596637,0.3000911222056317,0.3783726656865309,0.4269190394509512,0.0226
1.6599999999999997,0.011759828801626016,0.17773729054059287,0.3018034239496562,0.3797213420427375,0.4279053497836978,0.0222
1.6699999999999997,0.013578639937766663,0.1797588289430087,0.3034972271551233,0.3810316757636795,0.4288752442778527,0.0218
1.6799999999999997,0.01538795165243617,0.18179409523456927,0.30517275731658544,0.38229427820727846,0.42982904225118995,0.0214
1.6899999999999997,0.016966861942698985,0.18376521865283396,0.306840678478715,0.38353498519158163,0.4307670560660098,0.021
1.6999999999999997,0.018545689221856416,0.1857132487561038,0.30850246489456423,0.38474964412298207,0.4316895912918778,0.0206
1.7099999999999997,0.020119139562774883,0.1876689342883916,0.31012447873923954,0.3859650595111586,0.4325969468644878,0.02
1.7199999999999998,0.02168721459656222,0.18961644955189166,0.311742226751613,0.38714510255856766,0.43348941524073475,0.02
1.7299999999999998,0.023252251038228616,0.19155427080796306,0.3133508884341738,0.3883199365877757,0.4343672825500801,0.0196
1.7399999999999998,0.0248145182147818,0.19347730157674836,0.3149368408099482,0.38957092303307805,0.4352308287422907,0.0194
1.7499999999999998,0.026582223834248537,0.19524607586345138,0.31652388266262893,0.39076956425487763,0.43608710062391065,0.0188
1.7599999999999998,0.028433961295434754,0.19709477275118065,0.3181287256434957,0.39193762658514764,0.43693491889113206,0.0188
1.7699999999999998,0.03027879217195325,0.19891419017080042,0.31965777190471956,0.3930800587642441,0.4377688633088614,0.0188
1.7799999999999998,0.03211600458573134,0.2006804118792079,0.3211604358005332,0.3942072264813799,0.4385891998990791,0.0184
1.7899999999999998,0.03402052576486403,0.20258762919440015,0.3226486825035618,0.39531936946649954,0.4393961889420875,0.0184
1.7999999999999998,0.03582442198670392,0.20437872023924547,0.32415531122347685,0.3964167232771534,0.4401887315533682,0.0182
1.8099999999999998,0.03756830871309703,0.20611095519902195,0.32565562270523385,0.39749675212294755,0.44094262276484525,0.018
1.8199999999999996,0.03936394261643336,0.20785751294547802,0.3271041910650498,0.3985616561579489,0.4416846934250342,0.0176
1.8299999999999996,0.041033674632128134,0.20973488993264702,0.3285152235378181,0.3996106597747513,0.44241516212373116,0.0172
1.8399999999999996,0.04258071418604383,0.21148457093575415,0.32994303558083704,0.4006572189678857,0.4431388519858669,0.017
1.8499999999999996,0.044122076773915934,0.2131711100272273,0.33135568626614476,0.4016680444628495,0.4438615528551162,0.017
1.8599999999999997,0.04565776981270785,0.21493425389085732,0.33277146567028315,0.40268614706775807,0.4445725769846888,0.0168
1.8699999999999997,0.04718780100583751,0.21660371464705339,0.33417605675978346,0.4036998280074719,0.4452724298580113,0.0166
1.8799999999999997,0.048712178337139346,0.21826690325933973,0.3355498504347804,0.40467910151110714,0.4459488267224873,0.0162
1.8899999999999997,0.05023371663008226,0.21997419727739964,0.3368815494250173,0.40563281085619907,0.44659791510671304,0.0162
1.8999999999999997,0.05175115563243224,0.2216555072719118,0.3381637660136855,0.40657260049936633,0.44723724125430464,0.016
1.9099999999999997,0.05326293618768276,0.22334540825500324,0.3394751169197602,0.4075242274059777,0.44786697934716196,0.0158
1.9199999999999997,0.05476906743291126,0.22501471564929634,0.3408003061577214,0.40844372527092687,0.44849682150192416,0.0154
1.9299999999999997,0.05627015466477316,0.22667644049120747,0.3421090629236825,0.4093627960200086,0.44913284735722847,0.0154
1.9399999999999997,0.057768108823209895,0.22833669463008072,0.34338786449593484,0.4102966259539965,0.4497721472131865,0.0154
1.9499999999999997,0.05926041899000859,0.2299713616842378,0.34464331012043375,0.4112053041776386,0.45040149503849003,0.0154
1.9599999999999997,0.06074709536762035,0.231544255173133,0.34588256530070155,0.4120949716789542,0.4509949432955096,0.0152
1.9699999999999998,0.062228148391052784,0.233105544927599,0.34714031607894746,0.4129642186048856,0.45156557743991743,0.015
1.9799999999999998,0.06370358872253624,0.2346553226122975,0.34836634832697044,0.41384905658549553,0.45212786361052765,0.0144
1.9899999999999998,0.06517342724626679,0.23624102803557256,0.3495797181182342,0.4147132474509681,0.4526819471618504,0.0142
1.9999999999999998,0.06663767506322522,0.23782985815010477,0.35078057843341903,0.4155510089857244,0.45324250734788607,0.0138
2.01,0.0681712289227037,0.23940661879910347,0.35197407771911476,0.41638080714177933,0.4537968896898505,0.0136
2.0199999999999996,0.06978281952103943,0.24097140853142587,0.35316705124854725,0.41720908194678497,0.4543425198874374,0.013
2.03,0.07138765363432321,0.24245120849709237,0.3543476541340076,0.4180269004448321,0.45487999441138954,0.013
2.0399999999999996,0.07298574788623192,0.24391120235741734,0.3555164234830228,0.4188231800300893,0.45540955883978496,0.013
2.05,0.07457711914706129,0.24536059430885304,0.3566765969112548,0.41961826307570566,0.45593135139916274,0.0128
2.0599999999999996,0.07616178452707961,0.2467994683805839,0.35781092901116784,0.42040575322294665,0.4564455075538876,0.0128
2.07,0.07773976136998743,0.24825438195965835,0.3589147484289982,0.42118339920971637,0.45695216006733524,0.0128
2.0799999999999996,0.07925450812866636,0.24966358242557296,0.36000744889635283,0.4219513477804731,0.45745143906162045,0.0124
2.09,0.08049907673879013,0.25104473886283196,0.3610898454559517,0.42270866246989025,0.4579434720759008,0.0122
2.0999999999999996,0.08173931367471883,0.2524091642648982,0.36216605751130226,0.42345543984369494,0.45842838412329656,0.0122
2.11,0.08297522812500903,0.2537754008187785,0.3632482822956116,0.424192993812508,0.45890629774645597,0.0122
2.1199999999999997,0.08425774564974514,0.25513579659654667,0.36433035252968804,0.42492246720391286,0.4593773330718027,0.0122
2.13,0.08575963248136678,0.2564870524002706,0.36540513005232206,0.4256463206818595,0.4598416078624964,0.0122
2.1399999999999997,0.08726170226950168,0.2578286568074263,0.36645293708726134,0.42636125698560673,0.46029923757013974,0.0122
2.1499999999999995,0.08879699132295471,0.2591628669193726,0.36748320683790975,0.4270654984206469,0.4607503353852611,0.0118
2.1599999999999997,0.0903969153144607,0.26049811960430475,0.3684956875504101,0.4277601408861811,0.46119501228660525,0.0116
2.1699999999999995,0.09198970369961967,0.26186304050310544,0.36949215849503547,0.4284463160943745,0.4616333770892599,0.0114
2.1799999999999997,0.09357537879150454,0.2632227886784458,0.37048019694336864,0.4291241476109427,0.46206553649164817,0.0108
2.1899999999999995,0.09515396308955174,0.26457438104466025,0.37146465671820983,0.42979375694480204,0.4624915951214144,0.0108
2.1999999999999997,0.09672547927330433,0.26591068022165687,0.3724388447610012,0.4304552635854858,0.46291165558023084,0.0108
2.2099999999999995,0.09828995019626127,0.2671896220314885,0.3733807444149178,0.431120730070944,0.4633258184875525,0.0106
2.2199999999999998,0.09984739887983551,0.268475589621378,0.37433508231891965,0.4317763399482739,0.4637341825233451,0.0104
2.2299999999999995,0.10139784850741565,0.26976158479634077,0.3752973976788979,0.4324151935454681,0.46413684446981235,0.0104
2.2399999999999998,0.10294132241853418,0.2710093924349946,0.37622371557356243,0.4330418002553079,0.46453389925214794,0.0104
2.2499999999999996,0.10447784410313625,0.272248368638727,0.3771392310454212,0.4336609475559274,0.464925439978334,0.0098
2.26,0.10600743719595251,0.2734785840386558,0.37804587588325667,0.4342762953200445,0.4653115579780129,0.0096
2.2699999999999996,0.10753012547097053,0.2747001087329456,0.37894375286535126,0.4348853800103562,0.4656923428404522,0.0096
2.28,0.10904593283600693,0.27592041965040875,0.3798329634424107,0.4354925800227835,0.4660678824516274,0.0096
2.2899999999999996,0.11041850566521672,0.2771928793624866,0.3807210458020467,0.4360934531450789,0.4664382630304429,0.0096
2.3,0.11163721734683307,0.27848334006070197,0.3815940886321059,0.43668509226550833,0.4668035691641133,0.0096
