CID,IDSURVEY,zHD,mass,masserr,gaussian_p_high,hard_step_expectation_difference_mag
Gaia16agf,150,0.02509,9.182,0.064,1.0434415212060253e-37,3.4433570199798836e-39
2003it,63,0.0251,10.722,0.219,0.999511040798469,-1.613565365052383e-05
2007cq,64,0.0251,9.742,0.169,0.06342686734763554,0.002093086622471973
AT2017cfc,150,0.02512,10.384,0.135,0.9977755528305393,-7.340675659220265e-05
2007sw,65,0.02517,10.483,0.155,0.9990837896332182,-3.02349421037994e-05
2002he,63,0.02519,11.149,0.372,0.9989948610933259,-3.3169583920244826e-05
ASASSN-16bq,150,0.02534,10.619,0.03,1.0,0.0
PS15ahs,150,0.02534,9.758,0.071,0.00032666444164755636,1.077992657436936e-05
PSNJ0153424,150,0.02556,10.652,0.138,0.9999988473700485,-3.8036788398976285e-08
SN2017hn,150,0.02557,10.576,0.097,0.999999998558669,-4.7563924798765813e-11
SN2017ms,150,0.02591,9.083,0.114,4.3526108907737254e-16,1.4363615939553294e-17
2005M,64,0.02598,9.925,0.083,0.18309993612415454,0.0060422978920971005
SN2017mf,150,0.02598,10.569,0.075,0.9999999999999836,-5.422329252269265e-16
2005ms,64,0.02669,10.33,0.103,0.999322063342421,-2.2371909700106385e-05
ASASSN-15mf,150,0.02695,11.002,0.408,0.9929730420871419,-0.00023188961112431805
ASASSN-17at,150,0.02713,10.355,0.176,0.978154614988431,-0.0007208977053817759
2007co,64,0.02731,10.409,0.111,0.9998855070299271,-3.7782680124067714e-06
2007su,65,0.0274,8.795,0.165,1.4067889144840385e-13,4.642403417797328e-15
ASASSN-15fa,150,0.02741,10.91,0.129,0.9999999999991324,-2.863209669357048e-14
2005na,64,0.02748,11.11,0.257,0.9999921654591797,-2.585398470704714e-07
2005eq,64,0.02823,10.617,0.084,0.9999999999998973,-3.3889557826682906e-15
2003U,63,0.02833,10.422,0.116,0.9998625815047185,-4.534810344288931e-06
2009ad,65,0.02844,10.452,0.085,0.999999947441141,-1.7344423484111362e-09
2008ar,65,0.02849,10.309,0.2,0.9388268683164661,-0.0020187133455566186
AT2017ns,150,0.02849,10.075,0.077,0.8349781786320704,-0.005445720105141679
2004gs,5,0.02857,10.606,0.126,0.9999992435486227,-2.4962895451396963e-08
SN2017ckx,150,0.02858,10.327,0.057,0.9999999951770948,-1.5915587114889719e-10
2007is,65,0.02866,10.651,0.147,0.9999952570348039,-1.5651785147285936e-07
2006qo,64,0.02898,10.809,0.124,0.9999999999658158,-1.1280789635748079e-12
ASASSN-15la,150,0.02902,10.707,0.129,0.9999999788081221,-6.993319713322066e-10
PS16cvc,150,0.02915,8.949,0.139,1.997589363931786e-14,6.592044900974894e-16
2003ch,63,0.02919,10.741,0.117,0.9999999998800397,-3.9586887101705774e-12
ASASSN-16ay,150,0.02938,10.479,0.039,1.0,0.0
PSNJ0859349,150,0.02938,10.348,0.081,0.9999913162293534,-2.865644313363447e-07
ASASSN-16fs,150,0.02944,10.942,0.07,1.0,0.0
ASASSN-16aj,150,0.02953,10.651,0.079,0.9999999999999999,-3.663735981263017e-18
ASASSN-16br,150,0.02956,9.922,0.02,4.809634401760862e-05,1.5871793525810844e-06
AT2017zd,150,0.02969,9.967,0.062,0.2972736362085392,0.009810029994881795
ATLAS17ajn,150,0.02978,10.204,0.097,0.9822711701637815,-0.00058505138459521
Gaia16bba,150,0.0299,8.454,0.4,5.554459981685814e-05,1.8329717939563185e-06
2004ef,64,0.03012,10.825,0.172,0.9999991927370532,-2.6639677245143824e-08
ASASSN-15nq,150,0.03023,10.404,0.163,0.9934037049405937,-0.0002176777369604075
AT2017lm,150,0.03031,9.807,0.101,0.02800928922222778,0.0009243065443335168
ASASSN-16fo,150,0.03036,10.093,0.114,0.7926897226514338,-0.006841239152502686
AT2016cyt,150,0.03059,10.916,0.239,0.9999366112602951,-2.091828410261898e-06
2006is,64,0.03071,9.243,0.016,0.0,0.0
ASASSN-16hr,150,0.03083,9.892,0.198,0.29272046728446266,0.009659775420387269
PS15cwx,150,0.03086,10.185,0.129,0.9242293525535772,-0.002500431365731953
AT2017wb,150,0.03117,9.441,0.05,2.5544993366157725e-29,8.42984781083205e-31
2007bd,64,0.0312,10.638,0.112,0.9999999938828443,-2.0186613713946145e-10
2002hd,63,0.03134,11.144,0.117,1.0,0.0
ASASSN-15hg,150,0.03143,10.387,0.084,0.9999979588022831,-6.735952465608542e-08
ATLAS17axb,150,0.03143,9.775,0.074,0.0011807694845953674,3.896539299164713e-05
CSS160428,150,0.03148,8.175,0.227,4.504860924680435e-16,1.4866041051445435e-17
2007R,64,0.03174,11.005,0.135,0.9999999999999514,-1.6047163597932013e-15
ASASSN-16oz,150,0.03192,8.29,0.428,3.2302495622810815e-05,1.0659823555527569e-06
2006az,64,0.03201,11.152,0.091,1.0,0.0
2007ob,65,0.03243,10.083,0.047,0.9612985058863917,-0.0012771493057490756
AT2017po,150,0.03255,10.871,0.048,1.0,0.0
2007ux,65,0.03264,10.189,0.077,0.9929468585263103,-0.0002327536686317614
ASASSN-15pr,150,0.03264,9.72,0.148,0.029252693156652174,0.0009653388741695218
2004gc,5,0.03267,10.301,0.135,0.9871139794386162,-0.00042523867852566446
2008gl,65,0.03272,10.796,0.029,1.0,0.0
SN2016hpx,150,0.03282,9.591,0.047,1.628594393949658e-18,5.374361500033872e-20
SN2017cii,150,0.03289,9.321,0.175,5.222823240181978e-05,1.723531669260053e-06
2006te,64,0.0329,10.26,0.081,0.9993360400339644,-2.1910678879175862e-05
2004as,63,0.03296,8.681,0.207,9.330120133485926e-11,3.0789396440503556e-12
ASASSN-16bc,150,0.03298,10.489,0.122,0.999969407927082,-1.0095384062940306e-06
2008gp,5,0.03333,10.641,0.047,1.0,0.0
2010ag,66,0.03335,10.57,0.134,0.9999894881240505,-3.468919063325249e-07
2005iq,64,0.03341,10.49,0.081,0.9999999992729907,-2.3991308273352275e-11
PS15bsq,150,0.03371,10.914,0.098,1.0,0.0
2004L,63,0.03373,10.454,0.096,0.9999988727836914,-3.719813818470197e-08
2003cq,63,0.03378,11.153,0.08,1.0,0.0
2006S,64,0.03393,10.452,0.102,0.9999953182424244,-1.54497999995451e-07
2006gr,64,0.03428,10.722,0.086,1.0,0.0
ASASSN-16dw,150,0.03437,10.24,0.067,0.9998295715503644,-5.624138837973192e-06
ATLAS17ajs,150,0.03451,9.793,0.093,0.013013574247459065,0.00042944795016614917
2003kc,63,0.03479,10.649,0.137,0.9999989166839752,-3.574942881756638e-08
2003iv,63,0.03491,10.981,0.163,0.9999999991192793,-2.9063783713034755e-11
ASASSN-15jl,150,0.03512,9.08,0.144,8.354770593678293e-11,2.757074295913837e-12
2005eu,64,0.03516,9.146,0.029,6.623032925505947e-191,2.1856008654169628e-192
ASASSN-15tg,150,0.03529,10.072,0.139,0.6977658458276532,-0.009973727087687444
2007hu,65,0.03551,10.987,0.026,1.0,0.0
PTSS-16efw,150,0.03568,10.701,0.059,1.0,0.0
ASASSN-15ss,150,0.03599,10.773,0.044,1.0,0.0
PS15bbn,150,0.03624,8.146,0.185,6.123834103761213e-24,2.0208652542412004e-25
ASASSN-15lu,150,0.03635,9.985,0.107,0.4442561547137778,0.014660453105554668
2008hj,65,0.03682,10.203,0.062,0.9994701799748865,-1.7484060828744874e-05
2006mo,64,0.03702,10.763,0.083,1.0,0.0
2002hu,63,0.03705,10.461,0.227,0.9788642340621562,-0.0006974802759488465
2001eh,63,0.03725,10.966,0.203,0.9999990253983378,-3.216185485099832e-08
ASASSN-16db,150,0.0373,10.819,0.084,1.0,0.0
AT2016hns,150,0.0374,10.416,0.11,0.9999221564694853,-2.568836506983585e-06
ASASSN-15bc,150,0.03753,10.165,0.035,0.9999987871994287,-4.002241885303626e-08
2007jg,5,0.03756,9.521,0.121,3.7682930836295334e-05,1.243536717597746e-06
AT2016cvw,150,0.03787,10.885,0.064,1.0,0.0
2008gb,65,0.03796,10.387,0.043,1.0,0.0
2007O,64,0.03818,10.758,0.047,1.0,0.0
2008fr,65,0.03828,8.69,0.209,1.829248106487832e-10,6.036518751409846e-12
2009bv,65,0.03848,10.372,0.098,0.9999264510502184,-2.427115342793496e-06
2008051,65,0.03873,9.101,0.079,2.6376322953626713e-30,8.704186574696815e-32
ASASSN-15np,150,0.03884,10.167,0.308,0.70616231603752,-0.00969664357076184
2010dw,66,0.03902,10.192,0.101,0.9713483452581632,-0.0009455046064806157
ASASSN-15pn,150,0.03909,9.372,0.082,9.403183483498979e-15,3.1030505495546635e-16
PS15cze,150,0.04035,10.727,0.296,0.9929769269051482,-0.0002317614121301107
2003fa,63,0.04056,10.833,0.199,0.9999857999345487,-4.6860215989208424e-07
SN2016glz,150,0.04077,9.807,0.182,0.14447233630547535,0.004767587098080687
PS16axi,150,0.04089,10.528,0.158,0.999583773180343,-1.373548504868194e-05
SN2017coa,150,0.04095,9.344,0.058,5.831512827566944e-30,1.9243992330970917e-31
2009do,65,0.04099,10.73,0.195,0.9999092951166239,-2.9932611514128515e-06
2001az,63,0.04101,10.523,0.08,0.9999999999687221,-1.0321696830573047e-12
2006cf,64,0.04268,10.815,0.096,1.0,0.0
2007kk,65,0.04285,11.055,0.083,1.0,0.0
AT2016htm,150,0.04289,10.14,0.152,0.8214885254132984,-0.005890878661361152
ASASSN-16ct,150,0.04306,9.131,0.086,2.6341362594716563e-24,8.692649656256466e-26
2007nq,65,0.04349,11.163,0.102,1.0,0.0
SN2016ayg,150,0.04349,8.393,0.087,1.7587421172054285e-76,5.803848986777914e-78
MASTERJ0134,150,0.04369,9.515,0.073,1.5281171116085004e-11,5.042786468308052e-13
AT2016cvv,150,0.04438,11.226,0.359,0.9996811388588352,-1.0522417658436756e-05
2005ku,5,0.04439,9.928,0.126,0.2838545830986785,0.00936720124225639
PSNJ1204051,150,0.04545,10.351,0.092,0.9999319684519233,-2.2450410865298977e-06
2005hc,64,0.04575,10.485,0.076,0.9999999999123643,-2.891977324281925e-12
SN2016esh,150,0.04583,9.866,0.14,0.16924757725542888,0.005585170049429153
PS17tn,150,0.0459,10.311,0.086,0.9998505659162316,-4.931324764358536e-06
2008050,65,0.04625,9.615,0.077,2.8665157187919756e-07,9.45950187201352e-09
AT2016ews,150,0.04631,10.677,0.199,0.9996655391108465,-1.103720934206398e-05
2005lz,64,0.04643,11.038,0.264,0.9999578470906135,-1.3910460097535938e-06
2004gu,5,0.04664,10.219,0.224,0.8358833383588696,-0.005415849834157303
2008cf,65,0.04682,9.151,0.044,2.9323480222965402e-83,9.676748473578583e-85
AT2017yk,150,0.04691,10.313,0.116,0.9965150171918914,-0.00011500443266758398
2016afk,150,0.04738,9.702,0.081,0.00011706946749996714,3.863292427498916e-06
PS16fa,150,0.0476,10.602,0.107,0.9999999907871668,-3.0402349437963497e-10
PS15aii,150,0.04777,10.55,0.075,0.9999999999998878,-3.70403707705691e-15
PS17akj,150,0.04777,9.106,0.219,2.2306478793353183e-05,7.361138001806551e-07
ATLAS16agv,150,0.04819,8.725,0.62,0.01986950286171635,0.0006556935944366395
ASASSN-15pm,150,0.04837,10.671,0.244,0.9970202367649454,-9.833218675680034e-05
AT2016gmg,150,0.04865,11.185,0.362,0.9994688417049888,-1.752822373536822e-05
PS16el,150,0.0494,10.21,0.133,0.9428259351289004,-0.0018867441407462852
2006cq,64,0.04944,11.161,0.335,0.9997355455989014,-8.726995236252755e-06
PS15asb,150,0.04989,10.097,0.008,1.0,0.0
PS16dnp,150,0.05023,8.233,0.874,0.021601654536876888,0.0007128545997169373
2007kh,65,0.05032,8.965,0.082,7.99059166900012e-37,2.6368952507700397e-38
ASASSN-17eb,150,0.05044,10.895,0.084,1.0,0.0
PS15brr,150,0.05049,9.822,0.033,3.44647379872214e-08,1.1373363535783062e-09
AT2016cor,150,0.05066,9.969,0.037,0.20106089234972807,0.006635009447541027
PS16fbb,150,0.05106,9.178,0.158,9.82959350204955e-08,3.2437658556763514e-09
2003ic,63,0.05126,11.58,0.146,1.0,0.0
ASASSN-16hc,150,0.05151,10.999,0.295,0.9996459720856316,-1.1682921174158812e-05
AT2016htn,150,0.05222,10.488,0.03,1.0,0.0
PS16evk,150,0.05262,10.139,0.12,0.8766359832712187,-0.004071012552049782
PS16n,150,0.05309,10.168,0.04,0.9999866542509841,-4.4040971752479233e-07
2010dt,66,0.05316,10.69,0.221,0.9991023897227583,-2.962113914897502e-05
2006lu,5,0.05346,10.246,0.088,0.9974086605354945,-8.551420232868202e-05
PS16bby,150,0.05468,10.564,0.083,0.9999999999945911,-1.7849355327115291e-13
PS16ayd,150,0.05469,10.816,0.228,0.9998275095358438,-5.692185317155874e-06
SN2017cpu,150,0.05502,11.031,0.197,0.9999999168361392,-2.744407406329863e-09
AT2017oz,150,0.05614,9.822,0.242,0.2310061995536144,0.0076232045852692755
2006py,5,0.05653,9.8,0.145,0.08389954417773687,0.002768684957865317
PS16aer,150,0.05693,10.761,0.171,0.9999957123272831,-1.4149319965683915e-07
2005hj,64,0.05708,9.489,0.149,0.00030231356983923197,9.976347804694656e-06
2006ob,64,0.05824,11.184,0.08,1.0,0.0
SN2016gmb,150,0.0583,9.365,0.126,2.331523430794897e-07,7.694027321623161e-09
2001ah,63,0.05886,11.015,0.17,0.9999999988180015,-3.900595046957278e-11
SN2017cjv,150,0.06092,10.716,0.187,0.9999356353413782,-2.124033734519637e-06
2008bz,65,0.06099,10.471,0.099,0.999999020341327,-3.23287362077318e-08
SN2016hhv,150,0.06121,10.964,0.121,0.9999999999999992,-2.5646151868841117e-17
2006oa,64,0.06153,8.909,0.463,0.009227225898763817,0.000304498454659206
SN2016aqb,150,0.06384,10.138,0.099,0.918332046517887,-0.0026950424649097283
PS16bnz,150,0.06446,9.412,0.337,0.04050922437093126,0.0013368044042407316
2007ae,64,0.06533,11.242,0.055,1.0,0.0
PS15cms,150,0.06627,10.669,0.09,0.999999999999947,-1.747602063062459e-15
SN2016ixf,150,0.06711,8.587,0.031,0.0,0.0
AT2016aj,150,0.06725,10.885,0.242,0.9998724201457688,-4.210135189628761e-06
PS15bjg,150,0.06786,11.051,0.082,1.0,0.0
CSS160129,150,0.06844,9.205,0.237,0.0003976428141638041,1.3122212867405537e-05
2006al,64,0.06886,10.049,0.121,0.6572460572208272,-0.011310880111712704
PTSS17-niq,150,0.06897,10.975,0.377,0.9951480668553849,-0.0001601137937722974
2008Y,65,0.07056,10.749,0.157,0.9999990820689166,-3.0291725751085964e-08
PS17yt,150,0.07073,10.174,0.139,0.8946783627088477,-0.003475614030608026
PS16em,150,0.07083,10.399,0.148,0.9964905472177932,-0.00011581194181282518
2006on,64,0.07089,10.168,0.116,0.9262300422338421,-0.002434408606283211
ATLAS16bwu,150,0.07091,9.894,0.088,0.11418941225674145,0.003768250604472468
PS15bdr,150,0.07116,10.552,0.088,0.999999999822611,-5.85383674867046e-12
PS15bwh,150,0.07158,9.538,0.059,2.4295039103639148e-15,8.01736290420092e-17
PS15mt,150,0.07193,9.208,0.209,7.548340125038239e-05,2.490952241262619e-06
PS15atx,150,0.07252,10.506,0.158,0.9993188733396272,-2.2477179792302016e-05
1371046,10,0.07334,10.221,0.023,1.0,0.0
1318737,10,0.07374,10.911,0.076,1.0,0.0
Gaia16aki,150,0.07393,9.879,0.2,0.2725894983493764,0.008995453445529421
PS17bii,150,0.07446,10.572,0.097,0.9999999981481101,-6.111236550143673e-11
2005ir,64,0.0752,10.083,0.099,0.799092418345537,-0.006629950194597279
AT2016gsu,150,0.07575,10.068,0.084,0.7908930434072536,-0.00690052956756063
PS15bif,150,0.07845,9.738,0.117,0.012567673493565188,0.00041473322528765125
Gaia16acv,150,0.07859,8.594,0.177,9.827510833157136e-16,3.243078574941855e-17
PS15bzz,150,0.07931,10.531,0.098,0.9999999699271301,-9.924047054132857e-10
SN2016glp,150,0.0841,10.309,0.067,0.9999980053620776,-6.582305143876256e-08
2006bu,64,0.08478,10.695,0.109,0.9999999999092005,-2.996382808539977e-12
SN2016grz,150,0.08704,9.27,0.147,3.417637349321158e-07,1.1278203252759823e-08
1864053,10,0.09333,11.055,0.013,1.0,0.0
1344303,10,0.09394,9.859,0.017,5.469707333730082e-17,1.805003420130927e-18
1317612,10,0.10442,10.717,0.014,1.0,0.0
1259241,10,0.10543,10.578,0.016,1.0,0.0
1330031,10,0.10563,9.063,0.028,7.975827478371548e-246,2.6320230678626107e-247
1336975,10,0.11048,10.747,0.01,1.0,0.0
1289982,10,0.11621,8.218,0.013,0.0,0.0
1879649,10,0.11979,11.605,0.029,1.0,0.0
1833339,10,0.13051,10.681,0.009,1.0,0.0
1334084,10,0.13349,9.988,0.011,0.13765644326097215,0.0045426626276120815
1815065,10,0.13537,10.589,0.086,0.9999999999962774,-1.2284506745174895e-13
1317666,10,0.14136,10.062,0.006,1.0,0.0
1296657,10,0.14624,9.466,0.02,2.3533965992234853e-157,7.766208777437502e-159
1283923,10,0.14631,10.684,0.027,1.0,0.0
1316385,10,0.1474,9.911,0.035,0.005497508607763321,0.00018141778405618962
1530193,10,0.14802,11.165,0.054,1.0,0.0
1293758,10,0.14812,10.807,0.02,1.0,0.0
1871023,10,0.1484,10.699,0.01,1.0,0.0
1277173,10,0.1494,10.988,0.045,1.0,0.0
1247420,10,0.15026,10.814,0.027,1.0,0.0
1306366,10,0.15062,9.064,0.021,0.0,0.0
1317164,10,0.15459,10.816,0.06,1.0,0.0
1299775,10,0.16008,10.697,0.012,1.0,0.0
1578103,10,0.16008,10.103,0.04,0.9949879956682386,-0.00016539614294812656
1250034,10,0.16085,10.488,0.011,1.0,0.0
1479069,10,0.17267,9.08,0.024,0.0,0.0
1303279,10,0.17273,10.363,0.038,1.0,0.0
1770639,10,0.17623,10.453,0.01,1.0,0.0
1294436,10,0.178,10.841,0.011,1.0,0.0
1303496,10,0.17978,10.416,0.012,1.0,0.0
1339392,10,0.18148,10.323,0.032,1.0,0.0
1250017,10,0.18216,8.849,0.023,0.0,0.0
1257695,10,0.18383,9.708,0.027,1.4644179623237176e-27,4.832579275668268e-29
1296321,10,0.18444,9.32,0.012,0.0,0.0
1336453,10,0.18492,9.19,0.044,5.553567747155498e-76,1.8326773565613143e-77
1273127,10,0.18937,10.472,0.011,1.0,0.0
1295844,10,0.19209,8.9,0.022,0.0,0.0
1261193,10,0.19246,9.993,0.012,0.2798344635997149,0.009234537298790592
1879208,10,0.19471,10.658,0.009,1.0,0.0
1253920,10,0.19555,9.433,0.064,4.0232136339874034e-19,1.3276604992158433e-20
1298893,10,0.19616,10.786,0.068,1.0,0.0
1334620,10,0.19624,10.159,0.01,1.0,0.0
1922067,10,0.19771,8.974,0.032,7.349864156498844e-226,2.425455171644619e-227
1324938,10,0.19847,10.965,0.015,1.0,0.0
1281119,10,0.19902,10.992,0.032,1.0,0.0
1335323,10,0.19991,10.366,0.073,0.9999997330320323,-8.809942935172898e-09
1782065,10,0.20173,10.391,0.067,0.9999999973236815,-8.831851050494777e-11
1550021,10,0.20587,10.199,0.01,1.0,0.0
1327978,10,0.20699,10.893,0.024,1.0,0.0
1283373,10,0.20753,10.291,0.073,0.999966444369906,-1.107335793101849e-06
1315197,10,0.20823,10.15,0.066,0.9884786899561192,-0.00038020323144806624
1324509,10,0.21062,10.322,0.011,1.0,0.0
1791048,10,0.21094,10.862,0.012,1.0,0.0
1257366,10,0.21136,10.76,0.019,1.0,0.0
1309013,10,0.2126,10.492,0.01,1.0,0.0
1887027,10,0.21303,10.809,0.011,1.0,0.0
1292805,10,0.21415,10.678,0.003,1.0,0.0
1297501,10,0.21492,9.467,0.007,0.0,0.0
1249851,10,0.21511,11.059,0.086,1.0,0.0
1371126,10,0.21601,10.068,0.006,1.0,0.0
1304442,10,0.21711,9.274,0.002,0.0,0.0
1282114,10,0.21781,10.19,0.01,1.0,0.0
1313230,10,0.21792,10.225,0.016,1.0,0.0
1295062,10,0.21839,9.209,0.01,0.0,0.0
1290816,10,0.21847,8.794,0.024,0.0,0.0
1919017,10,0.21849,10.544,0.104,0.9999999155969347,-2.785301155383557e-09
1304678,10,0.21883,10.917,0.029,1.0,0.0
1342255,10,0.21885,9.797,0.011,2.3969062839747206e-76,7.909790737116579e-78
1250912,10,0.21898,10.614,0.016,1.0,0.0
1682020,10,0.21924,11.052,0.061,1.0,0.0
1302187,10,0.21942,9.467,0.003,0.0,0.0
1259352,10,0.21986,10.463,0.08,0.9999999964279156,-1.178787853994834e-10
1867019,10,0.22101,10.202,0.011,1.0,0.0
1331123,10,0.22157,11.11,0.038,1.0,0.0
1929063,10,0.22211,9.768,0.01,2.2766063670679837e-119,7.512801011324346e-121
1259246,10,0.22284,10.973,0.029,1.0,0.0
1249137,10,0.22305,9.721,0.01,1.3340308990732064e-171,4.402301966941581e-173
1641279,10,0.22398,10.965,0.061,1.0,0.0
1878148,10,0.22453,10.522,0.012,1.0,0.0
1292560,10,0.22482,8.606,0.034,0.0,0.0
1248039,10,0.22566,9.37,0.041,1.3868055356732314e-53,4.576458267721664e-55
1315192,10,0.22714,10.444,0.011,1.0,0.0
1249308,10,0.22806,11.276,0.029,1.0,0.0
1315259,10,0.22806,11.377,0.012,1.0,0.0
1879426,10,0.22941,7.683,0.074,1.6626933306961818e-215,5.4868879912974e-217
1288083,10,0.23048,10.058,0.054,0.8586052583381283,-0.004666026474841767
1291149,10,0.23057,10.144,0.009,1.0,0.0
1262746,10,0.23079,10.483,0.046,1.0,0.0
1302648,10,0.23171,10.105,0.014,0.9999999999999681,-1.0514922266224858e-15
1275946,10,0.23212,7.967,0.126,7.249692910994023e-59,2.3923986606280276e-60
1262201,10,0.23279,10.096,0.01,1.0,0.0
1310367,10,0.23332,10.543,0.012,1.0,0.0
1292336,10,0.23355,9.12,0.013,0.0,0.0
1336687,10,0.2338,8.606,0.028,0.0,0.0
1279500,10,0.2347,9.708,0.014,6.564190884688212e-97,2.16618299194711e-98
1656029,10,0.2348,9.106,0.035,3.295819177703115e-144,1.0876203286420279e-145
1319366,10,0.23482,9.556,0.014,4.936461720905584e-221,1.6290323678988428e-222
1860025,10,0.23532,8.96,0.018,0.0,0.0
1921033,10,0.23707,8.613,0.026,0.0,0.0
1317277,10,0.2371,10.09,0.067,0.9104099168895218,-0.0029564727426457816
1373042,10,0.2372,10.742,0.006,1.0,0.0
1434248,10,0.23734,11.091,0.024,1.0,0.0
1262573,10,0.23747,11.152,0.019,1.0,0.0
1840041,10,0.23891,9.873,0.079,0.05396196093810609,0.001780744710957501
1834104,10,0.23928,10.409,0.006,1.0,0.0
1366436,10,0.23954,7.956,0.066,6.899174491215309e-211,2.2767275821010521e-212
1368188,10,0.24003,10.866,0.005,1.0,0.0
1319711,10,0.24171,10.112,0.076,0.9297166819756434,-0.0023193494948037683
1780045,10,0.24283,10.698,0.012,1.0,0.0
1344355,10,0.24448,9.169,0.019,0.0,0.0
1927242,10,0.24576,11.05,0.019,1.0,0.0
1246275,10,0.24605,9.658,0.017,2.585205716628002e-90,8.531178864872407e-92
1276528,10,0.24618,11.017,0.055,1.0,0.0
1334645,10,0.24701,10.475,0.051,1.0,0.0
1879256,10,0.24936,9.092,0.018,0.0,0.0
1901059,10,0.25126,9.171,0.024,9.506588322898231e-262,3.1371741465564165e-263
1367234,10,0.25173,9.374,0.014,0.0,0.0
1305276,10,0.25286,10.203,0.011,1.0,0.0
1302359,10,0.25308,10.956,0.03,1.0,0.0
1262726,10,0.25378,10.81,0.005,1.0,0.0
1373028,10,0.25517,11.125,0.023,1.0,0.0
1336480,10,0.25604,9.986,0.008,0.040059156863824136,0.0013219521765061965
1279420,10,0.25691,10.979,0.06,1.0,0.0
1321450,10,0.25833,9.308,0.019,9.883697706545603e-291,3.261620243160049e-292
1297026,10,0.25854,10.869,0.016,1.0,0.0
1303883,10,0.25904,9.956,0.002,1.4398924351373695e-107,4.75164503595332e-109
1289664,10,0.25907,8.04,0.182,2.405015132432452e-27,7.936549937027092e-29
1697026,10,0.26046,9.018,0.006,0.0,0.0
1298079,10,0.26048,11.172,0.019,1.0,0.0
1262232,10,0.26103,8.655,0.012,0.0,0.0
1337649,10,0.2615,8.755,0.03,0.0,0.0
1373040,10,0.26162,10.818,0.011,1.0,0.0
1910132,10,0.26271,11.099,0.162,0.9999999999941533,-1.9293966424527298e-13
1434201,10,0.26317,9.731,0.036,3.942584854657335e-14,1.3010530020369207e-15
1344347,10,0.26361,11.242,0.054,1.0,0.0
1261784,10,0.26523,10.122,0.017,0.9999999999996423,-1.180455733162944e-14
1892103,10,0.26584,10.271,0.01,1.0,0.0
1334087,10,0.26628,10.981,0.099,1.0,0.0
1300390,10,0.26765,10.351,0.088,0.9999667729007256,-1.0964942760567366e-06
1319870,10,0.26767,10.301,0.009,1.0,0.0
1249970,10,0.26775,8.913,0.036,1.400865986954584e-200,4.622857756950127e-202
1309288,10,0.26793,10.929,0.016,1.0,0.0
1560034,10,0.26891,10.277,0.006,1.0,0.0
1320704,10,0.26996,10.919,0.026,1.0,0.0
1309874,10,0.27001,10.906,0.034,1.0,0.0
1330817,10,0.27051,10.543,0.12,0.9999969802247148,-9.965258441035907e-08
1366690,10,0.27119,10.288,0.075,0.9999384828448168,-2.0300661210459482e-06
1773078,10,0.27142,9.76,0.017,1.4785027241892664e-45,4.87905898982458e-47
1278493,10,0.27237,9.845,0.016,1.7038380701088674e-22,5.622665631359263e-24
1968046,10,0.27255,10.774,0.074,1.0,0.0
1292332,10,0.27265,10.212,0.052,0.9999771822091394,-7.529870983982168e-07
1260050,10,0.27278,10.506,0.07,0.999999999999756,-8.052891686816111e-15
1574104,10,0.27304,10.639,0.039,1.0,0.0
1502065,10,0.27316,9.29,0.017,0.0,0.0
1250279,10,0.27382,10.754,0.051,1.0,0.0
1260556,10,0.27437,10.382,0.007,1.0,0.0
1339756,10,0.27539,11.018,0.048,1.0,0.0
1547086,10,0.27578,9.125,0.038,1.2704777014207965e-117,4.192576414688629e-119
1305756,10,0.27589,8.895,0.025,0.0,0.0
1368133,10,0.27618,9.476,0.01,0.0,0.0
1792093,10,0.27659,10.063,0.017,0.9998946719642082,-3.475825181128545e-06
1503024,10,0.27694,11.357,0.01,1.0,0.0
1297465,10,0.27784,10.013,0.012,0.8606697525503761,-0.004597898165837587
1291242,10,0.27905,9.895,0.016,2.6456520269209784e-11,8.73065168883923e-13
1261963,10,0.27963,11.301,0.042,1.0,0.0
1255576,10,0.2801,10.815,0.038,1.0,0.0
1248084,10,0.28063,11.026,0.01,1.0,0.0
1290967,10,0.2811,9.991,0.009,0.15865525393144791,0.005235623379737781
1902212,10,0.28169,9.578,0.002,0.0,0.0
1249483,10,0.28303,10.959,0.067,1.0,0.0
1773339,10,0.28417,10.262,0.006,1.0,0.0
1297927,10,0.28513,9.506,0.009,0.0,0.0
1312897,10,0.28578,10.547,0.016,1.0,0.0
1862039,10,0.28699,10.593,0.052,1.0,0.0
1334644,10,0.28805,11.358,0.01,1.0,0.0
1313594,10,0.28834,10.077,0.017,0.9999970425935713,-9.759441214873821e-08
1457045,10,0.28848,9.704,0.012,1.219147769084723e-134,4.023187637979586e-136
1334597,10,0.28895,9.101,0.071,4.802797255371196e-37,1.5849230942724946e-38
1289288,10,0.29001,10.561,0.017,1.0,0.0
1538019,10,0.29069,11.076,0.057,1.0,0.0
1371022,10,0.29082,8.479,0.021,0.0,0.0
1861178,10,0.29093,9.648,0.016,1.4398924351444633e-107,4.751645035976729e-109
1531089,10,0.29149,10.149,0.004,1.0,0.0
1302123,10,0.29156,10.497,0.012,1.0,0.0
1263715,10,0.29185,8.72,0.049,1.0134900686353131e-150,3.3445172264965334e-152
1292227,10,0.29185,10.203,0.056,0.9998555192741188,-4.7678639540811305e-06
1291090,10,0.29199,9.467,0.023,4.173203427294887e-119,1.3771571310073127e-120
1262550,10,0.29209,10.446,0.014,1.0,0.0
1336454,10,0.29256,8.825,0.053,3.3595725608859632e-109,1.108658945092368e-110
1340706,10,0.29323,9.377,0.016,0.0,0.0
1266255,10,0.29358,10.49,0.014,1.0,0.0
1721068,10,0.29376,10.528,0.008,1.0,0.0
1256680,10,0.29438,9.705,0.039,1.952757489670205e-14,6.444099715911677e-16
1250665,10,0.29461,10.068,0.012,0.9999999927198899,-2.402436323212243e-10
1310432,10,0.29471,10.325,0.011,1.0,0.0
1299503,10,0.29498,9.16,0.038,1.4064517156979925e-108,4.6412906618033755e-110
1300703,10,0.29571,10.781,0.012,1.0,0.0
1295436,10,0.29584,9.189,0.012,0.0,0.0
1257934,10,0.29648,9.716,0.01,1.0110584656317608e-177,3.336492936584811e-179
1293319,10,0.29686,9.14,0.02,0.0,0.0
1291346,10,0.2977,9.977,0.015,0.0625968727909094,0.0020656968021000107
1901115,10,0.29874,10.247,0.013,1.0,0.0
1305051,10,0.29887,10.209,0.016,1.0,0.0
1547071,10,0.29911,9.727,0.023,8.51753154396615e-33,2.8107854095088296e-34
1293275,10,0.30179,8.618,0.045,2.0224727706211253e-207,6.674160143049714e-209
1321006,10,0.30244,11.286,0.127,1.0,0.0
1294948,10,0.30246,9.626,0.013,2.6031385197510123e-182,8.590357115178341e-184
1339002,10,0.30251,10.68,0.043,1.0,0.0
1334654,10,0.30259,9.47,0.027,4.317087660618067e-86,1.4246389280039621e-87
1905171,10,0.30307,9.25,0.023,1.543966620016703e-233,5.0950898460551206e-235
1659022,10,0.30317,8.674,0.034,0.0,0.0
1259412,10,0.30477,10.471,0.006,1.0,0.0
1335717,10,0.30477,9.607,0.012,1.5181237159470436e-235,5.009808262625244e-237
1861124,10,0.30511,10.415,0.011,1.0,0.0
1340954,10,0.30517,11.361,0.075,1.0,0.0
1849051,10,0.30546,10.228,0.01,1.0,0.0
1368131,10,0.30694,10.923,0.011,1.0,0.0
1281668,10,0.30697,9.953,0.01,1.3008074539169012e-06,4.292664597925774e-08
1777124,10,0.30743,9.471,0.018,3.807843170715826e-190,1.2565882463362226e-191
1319821,10,0.3088,10.254,0.015,1.0,0.0
1292767,10,0.30893,8.357,0.041,0.0,0.0
1650024,10,0.30994,10.057,0.01,0.9999999940096286,-1.9768225689720256e-10
1848053,10,0.31016,9.713,0.02,5.326861833387522e-47,1.7578644050178825e-48
1300516,10,0.31042,9.753,0.012,1.9356175570190273e-94,6.3875379381627905e-96
1321338,10,0.31048,9.98,0.011,0.03451817399721058,0.0011390997419079491
1264434,10,0.31075,11.026,0.055,1.0,0.0
1323831,10,0.31079,10.623,0.013,1.0,0.0
1338128,10,0.31184,8.998,0.025,0.0,0.0
1791116,10,0.31193,10.913,0.01,1.0,0.0
1337838,10,0.31194,7.969,0.198,5.470958632588906e-25,1.805416348754339e-26
1263369,10,0.31251,10.478,0.011,1.0,0.0
1294743,10,0.31257,10.237,0.009,1.0,0.0
1662023,10,0.31268,10.37,0.011,1.0,0.0
1321365,10,0.3127,8.91,0.028,0.0,0.0
1283878,10,0.31286,11.246,0.013,1.0,0.0
1341894,10,0.31293,9.854,0.015,1.0867567377063828e-22,3.5862972344310635e-24
1850045,10,0.31314,10.237,0.013,1.0,0.0
1880686,10,0.31406,10.565,0.061,1.0,0.0
1943111,10,0.31562,11.048,0.023,1.0,0.0
1929024,10,0.31564,9.892,0.011,4.701200721809692e-23,1.5513962381971985e-24
1913214,10,0.31615,10.634,0.08,0.9999999999999989,-3.663735981263017e-17
1300179,10,0.31722,10.009,0.015,0.725746882249934,-0.00905035288575218
1265165,10,0.31752,10.861,0.015,1.0,0.0
1345553,10,0.31794,9.847,0.013,2.8117466350825054e-32,9.278763895772268e-34
1625037,10,0.31863,10.755,0.016,1.0,0.0
1253119,10,0.31915,11.014,0.005,1.0,0.0
1897267,10,0.3192,9.553,0.002,0.0,0.0
1259615,10,0.32008,10.406,0.024,1.0,0.0
1293366,10,0.3204,11.187,0.117,1.0,0.0
1566028,10,0.32059,10.31,0.064,0.9999993629438529,-2.102285285288108e-08
1246527,10,0.32078,11.12,0.017,1.0,0.0
1366482,10,0.32154,9.306,0.009,0.0,0.0
1261579,10,0.32214,11.221,0.028,1.0,0.0
1310396,10,0.3225,9.3,0.027,1.699122499148226e-148,5.607104247189146e-150
1891147,10,0.32274,9.063,0.017,0.0,0.0
1248243,10,0.32394,9.194,0.016,0.0,0.0
1292033,10,0.32472,9.08,0.033,2.4122428352255152e-171,7.960401356244201e-173
1592028,10,0.3251,10.214,0.012,1.0,0.0
1340700,10,0.3255,10.461,0.008,1.0,0.0
1305626,10,0.32572,9.251,0.011,0.0,0.0
1308326,10,0.32622,9.581,0.017,1.9786456500797852e-134,6.529530645263291e-136
1469040,10,0.3267,10.51,0.016,1.0,0.0
1314071,10,0.32707,10.144,0.011,1.0,0.0
1259511,10,0.3271,10.824,0.062,1.0,0.0
1306073,10,0.32858,10.475,0.021,1.0,0.0
1303215,10,0.32869,10.192,0.011,1.0,0.0
1337687,10,0.32869,8.283,0.059,1.7084586280464692e-186,5.6379134725533484e-188
1293783,10,0.32874,11.041,0.007,1.0,0.0
1316465,10,0.32909,9.117,0.019,0.0,0.0
1266808,10,0.3293,10.698,0.012,1.0,0.0
1301933,10,0.32959,9.733,0.01,2.3533965992292457e-157,7.766208777456511e-159
1569050,10,0.32988,8.93,0.026,0.0,0.0
1653101,10,0.33,10.255,0.01,1.0,0.0
1847079,10,0.33041,9.45,0.025,1.439892435144136e-107,4.751645035975649e-109
1338675,10,0.33047,9.319,0.015,0.0,0.0
1264068,10,0.33054,10.238,0.012,1.0,0.0
1370320,10,0.3307,10.064,0.022,0.998187592807397,-5.9809437355899167e-05
1321276,10,0.33121,9.974,0.057,0.32414452779204983,0.010696769417137646
1249416,10,0.33169,10.506,0.01,1.0,0.0
1449074,10,0.33186,10.578,0.014,1.0,0.0
1339217,10,0.33191,9.879,0.001,0.0,0.0
1306141,10,0.33239,9.747,0.015,3.95690100980258e-64,1.3057773332348514e-65
1257356,10,0.33257,10.169,0.023,0.9999999999998993,-3.323008535005556e-15
1260241,10,0.33336,11.029,0.027,1.0,0.0
1309492,10,0.33352,9.329,0.015,0.0,0.0
1346956,10,0.33352,6.908,0.281,1.8367136936549513e-28,6.0611551890613396e-30
1295024,10,0.33386,10.34,0.014,1.0,0.0
1257609,10,0.33389,11.014,0.007,1.0,0.0
1319066,10,0.33403,8.882,0.03,2.8459288248210614e-304,9.391565121909503e-306
1335305,10,0.33403,9.532,0.016,2.2451311768291082e-188,7.408932883536057e-190
1480038,10,0.33423,10.459,0.013,1.0,0.0
1531112,10,0.3347,9.431,0.028,4.156101330122343e-92,1.3715134389403732e-93
1309293,10,0.33472,9.235,0.022,3.1429800447784416e-265,1.0371834147768857e-266
1297318,10,0.33479,10.039,0.017,0.989108129014146,-0.0003594317425331813
1323016,10,0.33485,9.971,0.02,0.07352925960964893,0.0024264655671184148
1346966,10,0.33513,9.501,0.018,1.8843979539933257e-169,6.2185132481779755e-171
1262163,10,0.3352,10.663,0.018,1.0,0.0
1246281,10,0.33549,10.616,0.017,1.0,0.0
1929216,10,0.33584,10.02,0.015,0.9087887802741275,-0.003009970250953794
1330530,10,0.33633,9.986,0.013,0.14075731625502252,0.004644991436415743
1314897,10,0.33662,10.901,0.01,1.0,0.0
1287437,10,0.33681,11.307,0.017,1.0,0.0
1320501,10,0.33683,10.72,0.033,1.0,0.0
1871017,10,0.3372,10.827,0.035,1.0,0.0
1257016,10,0.33743,9.746,0.015,1.2774639875287462e-64,4.2156311588448626e-66
1909375,10,0.33753,10.583,0.014,1.0,0.0
1313057,10,0.33754,10.375,0.012,1.0,0.0
1322819,10,0.33759,11.541,0.016,1.0,0.0
1263197,10,0.33778,10.143,0.075,0.9717181169545005,-0.0009333021405014836
1300912,10,0.3378,9.59,0.014,7.884123131363865e-189,2.6017606333500756e-190
1723034,10,0.33784,10.871,0.055,1.0,0.0
1262131,10,0.33802,10.223,0.092,0.9923228592400297,-0.00025334564507901926
1304145,10,0.33811,10.604,0.036,1.0,0.0
1294351,10,0.33828,9.325,0.019,9.645687968180452e-277,3.1830770294995496e-278
1770702,10,0.33846,10.58,0.024,1.0,0.0
1343337,10,0.33899,9.69,0.019,3.8107224523273827e-60,1.2575384092680363e-61
1319614,10,0.3392,10.09,0.017,0.9999999402037867,-1.9732750393686162e-09
1643312,10,0.34037,10.399,0.072,0.9999999850196889,-4.943502663889987e-10
1933035,10,0.34105,10.638,0.044,1.0,0.0
1308357,10,0.34157,10.298,0.015,1.0,0.0
1336009,10,0.34175,8.901,0.009,0.0,0.0
1332819,10,0.3418,10.748,0.007,1.0,0.0
1368530,10,0.34224,9.939,0.014,6.58856334987254e-06,2.1742259054579383e-07
1249805,10,0.34273,10.279,0.014,1.0,0.0
1311394,10,0.34291,10.207,0.015,1.0,0.0
1301936,10,0.34304,8.925,0.026,0.0,0.0
1332747,10,0.34305,9.3,0.011,0.0,0.0
1248925,10,0.34307,9.56,0.015,1.94943280701794e-189,6.433128263159202e-191
1876421,10,0.34313,9.327,0.02,1.5589620917063924e-248,5.144574902631095e-250
1297365,10,0.34316,10.154,0.014,1.0,0.0
1531108,10,0.34387,8.677,0.06,4.776187441808173e-108,1.5761418557966971e-109
1371048,10,0.34392,10.759,0.038,1.0,0.0
1776135,10,0.3441,10.687,0.014,1.0,0.0
1323106,10,0.34417,10.364,0.016,1.0,0.0
1948484,10,0.34436,10.82,0.084,1.0,0.0
1318661,10,0.34451,10.793,0.023,1.0,0.0
1921361,10,0.34459,8.368,0.064,9.85623651896505e-144,3.2525580512584664e-145
1309330,10,0.34472,9.058,0.028,1.9829067524279844e-248,6.543592283012349e-250
1329312,10,0.34478,10.862,0.013,1.0,0.0
1256570,10,0.34548,10.287,0.036,0.9999999999999992,-2.5646151868841117e-17
1835110,10,0.3455,8.595,0.044,4.830909764660811e-224,1.5942002223380677e-225
1292823,10,0.34565,9.027,0.041,8.4879898902144e-125,2.8010366637707522e-126
1770442,10,0.34578,10.576,0.057,1.0,0.0
1432017,10,0.34579,10.701,0.052,1.0,0.0
1277715,10,0.34601,9.089,0.009,0.0,0.0
1265011,10,0.34689,10.46,0.012,1.0,0.0
1291408,10,0.34721,11.207,0.109,1.0,0.0
1658072,10,0.34721,10.526,0.011,1.0,0.0
1593067,10,0.34776,10.453,0.01,1.0,0.0
1278602,10,0.34799,10.399,0.013,1.0,0.0
1336150,10,0.3481,9.599,0.017,2.5448416513998963e-123,8.397977449619658e-125
1919042,10,0.34814,9.948,0.012,7.343423836895782e-06,2.423329866175608e-07
1326216,10,0.34832,9.739,0.015,4.125146265082475e-68,1.3612982674772168e-69
1295315,10,0.34886,10.898,0.017,1.0,0.0
1258906,10,0.34918,8.927,0.021,0.0,0.0
1248677,10,0.35016,9.564,0.016,8.309263799347425e-164,2.7420570537846506e-165
1291254,10,0.35021,9.904,0.009,7.288098281433899e-27,2.4050724328731866e-28
1773049,10,0.35023,10.273,0.007,1.0,0.0
1432027,10,0.35039,10.892,0.032,1.0,0.0
1328016,10,0.35071,10.627,0.023,1.0,0.0
1254356,10,0.35129,10.248,0.015,1.0,0.0
1314554,10,0.35159,10.829,0.04,1.0,0.0
1257040,10,0.35177,10.689,0.018,1.0,0.0
1261503,10,0.35211,10.758,0.117,0.9999999999537211,-1.5272026976376198e-12
1256765,10,0.35267,8.926,0.029,1.5960878546595887e-300,5.267089920376644e-302
1256933,10,0.35284,10.577,0.012,1.0,0.0
1324562,10,0.35299,10.303,0.014,1.0,0.0
1276546,10,0.35329,8.814,0.064,5.778538269635271e-77,1.9069176289796396e-78
1935471,10,0.35433,10.632,0.078,0.9999999999999998,-7.327471962526034e-18
1260113,10,0.35469,11.045,0.011,1.0,0.0
1251552,10,0.35484,9.98,0.017,0.11970343939839972,0.003950213500147191
1255312,10,0.35561,10.577,0.065,1.0,0.0
1295592,10,0.35631,10.912,0.014,1.0,0.0
1331836,10,0.35667,10.652,0.016,1.0,0.0
1324790,10,0.35723,9.326,0.03,4.397482160751797e-112,1.451169113048093e-113
1247022,10,0.35763,10.507,0.011,1.0,0.0
1334423,10,0.35791,9.32,0.022,4.5081472044282636e-210,1.487688577461327e-211
1450026,10,0.35831,10.617,0.092,0.9999999999900341,-3.288752603580747e-13
1250357,10,0.35843,10.721,0.057,1.0,0.0
1302915,10,0.35921,10.263,0.015,1.0,0.0
1397029,10,0.35942,9.273,0.034,9.752181257709243e-102,3.21821981504405e-103
1307830,10,0.35948,10.394,0.061,0.9999999999473071,-1.7388640527471466e-12
1315950,10,0.35948,10.692,0.05,1.0,0.0
1318235,10,0.36002,9.84,0.014,1.505101542061855e-30,4.966835088804122e-32
1265281,10,0.36021,9.183,0.017,0.0,0.0
1848198,10,0.36021,9.339,0.021,9.198956826291018e-218,3.035655752676036e-219
1331700,10,0.36025,9.029,0.024,0.0,0.0
1264512,10,0.36027,9.0,0.031,1.355774299001506e-228,4.47405518670497e-230
1878334,10,0.36044,10.539,0.015,1.0,0.0
1645158,10,0.36048,10.147,0.064,0.9891870492407789,-0.00035682737505429507
1294340,10,0.36087,9.867,0.017,2.568127466581712e-15,8.47482063971965e-17
1306378,10,0.36101,10.464,0.013,1.0,0.0
1316701,10,0.36115,9.562,0.017,1.1029011034745844e-146,3.639573641466129e-148
1253406,10,0.36131,10.216,0.099,0.9854385229238072,-0.00048052874351436306
1266015,10,0.3616,10.672,0.084,0.9999999999999993,-2.19824158875781e-17
1923415,10,0.36161,9.269,0.024,4.645741773655593e-204,1.5330947853063457e-205
1905244,10,0.36176,10.417,0.137,0.9988319310475849,-3.854627542969691e-05
1294014,10,0.36271,9.235,0.024,2.9651299938895894e-223,9.784928979835645e-225
1346137,10,0.36326,9.904,0.016,9.865876450376623e-10,3.255739228624286e-11
1703026,10,0.3639,10.031,0.033,0.8262357382383175,-0.005734220638135522
1330533,10,0.36444,10.189,0.044,0.9999912832121578,-2.8765399879260304e-07
1333291,10,0.3646,10.012,0.014,0.8043170308462331,-0.006457537982074309
1255735,10,0.36463,8.28,0.035,0.0,0.0
1339402,10,0.36538,9.941,0.041,0.07507180622341222,0.0024773696053726037
1447133,10,0.3654,10.099,0.026,0.99992986517504,-2.314449223679627e-06
1920365,10,0.36549,10.57,0.011,1.0,0.0
1299746,10,0.36571,10.258,0.01,1.0,0.0
1318460,10,0.36604,8.727,0.027,0.0,0.0
1500031,10,0.36606,9.246,0.019,0.0,0.0
1258090,10,0.36656,10.14,0.03,0.9999984693732634,-5.0510682307103315e-08
1344639,10,0.36672,10.891,0.011,1.0,0.0
1308582,10,0.36704,10.659,0.024,1.0,0.0
1330828,10,0.36705,10.395,0.014,1.0,0.0
1431163,10,0.36711,10.742,0.026,1.0,0.0
1599030,10,0.36774,8.553,0.036,0.0,0.0
1770386,10,0.36795,10.731,0.035,1.0,0.0
1294341,10,0.36798,10.373,0.049,0.9999999999999866,-4.4331205373282504e-16
1904092,10,0.36798,10.912,0.006,1.0,0.0
1249245,10,0.36834,11.174,0.008,1.0,0.0
1343533,10,0.36843,10.731,0.039,1.0,0.0
1283936,10,0.36862,9.479,0.018,1.6482565725600393e-184,5.43924668944813e-186
1918076,10,0.36966,9.79,0.02,4.319006317807251e-26,1.4252720848763928e-27
1321973,10,0.37043,10.96,0.047,1.0,0.0
1323600,10,0.37044,10.626,0.011,1.0,0.0
1638030,10,0.37136,10.762,0.093,0.9999999999999999,-3.663735981263017e-18
1291957,10,0.37143,7.674,0.127,3.143618348420097e-75,1.0373940549786321e-76
1319539,10,0.37176,10.547,0.033,1.0,0.0
1511024,10,0.37178,10.673,0.069,1.0,0.0
1255412,10,0.37202,10.476,0.013,1.0,0.0
1291511,10,0.37228,9.802,0.015,4.3867527130724935e-40,1.4476283953139228e-41
1318126,10,0.37298,9.414,0.028,1.4709066739741883e-97,4.853992024114821e-99
1434203,10,0.37567,9.458,0.024,3.159903041091169e-113,1.0427680035600858e-114
1299643,10,0.37678,9.406,0.025,4.3302748336085225e-125,1.4289906950908125e-126
1879532,10,0.37719,10.671,0.047,1.0,0.0
1289366,10,0.37769,11.127,0.026,1.0,0.0
1282736,10,0.37797,10.528,0.029,1.0,0.0
1315795,10,0.37813,11.511,0.125,1.0,0.0
1847100,10,0.3789,8.361,0.114,3.597711677148038e-47,1.1872448534588525e-48
1837096,10,0.37937,10.993,0.128,0.9999999999999957,-1.4288570326925766e-16
1948209,10,0.37942,9.129,0.008,0.0,0.0
1299785,10,0.38131,10.114,0.018,0.9999999998800397,-3.9586887101705774e-12
1255399,10,0.38137,10.741,0.035,1.0,0.0
1324582,10,0.38185,11.064,0.01,1.0,0.0
1923060,10,0.38247,10.298,0.013,1.0,0.0
1620051,10,0.38251,11.058,0.058,1.0,0.0
1925122,10,0.38274,9.736,0.017,1.09691467962017e-54,3.6198184427465614e-56
1343401,10,0.38283,10.822,0.067,1.0,0.0
1250275,10,0.38323,10.313,0.024,1.0,0.0
1262135,10,0.38328,10.838,0.012,1.0,0.0
1246314,10,0.38337,9.621,0.014,1.0685474738718289e-161,3.5262066637770355e-163
1283272,10,0.38353,10.564,0.034,1.0,0.0
1501075,10,0.38373,10.674,0.039,1.0,0.0
1281886,10,0.38393,9.41,0.021,5.6002029871116795e-174,1.8480669857468544e-175
1291788,10,0.384,9.079,0.02,0.0,0.0
1289913,10,0.38495,9.885,0.029,3.661847898559635e-05,1.2084098065246797e-06
1249090,10,0.3862,11.235,0.152,0.9999999999999998,-7.327471962526034e-18
1338170,10,0.38676,10.166,0.017,1.0,0.0
1257022,10,0.38683,10.592,0.019,1.0,0.0
1336464,10,0.38732,10.428,0.018,1.0,0.0
1847165,10,0.38748,8.884,0.029,0.0,0.0
1702096,10,0.38809,10.235,0.011,1.0,0.0
1702083,10,0.38884,9.528,0.02,1.927056522134862e-123,6.359286523045045e-125
1879414,10,0.38889,7.954,0.136,1.886655374656011e-51,6.225962736364836e-53
1260058,10,0.38948,9.899,0.016,1.3728173111046481e-10,4.530297126645339e-12
1643313,10,0.39044,10.712,0.011,1.0,0.0
1435067,10,0.39136,10.699,0.017,1.0,0.0
1307953,10,0.39146,7.962,0.04,0.0,0.0
1773237,10,0.39186,10.269,0.014,1.0,0.0
1331130,10,0.39189,10.406,0.032,1.0,0.0
1923155,10,0.39201,9.444,0.013,0.0,0.0
1618036,10,0.39216,10.113,0.016,0.9999999999991823,-2.698341550200212e-14
1246626,10,0.39282,10.646,0.011,1.0,0.0
1790098,10,0.39298,8.909,0.077,7.142924000149241e-46,2.35716492004925e-47
1263291,10,0.39362,8.764,0.033,2.5328819468012827e-307,8.358510424444233e-309
1315910,10,0.39365,10.877,0.012,1.0,0.0
1317783,10,0.39436,9.043,0.023,0.0,0.0
1431064,10,0.39494,9.524,0.023,1.8953261357605987e-95,6.254576248009976e-97
1336002,10,0.39496,7.502,0.175,1.582570874242707e-46,5.222483885000933e-48
1291794,10,0.39512,10.609,0.041,1.0,0.0
1329198,10,0.39521,9.486,0.013,0.0,0.0
1318304,10,0.39764,9.624,0.021,5.412854792561189e-72,1.7862420815451926e-73
1291783,10,0.39821,10.223,0.018,1.0,0.0
1254762,10,0.39827,9.978,0.013,0.045293660960755065,0.0014946908117049172
1920362,10,0.39835,10.46,0.013,1.0,0.0
1265832,10,0.39876,10.788,0.071,1.0,0.0
1335885,10,0.39932,10.836,0.011,1.0,0.0
1300517,10,0.40031,10.723,0.006,1.0,0.0
1320367,10,0.40109,9.311,0.122,8.13795215237861e-09,2.6855242102849414e-10
1275873,10,0.40188,10.86,0.01,1.0,0.0
1581048,10,0.40194,9.86,0.02,1.279812543885571e-12,4.223381394822385e-14
1408024,10,0.40228,10.862,0.013,1.0,0.0
1253131,10,0.40349,11.198,0.058,1.0,0.0
1329615,10,0.4036,10.926,0.079,1.0,0.0
1257419,10,0.40361,10.484,0.042,1.0,0.0
1342778,10,0.40457,9.267,0.013,0.0,0.0
1530120,10,0.40467,9.758,0.013,1.2056126556292895e-77,3.9785217635766553e-79
1304777,10,0.40476,11.149,0.014,1.0,0.0
1284601,10,0.40512,10.364,0.032,1.0,0.0
1880632,10,0.40538,10.56,0.082,0.9999999999957325,-1.4082668364778783e-13
1331513,10,0.40572,9.871,0.02,5.592507575943479e-11,1.845527500061348e-12
1537020,10,0.40597,8.527,0.023,0.0,0.0
1318266,10,0.40626,10.987,0.028,1.0,0.0
1262588,10,0.40644,10.52,0.049,1.0,0.0
1308314,10,0.40647,7.934,0.096,4.968029555592388e-103,1.6394497533454882e-104
1847151,10,0.40684,10.853,0.017,1.0,0.0
1312213,10,0.40697,10.201,0.023,1.0,0.0
1719037,10,0.40746,10.29,0.011,1.0,0.0
1916207,10,0.40841,9.507,0.024,4.5686334291561435e-94,1.5076490316215274e-95
1892217,10,0.40897,10.396,0.019,1.0,0.0
1341370,10,0.409,8.698,0.055,3.4435555973870625e-124,1.1363733471377306e-125
1306390,10,0.40911,10.406,0.043,1.0,0.0
1300160,10,0.40925,10.758,0.029,1.0,0.0
1337971,10,0.41066,10.296,0.037,0.9999999999999993,-2.19824158875781e-17
1495047,10,0.41097,10.034,0.012,0.9976967338683045,-7.600778234595196e-05
1307277,10,0.41113,10.358,0.014,1.0,0.0
1430136,10,0.41235,9.942,0.014,1.7150281117007368e-05,5.659592768612431e-07
1315296,10,0.41257,9.612,0.016,3.306081358498338e-130,1.0910068483044516e-131
1300025,10,0.41357,9.76,0.079,0.0011908698148681172,3.929870389064787e-05
1292997,10,0.41447,11.007,0.034,1.0,0.0
1301963,10,0.41527,10.242,0.013,1.0,0.0
1260949,10,0.41568,9.221,0.026,1.556447385789877e-197,5.136276373106594e-199
1289600,10,0.41962,9.451,0.005,0.0,0.0
1265426,10,0.42029,9.409,0.02,3.2835449902035366e-192,1.0835698467671671e-193
1306578,10,0.42044,10.401,0.031,1.0,0.0
1338762,10,0.42054,9.776,0.02,2.0386675035446308e-29,6.7276027616972816e-31
1896164,10,0.42068,11.194,0.039,1.0,0.0
1306626,10,0.42089,8.766,0.032,0.0,0.0
1337311,10,0.42131,10.424,0.013,1.0,0.0
1876308,10,0.42147,8.785,0.061,1.4196412235851152e-88,4.68481603783088e-90
1306991,10,0.42199,10.952,0.029,1.0,0.0
1332721,10,0.42224,9.909,0.017,4.3267993505005975e-08,1.4278437856651973e-09
1257256,10,0.42235,11.1,0.05,1.0,0.0
1431072,10,0.42267,10.441,0.013,1.0,0.0
1567044,10,0.42273,10.792,0.088,1.0,0.0
1368143,10,0.42348,10.199,0.057,0.9997595971854875,-7.933292878913867e-06
1318659,10,0.42354,8.819,0.036,2.453169442562983e-236,8.095459160457845e-238
1282018,10,0.42376,10.716,0.03,1.0,0.0
1302523,10,0.42391,10.506,0.007,1.0,0.0
1311632,10,0.4242,10.379,0.06,0.9999999998663675,-4.409874132527137e-12
1516019,10,0.42436,9.145,0.06,2.241406232693416e-46,7.396640567888274e-48
1776329,10,0.42445,9.028,0.045,8.980771948142185e-104,2.9636547428869213e-105
1312274,10,0.4245,10.52,0.015,1.0,0.0
1264039,10,0.4246,9.162,0.012,0.0,0.0
1305387,10,0.42467,9.917,0.041,0.02146500739240606,0.0007083452439494
1632070,10,0.42513,9.871,0.029,4.328115635367813e-06,1.4282781596713786e-07
1295027,10,0.42561,10.076,0.014,0.9999999715965446,-9.37314027060765e-10
1280039,10,0.42569,9.069,0.031,1.8612902145864525e-198,6.142257708135294e-200
1258940,10,0.42593,10.845,0.028,1.0,0.0
1338324,10,0.42602,10.058,0.015,0.9999448334649728,-1.8204956558989239e-06
1335432,10,0.42692,10.229,0.014,1.0,0.0
1408068,10,0.42713,10.938,0.007,1.0,0.0
1264106,10,0.42749,10.34,0.013,1.0,0.0
1655086,10,0.42781,8.853,0.018,0.0,0.0
1336359,10,0.42821,9.271,0.06,2.8682798188372293e-34,9.465323402162857e-36
1293789,10,0.42857,10.606,0.029,1.0,0.0
1618042,10,0.42893,10.474,0.051,1.0,0.0
1810236,10,0.42926,9.59,0.021,3.4452071640342296e-85,1.1369183641312958e-86
1265040,10,0.42981,11.061,0.031,1.0,0.0
1260107,10,0.42982,9.716,0.021,5.658035155976292e-42,1.8671516014721766e-43
1304456,10,0.42989,10.663,0.033,1.0,0.0
1260159,10,0.43034,10.998,0.07,1.0,0.0
1916124,10,0.43071,9.599,0.018,3.034770506752993e-110,1.0014742672284878e-111
1290007,10,0.43112,9.859,0.013,1.0399729888744502e-27,3.4319108632856855e-29
1899442,10,0.43144,10.876,0.018,1.0,0.0
1317526,10,0.4316,9.159,0.021,0.0,0.0
1251225,10,0.43172,8.771,0.047,5.0668200224459325e-151,1.6720506074071577e-152
1922297,10,0.43225,9.911,0.002,0.0,0.0
1883111,10,0.43278,10.491,0.021,1.0,0.0
1367571,10,0.43311,10.671,0.011,1.0,0.0
1310485,10,0.43313,9.288,0.042,9.240761816329116e-65,3.0494513993886085e-66
1252521,10,0.43322,9.074,0.036,3.297834296595931e-146,1.0882853178766572e-147
1314067,10,0.43365,9.352,0.018,4.182624065798712e-284,1.380265941713575e-285
1277945,10,0.43369,11.217,0.005,1.0,0.0
1251390,10,0.43398,10.49,0.031,1.0,0.0
1660018,10,0.43435,9.879,0.016,1.9769755960770572e-14,6.524019467054289e-16
1861164,10,0.43446,9.18,0.028,7.884123131363865e-189,2.6017606333500756e-190
1909346,10,0.43448,9.039,0.013,0.0,0.0
1933168,10,0.43495,11.224,0.11,1.0,0.0
1321166,10,0.4351,10.744,0.024,1.0,0.0
1297063,10,0.43516,10.589,0.014,1.0,0.0
1559178,10,0.4355,10.733,0.013,1.0,0.0
1263930,10,0.43578,10.102,0.015,0.9999999999947691,-1.7262058449318829e-13
1501097,10,0.43587,10.254,0.062,0.999979052640215,-6.912628729041082e-07
1313698,10,0.43619,9.902,0.016,4.5341803266939464e-10,1.4962795078090025e-11
1256701,10,0.43629,10.365,0.084,0.9999930437661644,-2.2955571657545803e-07
1908380,10,0.43668,11.051,0.058,1.0,0.0
1336008,10,0.43764,9.899,0.007,1.7104673637839677e-47,5.644542300487093e-49
1308916,10,0.43769,9.831,0.015,9.584511575683949e-30,3.1628888199757034e-31
1333246,10,0.43774,10.799,0.02,1.0,0.0
1316831,10,0.43848,10.739,0.012,1.0,0.0
1253148,10,0.43868,8.828,0.07,3.192428468057698e-63,1.0535013944590405e-64
1334614,10,0.43941,10.158,0.012,1.0,0.0
1310294,10,0.43967,8.904,0.054,6.932475376634676e-92,2.287716874289443e-93
1904152,10,0.44025,10.995,0.007,1.0,0.0
1256823,10,0.44084,9.313,0.105,3.017723937453097e-11,9.958488993595221e-13
1536026,10,0.44129,9.729,0.015,2.9166679388663024e-73,9.625004198258799e-75
1328105,10,0.44153,11.11,0.014,1.0,0.0
1311247,10,0.44183,10.781,0.026,1.0,0.0
1641173,10,0.44364,10.622,0.013,1.0,0.0
1255008,10,0.4438,10.884,0.112,0.9999999999999986,-4.762856775641922e-17
1645125,10,0.44419,9.505,0.026,4.094906038903453e-81,1.3513189928381394e-82
1880304,10,0.44419,10.521,0.014,1.0,0.0
1265089,10,0.44472,10.962,0.025,1.0,0.0
1904293,10,0.44623,10.019,0.041,0.6784664044678809,-0.010610608652559932
1249956,10,0.44628,10.902,0.036,1.0,0.0
1306423,10,0.44638,9.848,0.013,6.977133202927749e-32,2.3024539569661572e-33
1251975,10,0.44647,10.901,0.057,1.0,0.0
1253474,10,0.4467,10.997,0.015,1.0,0.0
1367331,10,0.44684,10.25,0.019,1.0,0.0
1450148,10,0.44736,9.35,0.033,1.1445893518000388e-86,3.7771448609401285e-88
1340539,10,0.44766,9.138,0.027,5.831953808965654e-224,1.924544756958666e-225
1900662,10,0.44791,10.323,0.017,1.0,0.0
1264499,10,0.44841,10.595,0.021,1.0,0.0
1862183,10,0.44864,10.328,0.032,1.0,0.0
1389177,10,0.44895,10.857,0.047,1.0,0.0
1335756,10,0.44933,10.454,0.039,1.0,0.0
1255487,10,0.45012,9.513,0.02,2.8986563185367916e-131,9.565565851171413e-133
1249371,10,0.45085,10.684,0.026,1.0,0.0
1330964,10,0.45085,10.823,0.045,1.0,0.0
1390164,10,0.45102,9.868,0.034,5.172528983562348e-05,1.706934564575575e-06
1367556,10,0.45115,9.209,0.051,1.4889342307966275e-54,4.913482961628871e-56
1536028,10,0.45115,10.772,0.049,1.0,0.0
1252829,10,0.45168,10.799,0.094,1.0,0.0
1552028,10,0.4518,10.172,0.014,1.0,0.0
1895036,10,0.45194,10.114,0.015,0.9999999999999852,-4.872768855079812e-16
1289346,10,0.45198,8.815,0.016,0.0,0.0
1392400,10,0.45205,9.083,0.023,0.0,0.0
1290127,10,0.45222,7.073,0.308,1.0172304649959166e-21,3.3568605344865247e-23
1262252,10,0.45294,9.545,0.016,3.478368743472781e-178,1.1478616853460179e-179
1251381,10,0.45305,10.81,0.044,1.0,0.0
1337267,10,0.45318,9.269,0.017,0.0,0.0
1253101,10,0.45332,8.612,0.074,8.52450770516766e-79,2.8130875427053278e-80
1302110,10,0.45351,10.579,0.012,1.0,0.0
1309694,10,0.45353,10.287,0.016,1.0,0.0
1304193,10,0.45354,10.547,0.03,1.0,0.0
1262084,10,0.4536,10.74,0.013,1.0,0.0
1916143,10,0.45362,8.804,0.034,2.289643676340271e-271,7.555824131922894e-273
1512067,10,0.45394,10.702,0.011,1.0,0.0
1900865,10,0.45405,10.854,0.006,1.0,0.0
1776304,10,0.4541,9.499,0.019,1.5780123713383074e-153,5.207440825416415e-155
1253475,10,0.45412,10.959,0.062,1.0,0.0
1777122,10,0.45429,11.221,0.076,1.0,0.0
1334302,10,0.45463,10.668,0.014,1.0,0.0
1306360,10,0.45478,10.8,0.024,1.0,0.0
1937078,10,0.45525,9.606,0.015,2.3056481120389034e-152,7.608638769728381e-154
1366475,10,0.45546,8.834,0.023,0.0,0.0
1247537,10,0.45565,9.927,0.015,5.674810724271365e-07,1.8726875390095504e-08
1905184,10,0.45587,10.537,0.014,1.0,0.0
1531145,10,0.45675,9.836,0.015,3.9929948418369537e-28,1.3176882978061948e-29
1339716,10,0.45682,9.339,0.02,7.777996670725316e-240,2.5667389013393544e-241
1531113,10,0.45694,9.93,0.016,6.07162391133009e-06,2.0036358907389298e-07
1915067,10,0.45699,10.737,0.003,1.0,0.0
1644211,10,0.45743,10.794,0.033,1.0,0.0
1878719,10,0.45753,10.586,0.033,1.0,0.0
1263244,10,0.45799,10.964,0.026,1.0,0.0
1260030,10,0.45811,10.411,0.03,1.0,0.0
1258061,10,0.45831,10.841,0.041,1.0,0.0
1310963,10,0.45919,9.997,0.016,0.4256343118441,0.0140459322908553
1339875,10,0.45944,10.475,0.061,0.9999999999999966,-1.1357581541915353e-16
1784110,10,0.45993,10.502,0.018,1.0,0.0
1565032,10,0.46097,10.712,0.037,1.0,0.0
1253180,10,0.46154,10.861,0.005,1.0,0.0
1338959,10,0.46167,10.026,0.014,0.9683545838833263,-0.0010442987318502325
1879263,10,0.46192,10.006,0.019,0.6239188458109776,-0.012410678088237741
1252970,10,0.46198,10.364,0.013,1.0,0.0
1297742,10,0.46256,10.872,0.047,1.0,0.0
1551020,10,0.46283,11.297,0.016,1.0,0.0
1366187,10,0.4629,10.317,0.01,1.0,0.0
1924089,10,0.46299,10.349,0.029,1.0,0.0
1484053,10,0.46322,10.36,0.04,1.0,0.0
1889211,10,0.46351,11.034,0.041,1.0,0.0
1924103,10,0.4638,10.813,0.013,1.0,0.0
1876431,10,0.46482,10.075,0.035,0.9839377143961708,-0.0005300554249263624
1595028,10,0.46523,9.942,0.018,0.0006360021896189765,2.0988072257426228e-05
1699105,10,0.4659,10.837,0.017,1.0,0.0
1797044,10,0.4667,10.084,0.036,0.9901846713713544,-0.0003239058447453064
1854103,10,0.4668,10.862,0.013,1.0,0.0
1262016,10,0.46694,9.422,0.025,1.4569457306875833e-118,4.807920911269025e-120
1301332,10,0.46754,10.682,0.016,1.0,0.0
1336558,10,0.4676,10.844,0.026,1.0,0.0
1317724,10,0.46775,10.41,0.039,1.0,0.0
1255426,10,0.46781,9.683,0.017,6.67089050356227e-78,2.2013938661755492e-79
1255470,10,0.46877,10.907,0.06,1.0,0.0
1339149,10,0.46879,9.779,0.018,5.96141580981214e-35,1.9672672172380064e-36
1596033,10,0.46937,9.168,0.056,3.1267943198311466e-50,1.0318421255442784e-51
1901738,10,0.46975,10.746,0.034,1.0,0.0
1254671,10,0.47065,9.678,0.016,2.2288606383126294e-90,7.355240106431678e-92
1294137,10,0.47085,9.178,0.021,0.0,0.0
1311755,10,0.471,9.453,0.019,1.4527207313977588e-182,4.793978413612604e-184
1299758,10,0.47241,10.273,0.016,1.0,0.0
1532056,10,0.47273,10.949,0.012,1.0,0.0
1265134,10,0.47304,10.3,0.002,1.0,0.0
1305785,10,0.47327,10.863,0.054,1.0,0.0
1257102,10,0.4733,9.46,0.028,3.540263016023821e-83,1.1682867952878609e-84
1936171,10,0.47336,10.975,0.015,1.0,0.0
1261173,10,0.47377,9.932,0.03,0.011705298080558727,0.00038627483665843804
1303317,10,0.47429,10.719,0.012,1.0,0.0
1403033,10,0.47435,10.629,0.006,1.0,0.0
1702112,10,0.47547,8.939,0.015,0.0,0.0
1901798,10,0.47577,10.737,0.02,1.0,0.0
1257775,10,0.47598,9.653,0.017,6.572593848973341e-93,2.1689559701612027e-94
1431096,10,0.4768,9.099,0.026,1.954578535816645e-263,6.450109168194929e-265
1252513,10,0.47767,8.984,0.038,8.782023003063774e-158,2.898067591011046e-159
1302418,10,0.4778,10.696,0.048,1.0,0.0
1636093,10,0.47782,9.819,0.016,5.6900027349944275e-30,1.8777009025481612e-31
1256332,10,0.47803,9.949,0.019,0.003635065519664857,0.00011995716214894029
1291143,10,0.47819,10.699,0.019,1.0,0.0
1488029,10,0.47833,9.61,0.003,0.0,0.0
1562077,10,0.47842,9.04,0.018,0.0,0.0
1783052,10,0.47852,10.431,0.008,1.0,0.0
1847216,10,0.47905,10.472,0.023,1.0,0.0
1847303,10,0.47964,8.906,0.037,1.952390898584235e-192,6.442889965327975e-194
1256817,10,0.47982,10.82,0.019,1.0,0.0
1882097,10,0.47992,9.903,0.013,4.2758995376628926e-14,1.4110468474287547e-15
1318052,10,0.48068,8.957,0.009,0.0,0.0
1387101,10,0.48092,9.393,0.248,0.007190946808126566,0.00023730124466817668
1309323,10,0.48309,9.221,0.036,3.867230013812517e-104,1.2761859045581308e-105
1249209,10,0.48312,10.209,0.052,0.9999708057698088,-9.634095963099165e-07
1248962,10,0.48342,10.127,0.032,0.9999638746839882,-1.192135428390251e-06
1257335,10,0.4841,10.064,0.017,0.9999166273833657,-2.7512963489308986e-06
1285539,10,0.48417,9.635,0.018,1.0102786329378206e-91,3.3339194886948085e-93
1878288,10,0.48449,10.392,0.015,1.0,0.0
1300441,10,0.48485,9.262,0.019,0.0,0.0
1329622,10,0.48607,9.871,0.042,0.0010651856434277529,3.515112623311585e-05
1332689,10,0.48766,9.781,0.071,0.0010194489151598145,3.364181420027388e-05
1296963,10,0.48813,10.846,0.019,1.0,0.0
1298266,10,0.4893,9.955,0.023,0.02520186205864568,0.0008316614479353075
1319840,10,0.4897,10.285,0.013,1.0,0.0
1876533,10,0.48981,10.768,0.011,1.0,0.0
1811099,10,0.49007,10.787,0.031,1.0,0.0
1386047,10,0.49181,10.486,0.029,1.0,0.0
1280332,10,0.49219,10.847,0.014,1.0,0.0
1302117,10,0.49238,10.454,0.033,1.0,0.0
1376168,10,0.49239,11.08,0.033,1.0,0.0
1896111,10,0.49243,11.085,0.034,1.0,0.0
1292145,10,0.49245,9.161,0.078,2.764092933730845e-27,9.121506681311789e-29
1254070,10,0.49252,10.684,0.039,1.0,0.0
1305350,10,0.49263,9.513,0.017,8.720774475084099e-181,2.877855576777753e-182
1339703,10,0.49272,10.716,0.04,1.0,0.0
1253895,10,0.49276,11.898,0.191,1.0,0.0
1250435,10,0.49292,9.957,0.016,0.0035994551144104643,0.00011878201877554533
1318689,10,0.49338,8.743,0.062,1.0866242510738817e-91,3.5858600285438096e-93
1258500,10,0.49383,10.044,0.057,0.7799220040907986,-0.0072625738650036464
1279488,10,0.49412,9.277,0.07,2.616708408349601e-25,8.635137747553684e-27
1703072,10,0.49417,10.357,0.062,0.9999999957458081,-1.4038833229257364e-10
1254299,10,0.495,10.867,0.014,1.0,0.0
1343208,10,0.495,10.557,0.023,1.0,0.0
1263936,10,0.49523,10.111,0.017,0.9999999999669857,-1.0894705138042583e-12
1305504,10,0.49559,11.284,0.007,1.0,0.0
1264375,10,0.49572,10.25,0.01,1.0,0.0
1303140,10,0.49592,10.075,0.015,0.9999997133484281,-9.459501873476662e-09
1310182,10,0.49611,9.876,0.024,1.1915285332012416e-07,3.932044159564097e-09
1346758,10,0.4965,11.371,0.038,1.0,0.0
1810037,10,0.4965,9.266,0.039,2.5642896496374422e-79,8.46215584380356e-81
1246529,10,0.49677,10.561,0.015,1.0,0.0
1880429,10,0.49707,9.905,0.015,1.1996022615578642e-10,3.9586874631409524e-12
1342906,10,0.49743,10.85,0.014,1.0,0.0
1293465,10,0.49801,10.69,0.061,1.0,0.0
1266634,10,0.4982,9.514,0.026,2.8592557603930504e-78,9.435544009297066e-80
1312171,10,0.50043,10.564,0.002,1.0,0.0
1263829,10,0.5007,10.996,0.022,1.0,0.0
1253046,10,0.50134,10.502,0.05,1.0,0.0
1901803,10,0.50262,11.113,0.026,1.0,0.0
1337272,10,0.50275,8.497,0.097,1.879320176408766e-54,6.201756582148928e-56
1389074,10,0.50285,9.701,0.016,3.128871689115116e-78,1.0325276574079883e-79
1341857,10,0.50314,10.856,0.072,1.0,0.0
1346139,10,0.50323,10.535,0.026,1.0,0.0
1264948,10,0.50394,10.304,0.014,1.0,0.0
1532057,10,0.50397,10.241,0.036,0.9999999999891753,-3.572142581731441e-13
1293006,10,0.50436,11.18,0.03,1.0,0.0
1323349,10,0.50491,10.637,0.011,1.0,0.0
1293921,10,0.50492,10.375,0.012,1.0,0.0
1254670,10,0.50495,10.719,0.031,1.0,0.0
1258289,10,0.50509,11.259,0.036,1.0,0.0
1281879,10,0.50547,10.645,0.015,1.0,0.0
1891261,10,0.50558,11.046,0.052,1.0,0.0
1473027,10,0.50566,10.609,0.026,1.0,0.0
1504096,10,0.50582,11.011,0.036,1.0,0.0
1335472,10,0.50597,10.245,0.017,1.0,0.0
1343759,10,0.50617,9.399,0.015,0.0,0.0
1697027,10,0.50621,9.36,0.034,2.422363652353051e-79,7.993800052765069e-81
1847148,10,0.50631,10.801,0.018,1.0,0.0
1329663,10,0.50765,8.878,0.006,0.0,0.0
1323988,10,0.50816,10.955,0.032,1.0,0.0
1263062,10,0.50827,10.235,0.044,0.9999999537591862,-1.5259468568729063e-09
1368482,10,0.50847,10.893,0.061,1.0,0.0
1370944,10,0.50947,11.004,0.017,1.0,0.0
1780122,10,0.50987,10.582,0.011,1.0,0.0
1876204,10,0.51008,9.77,0.078,0.0015954752584516258,5.2650683528903656e-05
1341502,10,0.51064,10.096,0.016,0.9999999990134123,-3.255739411400782e-11
1291155,10,0.51089,10.685,0.033,1.0,0.0
1889022,10,0.51127,8.623,0.081,4.105996202098322e-65,1.3549787466924462e-66
1256432,10,0.5113,10.111,0.015,0.9999999999999319,-2.245870156514229e-15
1332392,10,0.51197,10.246,0.025,1.0,0.0
1898108,10,0.51204,10.376,0.016,1.0,0.0
1440057,10,0.51228,9.626,0.025,6.701302028864628e-51,2.2114296695253274e-52
1259538,10,0.51244,9.249,0.021,2.160431133057241e-280,7.129422739088896e-282
1889090,10,0.5129,8.549,0.062,1.9811495488934636e-121,6.537793511348431e-123
1320762,10,0.51339,9.235,0.016,0.0,0.0
1883166,10,0.51351,10.777,0.031,1.0,0.0
1519027,10,0.51404,10.899,0.013,1.0,0.0
1300470,10,0.51413,10.681,0.016,1.0,0.0
1370135,10,0.51615,9.502,0.019,1.0079858919274362e-151,3.3263534433605397e-153
1342647,10,0.51618,10.075,0.012,0.9999999997947736,-6.772470917404405e-12
1922405,10,0.51619,9.615,0.018,8.47746424427315e-102,2.79756320061014e-103
1338430,10,0.51717,10.981,0.03,1.0,0.0
1502029,10,0.51797,10.32,0.047,0.9999999999950693,-1.627138423998531e-13
1332614,10,0.51856,10.395,0.008,1.0,0.0
1659122,10,0.51872,9.271,0.019,0.0,0.0
1304501,10,0.51882,9.429,0.02,1.4044743115903974e-179,4.6347652282483114e-181
1320066,10,0.5192,10.965,0.016,1.0,0.0
1252225,10,0.51956,9.663,0.002,0.0,0.0
1901257,10,0.51978,11.188,0.025,1.0,0.0
1314847,10,0.52053,11.214,0.053,1.0,0.0
1258422,10,0.52105,10.352,0.013,1.0,0.0
1257602,10,0.52211,8.848,0.051,2.8281153060625e-113,9.332780510006251e-115
1385187,10,0.52212,9.217,0.041,1.3228023165345065e-81,4.365247644563872e-83
1341459,10,0.52219,11.046,0.038,1.0,0.0
1286881,10,0.5228,10.536,0.03,1.0,0.0
1312164,10,0.52327,9.664,0.025,1.7621831778597992e-41,5.815204486937338e-43
1335671,10,0.52427,11.005,0.027,1.0,0.0
1514059,10,0.52427,11.062,0.045,1.0,0.0
1915184,10,0.5246,9.811,0.004,0.0,0.0
1258330,10,0.52473,9.661,0.04,1.1753976846808455e-17,3.8788123594467904e-19
1780287,10,0.52494,11.044,0.076,1.0,0.0
1295285,10,0.52513,10.317,0.032,1.0,0.0
1294806,10,0.52535,8.544,0.108,1.0051466602570952e-41,3.316983978848414e-43
1329795,10,0.52558,10.783,0.069,1.0,0.0
1257144,10,0.52559,9.925,0.012,2.0522634252197086e-10,6.772469303225039e-12
1303197,10,0.52562,10.947,0.012,1.0,0.0
1645195,10,0.5258,10.322,0.017,1.0,0.0
1322229,10,0.52612,9.621,0.013,3.7334813061277013e-187,1.2320488310221415e-188
1301922,10,0.52616,10.337,0.014,1.0,0.0
1320126,10,0.52685,10.654,0.008,1.0,0.0
1514043,10,0.52706,11.025,0.022,1.0,0.0
1302564,10,0.52716,10.863,0.025,1.0,0.0
1261259,10,0.52723,10.125,0.011,1.0,0.0
1251536,10,0.52727,10.789,0.013,1.0,0.0
1250532,10,0.5277,9.451,0.022,9.530331028823457e-138,3.1450092395117408e-139
1371206,10,0.52779,10.321,0.007,1.0,0.0
1673068,10,0.52779,10.788,0.04,1.0,0.0
1259006,10,0.5279,8.952,0.041,2.0729781010501836e-144,6.840827733465606e-146
1334742,10,0.52809,10.49,0.03,1.0,0.0
1260889,10,0.52885,10.478,0.016,1.0,0.0
1262736,10,0.52929,10.723,0.019,1.0,0.0
1304503,10,0.52971,10.575,0.015,1.0,0.0
1324544,10,0.52973,9.584,0.016,2.4760633155018385e-149,8.171008941156067e-151
1490034,10,0.53002,8.948,0.024,0.0,0.0
1817269,10,0.53009,9.593,0.059,2.6313316430626373e-12,8.683394422106704e-14
1302346,10,0.53042,10.768,0.041,1.0,0.0
1472020,10,0.53112,9.216,0.018,0.0,0.0
1338471,10,0.53116,10.267,0.016,1.0,0.0
1246758,10,0.53127,9.775,0.013,2.0579169546150035e-67,6.791125950229512e-69
1278820,10,0.53127,9.957,0.02,0.015777607391091967,0.0005206610439060349
1261233,10,0.53166,9.281,0.007,0.0,0.0
1550103,10,0.53166,9.205,0.016,0.0,0.0
1346628,10,0.53191,11.037,0.017,1.0,0.0
1337703,10,0.53225,10.62,0.018,1.0,0.0
1259771,10,0.53232,9.192,0.037,5.072178595198057e-106,1.673818936415359e-107
1295249,10,0.53251,10.626,0.03,1.0,0.0
1574017,10,0.53287,10.038,0.015,0.9943508272444397,-0.00018642270093349045
1323777,10,0.5329,10.853,0.02,1.0,0.0
1254000,10,0.533,10.314,0.011,1.0,0.0
1297061,10,0.53387,10.007,0.026,0.6061239481427568,-0.012997909711289024
1536021,10,0.5341,10.03,0.012,0.993790334674223,-0.00020491895575064256
1470063,10,0.53547,10.43,0.047,1.0,0.0
1339425,10,0.53579,10.742,0.047,1.0,0.0
1289714,10,0.53582,10.292,0.039,0.9999999999999648,-1.1614043060603763e-15
1254002,10,0.53591,10.695,0.016,1.0,0.0
1770487,10,0.53644,10.092,0.036,0.994699078215757,-0.0001749304188800196
1876305,10,0.53667,10.623,0.05,1.0,0.0
1313026,10,0.53696,10.338,0.011,1.0,0.0
1644290,10,0.5373,10.847,0.012,1.0,0.0
1934253,10,0.53739,8.488,0.029,0.0,0.0
1912110,10,0.53763,9.788,0.01,4.774822670397463e-100,1.575691481231163e-101
1260568,10,0.53805,10.399,0.127,0.9991602423624255,-2.7712002039958163e-05
1636043,10,0.53944,10.016,0.012,0.9087887802741323,-0.0030099702509536327
1291159,10,0.53976,11.083,0.045,1.0,0.0
1252364,10,0.54134,10.618,0.043,1.0,0.0
1474020,10,0.54148,9.446,0.026,4.816374237777568e-101,1.5894034984665975e-102
1324542,10,0.54154,8.943,0.141,3.27837307396674e-14,1.081863114409024e-15
1324685,10,0.54183,10.087,0.016,0.9999999729833248,-8.915502826001287e-10
1341000,10,0.54203,9.721,0.02,1.573026971480553e-44,5.1909890058858256e-46
1861210,10,0.54229,9.396,0.027,3.824951630077828e-111,1.262234037925683e-112
1340728,10,0.54277,9.681,0.02,1.4244845914378003e-57,4.700799151744742e-59
1876731,10,0.54291,11.403,0.067,1.0,0.0
1367408,10,0.54306,10.798,0.012,1.0,0.0
1302055,10,0.54327,11.084,0.06,1.0,0.0
1322954,10,0.54327,10.226,0.015,1.0,0.0
1290995,10,0.54351,10.293,0.014,1.0,0.0
1928157,10,0.54379,10.377,0.012,1.0,0.0
1264049,10,0.54397,9.291,0.017,0.0,0.0
1297353,10,0.54402,9.661,0.046,8.559270316626114e-14,2.8245592044866176e-15
1547048,10,0.54454,11.582,0.108,1.0,0.0
1945116,10,0.54469,10.42,0.014,1.0,0.0
1644213,10,0.54509,10.458,0.037,1.0,0.0
1641288,10,0.54529,10.352,0.031,1.0,0.0
1306980,10,0.54674,10.33,0.013,1.0,0.0
1530098,10,0.54758,10.264,0.048,0.9999999810104375,-6.266555617751025e-10
1899065,10,0.54762,10.656,0.027,1.0,0.0
1291733,10,0.54784,8.967,0.054,7.154356988428823e-82,2.3609378061815117e-83
1906545,10,0.54806,11.318,0.017,1.0,0.0
1389210,10,0.54865,10.002,0.011,0.572137292339988,-0.014119469352780396
1891082,10,0.54871,9.542,0.038,9.392751950950807e-34,3.0996081438137663e-35
1297157,10,0.54888,10.648,0.053,1.0,0.0
1643316,10,0.54894,11.009,0.014,1.0,0.0
1258802,10,0.54947,10.441,0.012,1.0,0.0
1249264,10,0.54968,10.47,0.035,1.0,0.0
1331344,10,0.54993,9.87,0.023,7.92155838616583e-09,2.6141142674347243e-10
1574062,10,0.5502,10.306,0.014,1.0,0.0
1260000,10,0.5506,9.819,0.023,1.7793792903879313e-15,5.871951658280174e-17
1570024,10,0.55064,10.848,0.031,1.0,0.0
1368111,10,0.55095,10.652,0.033,1.0,0.0
1880545,10,0.55111,11.027,0.043,1.0,0.0
1306736,10,0.55145,10.858,0.014,1.0,0.0
1250925,10,0.55146,10.894,0.007,1.0,0.0
1264963,10,0.55214,10.34,0.012,1.0,0.0
1315818,10,0.55218,10.088,0.061,0.9254366427316022,-0.0024605907898571275
1260551,10,0.55236,10.076,0.049,0.9395516033498132,-0.001994797089456163
1896254,10,0.55283,8.526,0.082,1.512597044987658e-72,4.991570248459272e-74
1252142,10,0.55288,10.468,0.02,1.0,0.0
1878756,10,0.55294,10.916,0.008,1.0,0.0
1264631,10,0.55299,8.877,0.095,1.519265755146777e-32,5.013576991984364e-34
1366195,10,0.55313,10.529,0.013,1.0,0.0
1341426,10,0.55321,9.659,0.016,4.346384731438525e-101,1.4343069613747134e-102
1316989,10,0.55343,11.061,0.013,1.0,0.0
1444028,10,0.55372,8.793,0.106,2.4328654340007334e-30,8.028455932202421e-32
1439028,10,0.55424,10.361,0.036,1.0,0.0
1912020,10,0.55436,10.34,0.054,0.9999999998475793,-5.029884508900295e-12
1321492,10,0.55467,10.434,0.036,1.0,0.0
1246796,10,0.55502,9.495,0.018,1.7086962697950733e-173,5.638697690323742e-175
1249395,10,0.55513,10.536,0.026,1.0,0.0
1260605,10,0.55534,10.338,0.017,1.0,0.0
1255523,10,0.55536,10.822,0.007,1.0,0.0
1833067,10,0.55577,9.639,0.004,0.0,0.0
1530191,10,0.55584,10.73,0.015,1.0,0.0
1256505,10,0.55626,10.348,0.059,0.9999999981637276,-6.059698776095246e-11
1504139,10,0.55644,10.867,0.015,1.0,0.0
1256764,10,0.55649,10.511,0.026,1.0,0.0
1251600,10,0.5576,10.702,0.037,1.0,0.0
1291842,10,0.55763,9.807,0.025,5.81648528206224e-15,1.9194401430805395e-16
1326367,10,0.55797,10.434,0.018,1.0,0.0
1635042,10,0.55833,10.317,0.031,1.0,0.0
1311590,10,0.5591,9.806,0.029,1.1184853704049687e-11,3.6910017223363965e-13
1295685,10,0.55929,10.229,0.017,1.0,0.0
1331976,10,0.55939,8.975,0.019,0.0,0.0
1810087,10,0.55943,9.989,0.02,0.2911596867883595,0.009608269664015864
1304779,10,0.55993,10.394,0.015,1.0,0.0
1249182,10,0.56017,11.155,0.031,1.0,0.0
1252751,10,0.56059,10.547,0.03,1.0,0.0
1915087,10,0.56104,10.407,0.02,1.0,0.0
1259500,10,0.56161,10.239,0.086,0.9972742592452217,-8.994944490768298e-05
1263579,10,0.56161,10.884,0.031,1.0,0.0
1289555,10,0.56173,9.058,0.041,4.087268183487937e-117,1.3487985005510192e-118
1644163,10,0.56202,10.705,0.036,1.0,0.0
1262267,10,0.56215,11.042,0.037,1.0,0.0
1337321,10,0.56258,11.079,0.045,1.0,0.0
1303952,10,0.56262,11.29,0.042,1.0,0.0
1654105,10,0.56271,9.447,0.011,0.0,0.0
1319926,10,0.56341,9.757,0.012,1.7761998649484568e-91,5.861459554329907e-93
1878335,10,0.56371,8.972,0.054,4.2077896685482115e-81,1.38857059062091e-82
1259585,10,0.56401,10.483,0.021,1.0,0.0
1452059,10,0.5642,10.379,0.018,1.0,0.0
1330903,10,0.56429,10.376,0.034,1.0,0.0
1338278,10,0.5643,9.896,0.045,0.010413359209552121,0.00034364085391522
1285317,10,0.56441,8.512,0.064,7.112658242358737e-120,2.3471772199783833e-121
1876287,10,0.56445,10.536,0.017,1.0,0.0
1264077,10,0.56459,10.103,0.016,0.9999999999392714,-2.0040452630709637e-12
1432141,10,0.56489,10.131,0.016,0.9999999999999999,-3.663735981263017e-18
1279501,10,0.56527,10.263,0.045,0.9999999974586918,-8.386316940889316e-11
1283855,10,0.56536,10.939,0.038,1.0,0.0
1942106,10,0.56584,11.186,0.042,1.0,0.0
1315890,10,0.56699,10.471,0.024,1.0,0.0
1595127,10,0.5674,10.931,0.018,1.0,0.0
1259561,10,0.56751,10.605,0.052,1.0,0.0
1643338,10,0.56788,11.092,0.008,1.0,0.0
1850154,10,0.56823,10.609,0.011,1.0,0.0
1328089,10,0.56864,9.601,0.018,3.602638442614084e-109,1.1888706860626477e-110
1345458,10,0.56872,9.975,0.007,0.00017751969037343616,5.858149782323393e-06
1512101,10,0.56872,10.128,0.013,1.0,0.0
1326273,10,0.56949,8.761,0.032,0.0,0.0
1305807,10,0.56997,9.222,0.154,2.1866332787403998e-07,7.21588981984332e-09
1895233,10,0.57035,9.702,0.012,1.9573862317398722e-136,6.459374564741579e-138
1266830,10,0.57039,10.869,0.032,1.0,0.0
1248936,10,0.57093,9.12,0.079,4.040274772433626e-29,1.3332906749030967e-30
1291222,10,0.57106,9.028,0.046,2.0884182321219547e-99,6.891780166002451e-101
1290394,10,0.57153,10.794,0.033,1.0,0.0
1643063,10,0.57188,10.8,0.04,1.0,0.0
1302353,10,0.57193,10.644,0.025,1.0,0.0
1251436,10,0.57349,10.281,0.012,1.0,0.0
1328103,10,0.57472,10.355,0.011,1.0,0.0
1320278,10,0.57508,10.978,0.014,1.0,0.0
1466032,10,0.57606,10.88,0.021,1.0,0.0
1562098,10,0.57618,9.386,0.033,1.4347814912902759e-77,4.7347789212579105e-79
1777216,10,0.57626,10.93,0.017,1.0,0.0
1634024,10,0.57629,10.3,0.023,1.0,0.0
1255142,10,0.57675,11.023,0.023,1.0,0.0
1448122,10,0.57688,9.592,0.066,3.1683742393016846e-10,1.045563498969556e-11
1849244,10,0.57697,10.433,0.012,1.0,0.0
1253243,10,0.57729,10.651,0.033,1.0,0.0
1337228,10,0.57741,9.763,0.045,6.946156146343925e-08,2.2922315282934954e-09
1773189,10,0.57744,11.084,0.008,1.0,0.0
1281691,10,0.57821,10.06,0.021,0.9978626330199138,-7.053311034284304e-05
1335854,10,0.57869,9.664,0.015,1.967891528116771e-111,6.494042042785345e-113
1910065,10,0.57875,10.194,0.013,1.0,0.0
1320447,10,0.57892,11.026,0.038,1.0,0.0
1330339,10,0.57914,10.885,0.027,1.0,0.0
1247570,10,0.57927,9.828,0.016,2.9630808780931487e-27,9.778166897707391e-29
1258400,10,0.57963,9.808,0.015,8.197561713161702e-38,2.7051953653433618e-39
1282966,10,0.58012,9.587,0.008,0.0,0.0
1847028,10,0.58021,10.599,0.087,0.9999999999971118,-9.531209155255738e-14
1252810,10,0.58026,10.917,0.044,1.0,0.0
1435033,10,0.5804,10.52,0.03,1.0,0.0
1501158,10,0.58049,11.049,0.004,1.0,0.0
1255382,10,0.58055,9.46,0.035,5.258624649994275e-54,1.7353461344981108e-55
1340470,10,0.58057,10.022,0.045,0.6875398187706794,-0.01031118598056758
1262055,10,0.58072,9.927,0.032,0.011266828789209695,0.00037180535004391997
1770225,10,0.58074,11.299,0.005,1.0,0.0
1927254,10,0.58091,10.016,0.013,0.8907954066903794,-0.003603751579217481
1533035,10,0.58117,10.8,0.018,1.0,0.0
1304652,10,0.58126,9.496,0.028,9.740948918939928e-73,3.2145131432501764e-74
1314162,10,0.58141,11.001,0.014,1.0,0.0
1487055,10,0.58196,10.523,0.019,1.0,0.0
1263580,10,0.58276,9.762,0.028,9.479534822204615e-18,3.128246491327523e-19
1336384,10,0.58306,10.988,0.059,1.0,0.0
1315191,10,0.58357,10.53,0.05,1.0,0.0
1770206,10,0.58411,11.035,0.008,1.0,0.0
1300531,10,0.58454,9.245,0.054,1.0111698333388982e-44,3.3368604500183642e-46
1338485,10,0.58466,9.584,0.033,9.776225813007213e-37,3.2261545182923805e-38
1265990,10,0.58574,10.154,0.025,0.9999999996362753,-1.2002915661391001e-11
1256819,10,0.58576,9.358,0.019,1.4078243625847958e-250,4.645820396529827e-252
1334265,10,0.58586,10.722,0.057,1.0,0.0
1331719,10,0.58627,10.562,0.028,1.0,0.0
1302572,10,0.5874,11.008,0.024,1.0,0.0
1848092,10,0.5877,10.461,0.013,1.0,0.0
1257129,10,0.58817,11.151,0.014,1.0,0.0
1294971,10,0.58822,10.119,0.018,0.9999999999809277,-6.293858767492111e-13
1303118,10,0.58838,10.8,0.03,1.0,0.0
1302073,10,0.58845,10.411,0.038,1.0,0.0
1255657,10,0.58881,9.24,0.048,9.16252889346644e-57,3.0236345348439254e-58
1333576,10,0.58893,10.839,0.048,1.0,0.0
1370806,10,0.58895,10.51,0.012,1.0,0.0
1324536,10,0.58899,10.152,0.025,0.9999999993990872,-1.983012121176131e-11
1321261,10,0.58936,9.468,0.023,1.1440631647087464e-118,3.775408443538863e-120
1575072,10,0.59028,9.172,0.047,9.117873191363785e-70,3.0088981531500493e-71
1946322,10,0.59043,11.035,0.043,1.0,0.0
1253997,10,0.59079,10.393,0.036,1.0,0.0
1260639,10,0.59141,11.112,0.083,1.0,0.0
1896244,10,0.59156,10.637,0.028,1.0,0.0
1879187,10,0.59157,10.858,0.054,1.0,0.0
1299439,10,0.59158,10.204,0.013,1.0,0.0
1595110,10,0.59269,11.26,0.033,1.0,0.0
1889226,10,0.59276,10.714,0.025,1.0,0.0
1625059,10,0.59279,10.472,0.023,1.0,0.0
1392367,10,0.59349,10.332,0.021,1.0,0.0
1264083,10,0.5939,9.375,0.017,3.3843873584961215e-296,1.1168478283037201e-297
1290191,10,0.59506,9.277,0.032,2.496237695991768e-113,8.237584396772836e-115
1319653,10,0.59552,10.596,0.035,1.0,0.0
1433226,10,0.59618,11.038,0.036,1.0,0.0
1309051,10,0.59629,11.28,0.022,1.0,0.0
1252313,10,0.59692,9.475,0.054,1.2121594753298819e-22,4.0001262685886105e-24
1341423,10,0.5971,10.787,0.047,1.0,0.0
1258591,10,0.5975,9.827,0.101,0.04336811083468055,0.0014311476575444581
1251126,10,0.59788,10.669,0.045,1.0,0.0
1261236,10,0.59789,10.943,0.018,1.0,0.0
1500076,10,0.59892,10.58,0.042,1.0,0.0
1290323,10,0.59909,11.13,0.032,1.0,0.0
1338223,10,0.59952,10.63,0.013,1.0,0.0
1339220,10,0.59992,10.865,0.012,1.0,0.0
1450127,10,0.60009,10.905,0.034,1.0,0.0
1336953,10,0.60013,8.81,0.03,0.0,0.0
1876301,10,0.60073,10.234,0.022,1.0,0.0
1305873,10,0.60092,9.232,0.035,5.066593679188285e-107,1.671975914132134e-108
1292800,10,0.60097,10.538,0.039,1.0,0.0
1338233,10,0.60148,11.211,0.042,1.0,0.0
1255545,10,0.60182,11.099,0.031,1.0,0.0
1259330,10,0.60243,10.772,0.01,1.0,0.0
1674022,10,0.60262,8.903,0.063,3.3046933388996186e-68,1.0905488018368742e-69
1265260,10,0.60311,11.025,0.007,1.0,0.0
1574019,10,0.60433,10.853,0.045,1.0,0.0
1303314,10,0.60491,10.654,0.008,1.0,0.0
1252199,10,0.60498,10.832,0.011,1.0,0.0
1864084,10,0.60535,9.666,0.024,2.508825025736438e-44,8.279122584930246e-46
1254889,10,0.60551,10.936,0.011,1.0,0.0
1335585,10,0.60557,10.329,0.031,1.0,0.0
1549078,10,0.60558,9.339,0.017,0.0,0.0
1335387,10,0.60582,9.51,0.048,9.098173561388085e-25,3.002397275258068e-26
1335564,10,0.60619,9.483,0.062,3.755277934935384e-17,1.2392417185286769e-18
1306059,10,0.60631,9.699,0.026,2.6973901169657384e-31,8.901387385986937e-33
1839117,10,0.60674,10.477,0.037,1.0,0.0
1641368,10,0.60706,9.589,0.016,8.061846501280461e-146,2.6604093454225526e-147
1335675,10,0.60735,11.043,0.019,1.0,0.0
1293046,10,0.60736,10.951,0.053,1.0,0.0
1929034,10,0.60827,10.952,0.037,1.0,0.0
1246334,10,0.60861,10.268,0.015,1.0,0.0
1306110,10,0.60864,11.123,0.063,1.0,0.0
1320843,10,0.60874,9.375,0.044,4.292896765782738e-46,1.4166559327083035e-47
1531033,10,0.60888,10.862,0.017,1.0,0.0
1770680,10,0.60911,10.837,0.027,1.0,0.0
1340132,10,0.60943,10.482,0.05,1.0,0.0
1298246,10,0.60946,10.701,0.02,1.0,0.0
1301397,10,0.60955,10.468,0.021,1.0,0.0
1298763,10,0.6096,10.677,0.021,1.0,0.0
1602033,10,0.60967,9.187,0.035,1.1713938318270061e-119,3.86559964502912e-121
1297377,10,0.60981,10.696,0.012,1.0,0.0
1316461,10,0.60984,10.964,0.029,1.0,0.0
1936215,10,0.61011,9.252,0.057,1.218683802441645e-39,4.0216565480574285e-41
1431108,10,0.61052,10.797,0.008,1.0,0.0
1261144,10,0.61069,9.774,0.022,4.676135455744554e-25,1.5431247003957028e-26
1443078,10,0.61096,10.564,0.05,1.0,0.0
1329365,10,0.61101,10.633,0.026,1.0,0.0
1413048,10,0.61122,10.245,0.041,0.9999999988538443,-3.7823138954173885e-11
1959025,10,0.61137,10.799,0.015,1.0,0.0
1644180,10,0.61154,11.003,0.015,1.0,0.0
1332008,10,0.61156,10.563,0.018,1.0,0.0
1904321,10,0.61177,10.483,0.017,1.0,0.0
1289470,10,0.61207,10.763,0.013,1.0,0.0
1534078,10,0.61224,9.762,0.012,7.676040354202228e-88,2.5330933168867354e-89
1315570,10,0.61273,10.802,0.018,1.0,0.0
1644061,10,0.61287,10.798,0.023,1.0,0.0
1332594,10,0.61302,8.895,0.027,0.0,0.0
1338649,10,0.61327,10.422,0.054,0.9999999999999972,-9.159339953157542e-17
1262803,10,0.61343,10.758,0.03,1.0,0.0
1891030,10,0.61377,10.013,0.023,0.7140370455311698,-0.009436777497471398
1296781,10,0.61378,10.818,0.007,1.0,0.0
1257905,10,0.61393,8.053,0.061,7.504955055353823e-224,2.4766351682667618e-225
1849276,10,0.61412,9.765,0.037,1.0671579855518246e-10,3.5216213523210212e-12
1258433,10,0.61445,9.567,0.02,3.039015111273477e-104,1.0028749867202476e-105
1331925,10,0.61496,10.547,0.013,1.0,0.0
1311113,10,0.61533,9.02,0.025,0.0,0.0
1316626,10,0.61601,9.932,0.034,0.022750131948179816,0.0007507543542899339
1305219,10,0.61633,10.22,0.02,1.0,0.0
1387162,10,0.6175,10.297,0.018,1.0,0.0
1300084,10,0.61843,9.96,0.037,0.13983052411635266,0.0046144072958396384
1261163,10,0.61854,10.518,0.033,1.0,0.0
1812092,10,0.6187,9.63,0.073,2.004887045627651e-07,6.616127250571248e-09
1331883,10,0.61882,9.693,0.015,2.134179227984919e-93,7.042791452350232e-95
1305409,10,0.61935,10.449,0.074,0.9999999993506901,-2.1427227991921428e-11
1256335,10,0.61939,9.48,0.055,1.6221422529305744e-21,5.353069434670896e-23
1256807,10,0.61943,11.107,0.007,1.0,0.0
1594042,10,0.61981,10.334,0.044,0.9999999999999841,-5.239142453206114e-16
1338849,10,0.62002,10.834,0.033,1.0,0.0
1260463,10,0.62023,10.313,0.018,1.0,0.0
1301915,10,0.62043,11.006,0.057,1.0,0.0
1334253,10,0.62076,9.428,0.025,3.6750542160133046e-116,1.2127678912843905e-117
1258249,10,0.62104,9.285,0.039,2.242774227919729e-75,7.401154952135105e-77
1498017,10,0.62127,10.005,0.054,0.536886385638892,-0.015282749273916565
1261456,10,0.62162,10.685,0.023,1.0,0.0
1579110,10,0.62217,11.257,0.048,1.0,0.0
1335818,10,0.62253,11.215,0.008,1.0,0.0
1598039,10,0.62292,10.138,0.014,1.0,0.0
1267094,10,0.62318,11.25,0.034,1.0,0.0
1332632,10,0.6232,10.603,0.023,1.0,0.0
1904061,10,0.62336,10.457,0.013,1.0,0.0
1849109,10,0.62398,10.219,0.024,1.0,0.0
1255130,10,0.62411,10.598,0.052,1.0,0.0
1899029,10,0.62411,10.51,0.048,1.0,0.0
1431118,10,0.62468,9.447,0.06,1.5323974588866902e-20,5.056911614326078e-22
1833321,10,0.6248,10.052,0.019,0.9968983970672824,-0.00010235289677967919
1258118,10,0.62518,9.822,0.036,3.8180656699588823e-07,1.2599616710864312e-08
1916193,10,0.62565,9.384,0.047,1.513468800084407e-39,4.994447040278543e-41
1280762,10,0.62617,9.276,0.018,0.0,0.0
1302901,10,0.62618,10.872,0.027,1.0,0.0
1251114,10,0.62632,10.576,0.026,1.0,0.0
1392329,10,0.62654,9.624,0.061,3.54796687249713e-10,1.170829067924053e-11
1321116,10,0.62684,11.107,0.012,1.0,0.0
1310073,10,0.62703,8.534,0.264,1.4037969054481511e-08,4.632529787978899e-10
1891107,10,0.62735,10.51,0.073,0.9999999999985889,-4.656608432185294e-14
1334858,10,0.62737,10.49,0.13,0.9999181242820022,-2.7018986939267855e-06
1305687,10,0.6274,10.963,0.012,1.0,0.0
1295417,10,0.62753,9.735,0.019,1.63214582210889e-44,5.386081212959337e-46
1294667,10,0.62818,10.978,0.015,1.0,0.0
1370308,10,0.62863,9.729,0.033,1.086573652969992e-16,3.5856930548009735e-18
1315832,10,0.6291,9.977,0.027,0.1971481615342109,0.00650588933062896
1590044,10,0.62931,10.208,0.015,1.0,0.0
1380034,10,0.62935,9.339,0.046,4.0166990226122333e-47,1.3255106774620371e-48
1375087,10,0.62952,9.967,0.006,1.898956246589715e-08,6.26655561374606e-10
1251603,10,0.63033,10.557,0.024,1.0,0.0
1311001,10,0.63094,11.274,0.007,1.0,0.0
1280790,10,0.63211,10.394,0.014,1.0,0.0
1559147,10,0.63231,9.68,0.036,3.0861506408761344e-19,1.0184297114891244e-20
1314289,10,0.63264,10.948,0.045,1.0,0.0
1442085,10,0.63355,10.529,0.035,1.0,0.0
1330642,10,0.63391,9.318,0.032,4.346384731433574e-101,1.4343069613730794e-102
1880486,10,0.63407,11.173,0.035,1.0,0.0
1313177,10,0.63498,10.546,0.023,1.0,0.0
1304183,10,0.63502,9.109,0.007,0.0,0.0
1290812,10,0.63503,9.847,0.04,6.538604324270387e-05,2.1577394270092277e-06
1297580,10,0.63561,10.539,0.039,1.0,0.0
1900801,10,0.63579,9.431,0.019,2.380555180772383e-197,7.855832096548864e-199
1249304,10,0.63681,10.635,0.042,1.0,0.0
1546021,10,0.63706,9.458,0.049,9.671924070128654e-29,3.191734943142456e-30
1340460,10,0.63779,10.746,0.038,1.0,0.0
1343871,10,0.63786,9.014,0.096,4.768859527246604e-25,1.5737236439913796e-26
1292316,10,0.63883,10.502,0.016,1.0,0.0
1528034,10,0.6389,10.525,0.048,1.0,0.0
1892149,10,0.64025,10.798,0.02,1.0,0.0
1311631,10,0.64039,10.966,0.05,1.0,0.0
1500086,10,0.64129,11.351,0.059,1.0,0.0
1810306,10,0.6413,11.122,0.046,1.0,0.0
1578063,10,0.64298,10.269,0.017,1.0,0.0
1250397,10,0.64304,10.185,0.014,1.0,0.0
1308568,10,0.64304,8.702,0.039,3.5108258528932716e-243,1.1585725314547796e-244
1904352,10,0.64337,9.982,0.041,0.33032193177042324,0.010900623748423967
1296793,10,0.64392,10.345,0.023,1.0,0.0
1257839,10,0.64421,10.115,0.015,0.9999999999999912,-2.8943514251977833e-16
1317496,10,0.64429,8.811,0.124,4.459672217364908e-22,1.4716918317304197e-23
1420185,10,0.64453,9.69,0.012,1.872652859125938e-147,6.179754435115596e-149
1880513,10,0.64458,9.543,0.024,3.851838263444487e-81,1.2711066269366807e-82
1878612,10,0.64488,10.725,0.002,1.0,0.0
1452065,10,0.64509,9.012,0.072,3.736952969000995e-43,1.2331944797703284e-44
1302719,10,0.64527,10.202,0.024,1.0,0.0
1876263,10,0.64639,11.371,0.044,1.0,0.0
1473025,10,0.64649,9.697,0.032,1.4160619990651293e-21,4.673004596914927e-23
1305946,10,0.64663,10.665,0.067,1.0,0.0
1282463,10,0.64685,11.039,0.062,1.0,0.0
1879188,10,0.64727,10.671,0.026,1.0,0.0
1899158,10,0.64747,11.133,0.022,1.0,0.0
1370402,10,0.64766,10.002,0.027,0.5295242777674067,-0.01552569883367558
1336693,10,0.64795,11.133,0.025,1.0,0.0
1339102,10,0.64795,11.13,0.02,1.0,0.0
1338266,10,0.64845,9.194,0.055,6.299849686118392e-49,2.0789503964190694e-50
1296671,10,0.64852,10.1,0.021,0.9999990411290555,-3.1642741169624066e-08
1334707,10,0.64922,9.025,0.012,0.0,0.0
1255139,10,0.64989,9.246,0.021,1.2871749257418072e-282,4.247677254947964e-284
1336925,10,0.64997,11.046,0.025,1.0,0.0
1297064,10,0.65045,10.805,0.044,1.0,0.0
1370898,10,0.65069,9.813,0.065,0.0020078673710548574,6.62596232448103e-05
1391191,10,0.65069,9.653,0.026,6.236214176293768e-41,2.0579506781769437e-42
1928108,10,0.6508,9.536,0.047,2.74345858178525e-23,9.053413319891326e-25
1249342,10,0.65098,10.756,0.043,1.0,0.0
1340125,10,0.65134,10.938,0.091,1.0,0.0
1265578,10,0.65135,10.416,0.047,1.0,0.0
1309551,10,0.65135,9.102,0.15,1.0709255070399526e-09,3.5340541732318435e-11
1281135,10,0.65195,9.52,0.022,7.796843507007444e-106,2.5729583573124566e-107
1263090,10,0.65206,10.801,0.045,1.0,0.0
1575019,10,0.65214,11.316,0.05,1.0,0.0
1303753,10,0.65242,9.68,0.035,3.041185562845995e-20,1.0035912357391783e-21
1342707,10,0.65243,10.891,0.032,1.0,0.0
1559124,10,0.65253,9.848,0.032,1.0170832425688234e-06,3.3563747004771175e-08
1890041,10,0.65258,9.426,0.019,8.614371463457762e-201,2.8427425829410616e-202
1533036,10,0.65325,10.983,0.036,1.0,0.0
1340521,10,0.65356,10.23,0.013,1.0,0.0
1261587,10,0.65387,10.2,0.041,0.9999994642978431,-1.7678171176260806e-08
1331707,10,0.65395,10.529,0.039,1.0,0.0
1340141,10,0.65405,9.934,0.031,0.01662579581047701,0.0005486512617457413
1257216,10,0.65434,10.292,0.027,1.0,0.0
1833564,10,0.65461,9.151,0.034,6.381287238463406e-138,2.105824788692924e-139
1284567,10,0.65483,8.816,0.083,1.8063991741511785e-46,5.961117274698889e-48
1263039,10,0.65514,10.211,0.026,0.9999999999999998,-7.327471962526034e-18
1643213,10,0.65526,9.734,0.006,0.0,0.0
1370113,10,0.65553,10.855,0.015,1.0,0.0
1920457,10,0.65573,10.962,0.019,1.0,0.0
1574028,10,0.65589,10.937,0.055,1.0,0.0
1300590,10,0.65633,10.811,0.03,1.0,0.0
1370391,10,0.65692,9.327,0.037,3.1431617140130726e-74,1.037243365624314e-75
1287883,10,0.65718,10.591,0.037,1.0,0.0
1296173,10,0.65763,10.377,0.047,0.9999999999999994,-1.8318679906315084e-17
1564017,10,0.65792,10.647,0.036,1.0,0.0
1430255,10,0.65806,10.259,0.06,0.9999920798456227,-2.613650944521817e-07
1304991,10,0.65866,9.303,0.042,3.7722025072889647e-62,1.2448268274053584e-63
1259667,10,0.65871,10.095,0.017,0.9999999885305649,-3.7849135725576133e-10
1390173,10,0.65875,9.911,0.015,1.484226592371214e-09,4.8979477548250066e-11
1334686,10,0.65904,10.823,0.048,1.0,0.0
1333949,10,0.65927,11.261,0.012,1.0,0.0
1642138,10,0.65971,9.175,0.044,9.679551479136413e-79,3.1942519881150164e-80
1319776,10,0.6598,10.237,0.013,1.0,0.0
1314709,10,0.65988,9.784,0.047,2.1560322458078345e-06,7.114906411165855e-08
1318847,10,0.65992,9.206,0.069,6.064477710853891e-31,2.0012776445817842e-32
1263852,10,0.66083,11.03,0.075,1.0,0.0
1261191,10,0.66147,9.036,0.073,4.078931553756846e-40,1.3460474127397595e-41
1639025,10,0.6619,10.206,0.013,1.0,0.0
1434258,10,0.66195,9.339,0.072,2.1443651088199958e-20,7.076404859105986e-22
1286337,10,0.66296,9.021,0.073,2.608000640412387e-41,8.606402113360877e-43
1264038,10,0.66362,10.535,0.052,1.0,0.0
1310475,10,0.66375,9.107,0.048,1.4863905646196517e-77,4.9050888632448507e-79
1314369,10,0.66386,10.358,0.008,1.0,0.0
1910032,10,0.66455,9.259,0.043,7.565455946566116e-67,2.496600462366818e-68
1945100,10,0.6646,10.22,0.007,1.0,0.0
1340751,10,0.6648,11.022,0.007,1.0,0.0
1250823,10,0.66487,10.199,0.011,1.0,0.0
1905127,10,0.66579,10.35,0.018,1.0,0.0
1252939,10,0.66666,10.523,0.022,1.0,0.0
1255423,10,0.66681,10.194,0.012,1.0,0.0
1303658,10,0.66788,11.087,0.062,1.0,0.0
1319058,10,0.66811,11.034,0.048,1.0,0.0
1310304,10,0.66881,10.888,0.053,1.0,0.0
1370247,10,0.66882,10.643,0.018,1.0,0.0
1250916,10,0.66948,11.024,0.101,1.0,0.0
1295794,10,0.67098,11.435,0.046,1.0,0.0
1326299,10,0.67382,9.622,0.08,1.1505767815436518e-06,3.796903379094051e-08
1260645,10,0.67405,10.718,0.031,1.0,0.0
1290593,10,0.67528,11.067,0.038,1.0,0.0
1329168,10,0.67651,10.795,0.027,1.0,0.0
1548070,10,0.67651,10.729,0.026,1.0,0.0
1296919,10,0.67698,9.385,0.033,8.147412715369925e-78,2.6886461960720754e-79
1531078,10,0.67713,10.187,0.025,0.9999999999999628,-1.2273515537231105e-15
1257973,10,0.67746,10.612,0.093,0.9999999999765794,-7.728797601913584e-13
1336599,10,0.67747,11.324,0.081,1.0,0.0
1319667,10,0.67756,10.808,0.036,1.0,0.0
1311151,10,0.67765,10.687,0.024,1.0,0.0
1302738,10,0.67783,11.268,0.067,1.0,0.0
1908493,10,0.67829,8.985,0.022,0.0,0.0
1310916,10,0.67923,10.839,0.015,1.0,0.0
1795052,10,0.67924,10.809,0.03,1.0,0.0
1332795,10,0.67984,10.881,0.03,1.0,0.0
1334257,10,0.68005,10.841,0.043,1.0,0.0
1560099,10,0.68006,10.927,0.043,1.0,0.0
1263130,10,0.68017,11.189,0.011,1.0,0.0
1927203,10,0.68069,10.283,0.021,1.0,0.0
1264606,10,0.6811,10.737,0.019,1.0,0.0
1330559,10,0.68131,10.735,0.084,1.0,0.0
1311884,10,0.68136,9.744,0.008,5.452080603506811e-225,1.7991865991572475e-226
1256596,10,0.68138,10.278,0.017,1.0,0.0
1320030,10,0.68141,10.437,0.125,0.999763855650045,-7.792763548515102e-06
1901241,10,0.68144,9.277,0.03,1.2498545003580865e-128,4.124519851181686e-130
1277710,10,0.68179,10.023,0.015,0.9374031272090906,-0.002065696802100011
1333489,10,0.68179,10.921,0.014,1.0,0.0
1346627,10,0.68193,10.553,0.024,1.0,0.0
1876304,10,0.68233,9.817,0.063,0.0018376628342935228,6.0642873531686255e-05
1433108,10,0.68283,11.044,0.016,1.0,0.0
1299090,10,0.68339,10.415,0.057,0.9999999999998339,-5.480949027969473e-15
1295509,10,0.68363,9.815,0.014,3.628597385431406e-40,1.197437137192364e-41
1341743,10,0.68422,10.794,0.014,1.0,0.0
1251022,10,0.68428,10.877,0.046,1.0,0.0
1433114,10,0.68438,11.102,0.009,1.0,0.0
1303910,10,0.68456,9.551,0.03,6.062393231266706e-51,2.0005897663180133e-52
1509040,10,0.68507,11.002,0.01,1.0,0.0
1900124,10,0.68533,10.498,0.057,1.0,0.0
1308589,10,0.68576,9.175,0.02,0.0,0.0
1642178,10,0.68673,10.729,0.025,1.0,0.0
1896213,10,0.68688,11.078,0.025,1.0,0.0
1642158,10,0.687,11.321,0.065,1.0,0.0
1588019,10,0.68766,10.849,0.018,1.0,0.0
1950043,10,0.68828,9.815,0.056,0.0004773082344630322,1.5751171737280062e-05
1861474,10,0.68966,10.337,0.027,1.0,0.0
1305308,10,0.68972,11.005,0.093,1.0,0.0
1311496,10,0.69066,10.17,0.051,0.9995709396668032,-1.4158990995493893e-05
1313434,10,0.69071,9.84,0.066,0.007670180620740919,0.0002531159604844503
1310236,10,0.69085,10.565,0.059,1.0,0.0
1250120,10,0.69088,10.365,0.019,1.0,0.0
1255730,10,0.69107,9.721,0.02,1.573026971480553e-44,5.1909890058858256e-46
1320009,10,0.69164,10.747,0.015,1.0,0.0
1592067,10,0.69191,10.979,0.036,1.0,0.0
1333442,10,0.69209,11.193,0.028,1.0,0.0
1299033,10,0.69226,10.805,0.032,1.0,0.0
1487043,10,0.69226,11.042,0.015,1.0,0.0
1340253,10,0.69261,9.933,0.023,0.0017896238131589334,5.9057585834244804e-05
1252917,10,0.69277,11.405,0.027,1.0,0.0
1316853,10,0.69304,9.273,0.038,6.89177428582605e-82,2.2742855143225968e-83
1370181,10,0.6931,10.376,0.009,1.0,0.0
1277716,10,0.69313,10.996,0.022,1.0,0.0
1590133,10,0.69362,9.491,0.031,6.951859559516014e-61,2.294113654640285e-62
1332709,10,0.69371,10.024,0.039,0.7308496254906311,-0.008881962358809172
1333248,10,0.69395,10.175,0.025,0.9999999999987201,-4.223554839200006e-14
1260105,10,0.6941,10.857,0.058,1.0,0.0
1645208,10,0.69516,9.102,0.003,0.0,0.0
1449102,10,0.6983,10.014,0.01,0.9192433407662192,-0.0026649697547147678
1299190,10,0.69836,9.63,0.013,1.753892988060918e-178,5.78784686060103e-180
1387174,10,0.69842,8.754,0.092,4.329487324626031e-42,1.4287308171265902e-43
1260954,10,0.69873,9.726,0.035,2.467222893428652e-15,8.141835548314552e-17
1373123,10,0.69879,10.108,0.043,0.9939912136636535,-0.00019828994909943434
1904287,10,0.69904,10.678,0.013,1.0,0.0
1279714,10,0.69938,10.674,0.01,1.0,0.0
1250950,10,0.70099,9.974,0.039,0.2524925375469246,0.008332253739048511
1324062,10,0.70325,11.111,0.006,1.0,0.0
1307261,10,0.70351,10.77,0.016,1.0,0.0
1254150,10,0.70417,10.237,0.033,0.999999999999656,-1.1350254069952826e-14
1314296,10,0.70426,10.457,0.006,1.0,0.0
1559051,10,0.7051,10.808,0.011,1.0,0.0
1952075,10,0.70525,10.042,0.053,0.7859516573150759,-0.007063595308602497
1262895,10,0.70548,10.654,0.037,1.0,0.0
1891055,10,0.70652,9.715,0.059,6.809240879529768e-07,2.2470494902448236e-08
1891266,10,0.70836,10.742,0.008,1.0,0.0
1289812,10,0.70875,10.089,0.021,0.9999887287926442,-3.719498427406931e-07
1647048,10,0.70882,11.15,0.036,1.0,0.0
1265623,10,0.70978,10.771,0.115,0.9999999999898846,-3.338066489888547e-13
1301142,10,0.71139,9.823,0.032,1.589783905435065e-08,5.246286887935715e-10
1563063,10,0.71552,10.796,0.022,1.0,0.0
1341556,10,0.71584,10.518,0.031,1.0,0.0
1340493,10,0.71719,11.282,0.057,1.0,0.0
1432102,10,0.71803,11.054,0.072,1.0,0.0
1330995,10,0.71827,10.355,0.057,0.9999999997638922,-7.79155739927262e-12
1894320,10,0.7188,10.931,0.026,1.0,0.0
1311903,10,0.71912,9.908,0.013,7.3695145537757e-13,2.431939802745981e-14
1433040,10,0.71949,11.385,0.021,1.0,0.0
1331993,10,0.71961,9.108,0.013,0.0,0.0
1338665,10,0.72062,10.694,0.013,1.0,0.0
1646092,10,0.7207,10.648,0.031,1.0,0.0
1277995,10,0.72199,10.593,0.032,1.0,0.0
1308529,10,0.72212,9.765,0.022,6.191120826487865e-27,2.0430698727409957e-28
1306067,10,0.7222,10.355,0.061,0.9999999970518413,-9.728923766605391e-11
1312818,10,0.72292,10.701,0.05,1.0,0.0
1701088,10,0.72403,10.269,0.024,1.0,0.0
1900856,10,0.72416,11.218,0.071,1.0,0.0
1335259,10,0.72701,10.653,0.028,1.0,0.0
1263139,10,0.72737,9.436,0.024,2.0393675632497451e-122,6.729912958724159e-124
1890212,10,0.72776,11.191,0.04,1.0,0.0
1319898,10,0.7286,11.08,0.007,1.0,0.0
1299712,10,0.73064,11.021,0.074,1.0,0.0
1297070,10,0.73069,11.113,0.058,1.0,0.0
1555053,10,0.73072,10.797,0.049,1.0,0.0
1264689,10,0.73162,9.871,0.009,6.772979873970918e-47,2.2350833584104032e-48
1338718,10,0.73306,10.785,0.076,1.0,0.0
1265644,10,0.73469,9.951,0.03,0.05119945491710961,0.001689582012264617
1770254,10,0.7348,11.214,0.018,1.0,0.0
1290043,10,0.73488,11.191,0.012,1.0,0.0
1617030,10,0.73615,9.322,0.073,7.885042169140316e-21,2.6020639158163043e-22
1297490,10,0.73677,10.503,0.014,1.0,0.0
1302185,10,0.73717,9.965,0.009,5.035210292678151e-05,1.66161939658379e-06
1315947,10,0.73781,10.403,0.029,1.0,0.0
1692030,10,0.73802,9.658,0.008,0.0,0.0
1280807,10,0.73899,9.777,0.043,1.0740259194232127e-07,3.5442855340966018e-09
1252822,10,0.73927,10.816,0.049,1.0,0.0
1309376,10,0.74009,11.025,0.036,1.0,0.0
1307783,10,0.74061,10.985,0.005,1.0,0.0
1700109,10,0.74119,10.178,0.022,0.9999999999999997,-1.099120794378905e-17
1304841,10,0.74126,11.05,0.051,1.0,0.0
1260522,10,0.74133,10.571,0.027,1.0,0.0
1296802,10,0.74392,10.933,0.047,1.0,0.0
1317372,10,0.74393,11.195,0.005,1.0,0.0
1537077,10,0.7445,9.861,0.022,1.3232926581878885e-10,4.366865772020032e-12
1257605,10,0.74535,10.659,0.008,1.0,0.0
1898252,10,0.74571,11.021,0.07,1.0,0.0
1250882,10,0.74658,9.835,0.037,4.108330633393336e-06,1.355749109019801e-07
1295800,10,0.74855,10.125,0.015,1.0,0.0
1864046,10,0.7487,9.6,0.089,3.488613633174055e-06,1.1512424989474382e-07
1337549,10,0.74877,9.363,0.07,4.51659149143521e-20,1.4904751921736193e-21
1302027,10,0.74899,11.148,0.104,1.0,0.0
1251409,10,0.74963,10.864,0.041,1.0,0.0
1933196,10,0.75011,10.592,0.021,1.0,0.0
1488098,10,0.75076,10.938,0.002,1.0,0.0
1310964,10,0.75147,10.168,0.031,0.999999970092753,-9.869391514039094e-10
1302550,10,0.75249,10.679,0.009,1.0,0.0
1380167,10,0.75331,9.861,0.108,0.09904068960845636,0.00326834275707906
1929022,10,0.75356,10.827,0.049,1.0,0.0
1293028,10,0.75366,10.961,0.059,1.0,0.0
1304506,10,0.75421,10.449,0.097,0.9999981616319339,-6.066614618160938e-08
1308453,10,0.75572,10.216,0.026,1.0,0.0
1263788,10,0.75729,11.327,0.087,1.0,0.0
1536112,10,0.75888,10.974,0.003,1.0,0.0
1552143,10,0.75991,10.761,0.027,1.0,0.0
1304362,10,0.76177,10.953,0.037,1.0,0.0
1330350,10,0.76303,10.99,0.004,1.0,0.0
1302399,10,0.76495,10.808,0.022,1.0,0.0
1249178,10,0.76517,10.807,0.038,1.0,0.0
1700105,10,0.76518,10.628,0.008,1.0,0.0
1881037,10,0.76584,10.96,0.009,1.0,0.0
1904182,10,0.76657,10.781,0.048,1.0,0.0
1576034,10,0.76675,10.342,0.045,0.9999999999999852,-4.872768855079812e-16
1251645,10,0.76679,10.048,0.021,0.9888645105203837,-0.00036747115282733756
1303881,10,0.77004,10.798,0.057,1.0,0.0
1280135,10,0.77082,9.229,0.028,3.281146669432075e-167,1.0827784009125847e-168
1323740,10,0.77137,10.552,0.016,1.0,0.0
1251652,10,0.77155,10.972,0.011,1.0,0.0
1303257,10,0.77159,8.953,0.062,2.7995605369968478e-64,9.238549772089598e-66
1339327,10,0.7725,9.864,0.025,2.664028560997179e-08,8.791294251290691e-10
1310178,10,0.77262,10.689,0.042,1.0,0.0
1259589,10,0.77327,11.168,0.051,1.0,0.0
1338940,10,0.77334,10.015,0.051,0.6156659967196,-0.012683022108253202
1307073,10,0.77464,9.176,0.022,2.5328819468038764e-307,8.35851042445279e-309
1309215,10,0.77464,9.998,0.028,0.471528335483512,0.015560435070955897
1316487,10,0.77627,11.217,0.012,1.0,0.0
1330403,10,0.7765,10.548,0.014,1.0,0.0
1262899,10,0.77692,10.138,0.069,0.9772498680518207,-0.0007507543542899176
1250852,10,0.77725,10.393,0.013,1.0,0.0
1889155,10,0.77826,9.842,0.017,7.421609811164765e-21,2.4491312376843724e-22
1590122,10,0.77952,10.789,0.033,1.0,0.0
1861451,10,0.78049,10.789,0.043,1.0,0.0
1652139,10,0.78266,11.084,0.012,1.0,0.0
1948295,10,0.78324,10.539,0.062,1.0,0.0
1833468,10,0.78375,11.284,0.003,1.0,0.0
1331887,10,0.78398,11.291,0.017,1.0,0.0
1343542,10,0.78512,10.728,0.037,1.0,0.0
1318158,10,0.78604,10.899,0.008,1.0,0.0
1250454,10,0.78734,10.549,0.036,1.0,0.0
1320474,10,0.78842,10.586,0.025,1.0,0.0
1856065,10,0.78892,9.257,0.034,3.644224576413047e-106,1.2025941102163055e-107
1255501,10,0.78956,10.552,0.038,1.0,0.0
1434262,10,0.78964,11.164,0.011,1.0,0.0
1254566,10,0.79118,10.861,0.009,1.0,0.0
1332701,10,0.79167,10.348,0.03,1.0,0.0
1302705,10,0.79229,10.236,0.016,1.0,0.0
1347112,10,0.79318,9.333,0.021,1.0874261179927056e-221,3.588506189375929e-223
1891070,10,0.79348,10.394,0.02,1.0,0.0
1409129,10,0.79364,9.779,0.021,3.3552160291243294e-26,1.1072212896110288e-27
1271436,10,0.79511,11.366,0.026,1.0,0.0
1290176,10,0.7953,10.472,0.017,1.0,0.0
1303699,10,0.79547,11.613,0.007,1.0,0.0
1325191,10,0.7981,10.577,0.014,1.0,0.0
1265349,10,0.79939,11.047,0.057,1.0,0.0
1535064,10,0.80078,10.557,0.01,1.0,0.0
1385052,10,0.80106,10.988,0.026,1.0,0.0
1299258,10,0.80109,11.317,0.097,1.0,0.0
1502132,10,0.80181,9.395,0.016,0.0,0.0
1551083,10,0.80301,9.284,0.013,0.0,0.0
1579146,10,0.80325,10.59,0.008,1.0,0.0
1334321,10,0.80326,9.737,0.015,3.987694720399203e-69,1.3159392577317371e-70
1367180,10,0.80342,10.424,0.009,1.0,0.0
1330970,10,0.80669,10.885,0.024,1.0,0.0
1280113,10,0.8086,10.917,0.016,1.0,0.0
1309696,10,0.80954,10.743,0.043,1.0,0.0
1315974,10,0.81174,10.786,0.02,1.0,0.0
1642117,10,0.81237,9.783,0.088,0.0068333007547302675,0.00022549892490609884
1293832,10,0.81325,10.945,0.008,1.0,0.0
1252595,10,0.8133,9.97,0.03,0.15865525393146218,0.005235623379738252
1600036,10,0.81396,11.205,0.049,1.0,0.0
1898053,10,0.81485,9.853,0.03,4.791832765902992e-07,1.5813048127479874e-08
1300777,10,0.81684,11.043,0.034,1.0,0.0
1260427,10,0.8175,10.749,0.073,1.0,0.0
1339291,10,0.8179,11.253,0.023,1.0,0.0
1255824,10,0.81852,11.289,0.018,1.0,0.0
1330599,10,0.81932,10.102,0.007,1.0,0.0
1250980,10,0.81967,10.508,0.01,1.0,0.0
1879412,10,0.81984,11.087,0.014,1.0,0.0
1339227,10,0.82081,10.748,0.019,1.0,0.0
1251618,10,0.82172,10.549,0.013,1.0,0.0
1258529,10,0.82394,10.873,0.008,1.0,0.0
1341271,10,0.82584,11.028,0.028,1.0,0.0
1645145,10,0.82627,10.756,0.009,1.0,0.0
1334581,10,0.82736,10.963,0.058,1.0,0.0
1336957,10,0.82961,11.156,0.036,1.0,0.0
1341227,10,0.83036,10.395,0.011,1.0,0.0
1246791,10,0.83066,10.519,0.009,1.0,0.0
1936293,10,0.83168,10.77,0.018,1.0,0.0
1305541,10,0.83293,10.789,0.02,1.0,0.0
1252918,10,0.83583,11.009,0.061,1.0,0.0
1390345,10,0.83592,10.249,0.014,1.0,0.0
1411114,10,0.83706,10.066,0.04,0.9505285319663538,-0.0016325584451103252
1861472,10,0.83776,10.858,0.016,1.0,0.0
1581017,10,0.83813,10.909,0.015,1.0,0.0
1826039,10,0.83916,10.147,0.002,1.0,0.0
1946246,10,0.83936,10.299,0.123,0.9924691962978481,-0.0002485165221710116
1876462,10,0.83954,10.807,0.008,1.0,0.0
1253972,10,0.84019,10.491,0.099,0.9999996468002632,-1.1655591314108094e-08
1257646,10,0.84094,10.937,0.027,1.0,0.0
1872097,10,0.84132,11.519,0.056,1.0,0.0
1322975,10,0.84634,11.161,0.025,1.0,0.0
1253871,10,0.8478,9.856,0.027,4.821303365113975e-08,1.5910301104876117e-09
1508029,10,0.85279,10.829,0.014,1.0,0.0
1253857,10,0.85652,10.72,0.014,1.0,0.0
1260459,10,0.85674,11.18,0.009,1.0,0.0
1250858,10,0.85707,11.1,0.007,1.0,0.0
1338749,10,0.85806,11.422,0.049,1.0,0.0
1260461,10,0.85855,10.669,0.017,1.0,0.0
1295291,10,0.86179,9.304,0.071,5.474443644242646e-23,1.8065664026000734e-24
1479130,10,0.8624,10.755,0.034,1.0,0.0
1296161,10,0.86243,10.443,0.043,1.0,0.0
1297532,10,0.86461,11.372,0.017,1.0,0.0
1912270,10,0.86642,9.674,0.015,4.966195844205284e-105,1.6388446285877437e-106
1551108,10,0.86647,10.642,0.013,1.0,0.0
1317956,10,0.86917,11.221,0.045,1.0,0.0
1302199,10,0.87001,9.543,0.009,0.0,0.0
1295550,10,0.8727,9.905,0.002,0.0,0.0
1778026,10,0.87344,11.225,0.044,1.0,0.0
1912066,10,0.87344,11.232,0.039,1.0,0.0
1342580,10,0.87472,10.985,0.05,1.0,0.0
1879483,10,0.87565,10.72,0.05,1.0,0.0
1250896,10,0.87971,11.431,0.054,1.0,0.0
1817265,10,0.87998,10.42,0.01,1.0,0.0
1456020,10,0.88189,10.91,0.024,1.0,0.0
1262231,10,0.88314,11.182,0.011,1.0,0.0
1371111,10,0.88352,11.351,0.039,1.0,0.0
1878692,10,0.8845,10.943,0.007,1.0,0.0
1295527,10,0.88491,10.906,0.01,1.0,0.0
1252237,10,0.8858,10.934,0.049,1.0,0.0
1253761,10,0.89441,10.481,0.008,1.0,0.0
1936125,10,0.8953,10.756,0.023,1.0,0.0
1402076,10,0.89611,9.846,0.019,2.631573709289527e-16,8.68419324065544e-18
1372115,10,0.89842,10.059,0.023,0.9948444409994612,-0.00017013344701777934
1305486,10,0.89888,11.014,0.012,1.0,0.0
1253816,10,0.90824,10.475,0.008,1.0,0.0
1246650,10,0.90888,11.211,0.007,1.0,0.0
1595118,10,0.90941,10.834,0.012,1.0,0.0
1904300,10,0.91082,10.859,0.02,1.0,0.0
1299266,10,0.91289,10.735,0.017,1.0,0.0
1901832,10,0.91696,11.119,0.027,1.0,0.0
1255737,10,0.91896,9.867,0.039,0.0003245091543785115,1.070880209449088e-05
1307843,10,0.92146,9.576,0.076,1.2098921875896205e-08,3.992644219045748e-10
1346612,10,0.92274,10.939,0.025,1.0,0.0
1252926,10,0.92427,10.716,0.014,1.0,0.0
1339176,10,0.92537,9.422,0.084,2.972686235929872e-12,9.809864578568578e-14
1309227,10,0.92576,10.254,0.077,0.9995143339550822,-1.6026979482288817e-05
1892072,10,0.92838,11.312,0.026,1.0,0.0
1617068,10,0.93075,11.075,0.012,1.0,0.0
1370441,10,0.93733,10.644,0.077,1.0,0.0
1262782,10,0.94444,10.155,0.021,0.9999999999999214,-2.593925074734216e-15
1252620,10,0.95299,11.408,0.047,1.0,0.0
1256028,10,0.95521,9.485,0.016,1.3201671705139275e-227,4.356551662695961e-229
1395159,10,0.9569,10.424,0.012,1.0,0.0
1339246,10,0.95791,11.206,0.085,1.0,0.0
1309509,10,0.96296,10.246,0.08,0.998947487231624,-3.4732921356409155e-05
1250803,10,0.96329,11.491,0.069,1.0,0.0
1339276,10,0.96363,9.667,0.025,8.855375207356846e-41,2.9222738184277596e-42
1254108,10,0.96689,10.901,0.053,1.0,0.0
1339232,10,0.96859,11.793,0.019,1.0,0.0
1252183,10,0.97242,10.476,0.017,1.0,0.0
1252665,10,0.97489,10.971,0.11,1.0,0.0
1559048,10,0.98,11.23,0.027,1.0,0.0
1255798,10,0.98024,10.599,0.026,1.0,0.0
1299327,10,0.98158,10.469,0.124,0.9999222939412801,-2.5642999377576416e-06
1252671,10,0.98536,10.768,0.023,1.0,0.0
1901899,10,0.98846,11.204,0.109,1.0,0.0
1935095,10,0.99268,10.913,0.009,1.0,0.0
1447146,10,1.00009,9.49,0.036,7.366477424922022e-46,2.4309375502242673e-47
1309870,10,1.01382,11.25,0.03,1.0,0.0
1435094,10,1.017,11.339,0.03,1.0,0.0
1430116,10,1.02144,11.254,0.019,1.0,0.0
1257228,10,1.02433,9.741,0.015,4.1923836621092804e-67,1.3834866084960626e-68
1303722,10,1.02468,10.391,0.007,1.0,0.0
1263125,10,1.02868,10.74,0.011,1.0,0.0
1901375,10,1.03222,10.046,0.055,0.79852481841474,-0.006648680992313581
1924188,10,1.04136,11.538,0.034,1.0,0.0
1311921,10,1.04436,11.446,0.031,1.0,0.0
1255169,10,1.0468,11.292,0.026,1.0,0.0
1337541,10,1.05479,10.827,0.009,1.0,0.0
1263785,10,1.0642,11.277,0.087,1.0,0.0
1842087,10,1.08349,10.183,0.016,1.0,0.0
1339609,10,1.12132,10.902,0.012,1.0,0.0
1446080,10,1.13057,11.011,0.013,1.0,0.0
1257587,10,1.14418,10.256,0.013,1.0,0.0
