CID,file,archive_found,expected_NIR_rows,released_NIR_rows,metadata_equal,mag_error_equal,full_converter_equal,expected_not_released,released_not_expected
2004ef,CSPDR3_2004ef.PKMJD.DAT,True,17,17,True,True,True,0,0
2004eo,CSPDR3_2004eo.PKMJD.DAT,True,48,48,True,True,True,0,0
2004ey,CSPDR3_2004ey.PKMJD.DAT,True,38,38,True,True,True,0,0
2004gu,CSPDR3_2004gu.PKMJD.DAT,True,11,11,True,True,True,0,0
2005ag,CSPDR3_2005ag.PKMJD.DAT,True,9,9,True,True,True,0,0
2005al,CSPDR3_2005al.PKMJD.DAT,True,28,28,True,True,True,0,0
2005bl,CSPDR3_2005bl.PKMJD.DAT,False,0,0,True,True,True,0,0
2005bo,CSPDR3_2005bo.PKMJD.DAT,False,0,0,True,True,True,0,0
2005el,CSPDR3_2005el.PKMJD.DAT,True,97,97,True,True,True,0,0
2005eq,CSPDR3_2005eq.PKMJD.DAT,True,58,58,True,True,True,0,0
2005hc,CSPDR3_2005hc.PKMJD.DAT,True,39,39,True,True,True,0,0
2005hj,CSPDR3_2005hj.PKMJD.DAT,True,20,20,True,True,True,0,0
2005iq,CSPDR3_2005iq.PKMJD.DAT,True,45,45,True,True,True,0,0
2005ir,CSPDR3_2005ir.PKMJD.DAT,False,0,0,True,True,True,0,0
2005kc,CSPDR3_2005kc.PKMJD.DAT,True,52,52,True,True,True,0,0
2005ki,CSPDR3_2005ki.PKMJD.DAT,True,59,59,True,True,True,0,0
2005M,CSPDR3_2005M.PKMJD.DAT,True,61,61,True,True,True,0,0
2005na,CSPDR3_2005na.PKMJD.DAT,True,25,25,True,True,True,0,0
2005W,CSPDR3_2005W.PKMJD.DAT,False,0,0,True,True,True,0,0
2006ax,CSPDR3_2006ax.PKMJD.DAT,True,101,101,True,True,True,0,0
2006bt,CSPDR3_2006bt.PKMJD.DAT,True,27,27,True,True,True,0,0
2006D,CSPDR3_2006D.PKMJD.DAT,True,72,72,True,True,True,0,0
2006et,CSPDR3_2006et.PKMJD.DAT,True,105,105,True,True,True,0,0
2006fw,CSPDR3_2006fw.PKMJD.DAT,False,0,0,True,True,True,0,0
2006hx,CSPDR3_2006hx.PKMJD.DAT,True,21,21,True,True,True,0,0
2006is,CSPDR3_2006is.PKMJD.DAT,True,29,29,True,True,True,0,0
2006kf,CSPDR3_2006kf.PKMJD.DAT,True,79,79,True,True,True,0,0
2006mr,CSPDR3_2006mr.PKMJD.DAT,True,61,61,True,True,True,0,0
2006py,CSPDR3_2006py.PKMJD.DAT,False,0,0,True,True,True,0,0
2007af,CSPDR3_2007af.PKMJD.DAT,True,150,150,True,True,True,0,0
2007ai,CSPDR3_2007ai.PKMJD.DAT,True,26,26,True,True,True,0,0
2007al,CSPDR3_2007al.PKMJD.DAT,True,42,42,True,True,True,0,0
2007A,CSPDR3_2007A.PKMJD.DAT,True,31,31,True,True,True,0,0
2007as,CSPDR3_2007as.PKMJD.DAT,True,50,50,True,True,True,0,0
2007ba,CSPDR3_2007ba.PKMJD.DAT,True,43,43,True,True,True,0,0
2007bc,CSPDR3_2007bc.PKMJD.DAT,True,34,34,True,True,True,0,0
2007bd,CSPDR3_2007bd.PKMJD.DAT,True,42,42,True,True,True,0,0
2007bm,CSPDR3_2007bm.PKMJD.DAT,True,33,33,True,True,True,0,0
2007ca,CSPDR3_2007ca.PKMJD.DAT,True,49,49,True,True,True,0,0
2007jg,CSPDR3_2007jg.PKMJD.DAT,True,24,24,True,True,True,0,0
2007jh,CSPDR3_2007jh.PKMJD.DAT,True,2,2,True,True,True,0,0
2007le,CSPDR3_2007le.PKMJD.DAT,True,98,98,True,True,True,0,0
2007mm,CSPDR3_2007mm.PKMJD.DAT,False,0,0,True,True,True,0,0
2007ol,CSPDR3_2007ol.PKMJD.DAT,False,0,0,True,True,True,0,0
2007on,CSPDR3_2007on.PKMJD.DAT,True,155,155,True,True,True,0,0
2007so,CSPDR3_2007so.PKMJD.DAT,True,23,23,True,True,True,0,0
2007S,CSPDR3_2007S.PKMJD.DAT,True,90,90,True,True,True,0,0
2007sr,CSPDR3_2007sr.PKMJD.DAT,True,98,98,True,True,True,0,0
2008ar,CSPDR3_2008ar.PKMJD.DAT,True,34,34,True,True,True,0,0
2008bc,CSPDR3_2008bc.PKMJD.DAT,True,63,63,True,True,True,0,0
2008bf,CSPDR3_2008bf.PKMJD.DAT,True,29,29,True,True,True,0,0
2008bi,CSPDR3_2008bi.PKMJD.DAT,True,17,17,True,True,True,0,0
2008bq,CSPDR3_2008bq.PKMJD.DAT,True,18,18,True,True,True,0,0
2008fp,CSPDR3_2008fp.PKMJD.DAT,True,128,128,True,True,True,0,0
2008gl,CSPDR3_2008gl.PKMJD.DAT,True,43,43,True,True,True,0,0
2008gp,CSPDR3_2008gp.PKMJD.DAT,True,56,56,True,True,True,0,0
2008hj,CSPDR3_2008hj.PKMJD.DAT,True,33,33,True,True,True,0,0
2008hu,CSPDR3_2008hu.PKMJD.DAT,True,20,20,True,True,True,0,0
2008hv,CSPDR3_2008hv.PKMJD.DAT,True,84,84,True,True,True,0,0
2008ia,CSPDR3_2008ia.PKMJD.DAT,True,80,80,True,True,True,0,0
2008J,CSPDR3_2008J.PKMJD.DAT,True,24,24,True,True,True,0,0
2009aa,CSPDR3_2009aa.PKMJD.DAT,True,106,106,True,True,True,0,0
2009ab,CSPDR3_2009ab.PKMJD.DAT,True,42,42,True,True,True,0,0
2009ad,CSPDR3_2009ad.PKMJD.DAT,True,56,56,True,True,True,0,0
2009ag,CSPDR3_2009ag.PKMJD.DAT,True,100,100,True,True,True,0,0
2009al,CSPDR3_2009al.PKMJD.DAT,True,40,40,True,True,True,0,0
2009cz,CSPDR3_2009cz.PKMJD.DAT,True,35,35,True,True,True,0,0
2009D,CSPDR3_2009D.PKMJD.DAT,True,51,51,True,True,True,0,0
2009ds,CSPDR3_2009ds.PKMJD.DAT,True,38,38,True,True,True,0,0
2009F,CSPDR3_2009F.PKMJD.DAT,True,50,50,True,True,True,0,0
2009le,CSPDR3_2009le.PKMJD.DAT,True,12,12,True,True,True,0,0
2009P,CSPDR3_2009P.PKMJD.DAT,True,17,17,True,True,True,0,0
2009Y,CSPDR3_2009Y.PKMJD.DAT,True,89,89,True,True,True,0,0
2012fr,CSPDR3_2012fr.PKMJD.DAT,False,0,134,False,False,False,0,134
2012ht,CSPDR3_2012ht.PKMJD.DAT,False,0,50,False,False,False,0,50
2015F,CSPDR3_2015F.PKMJD.DAT,False,0,57,False,False,False,0,57
