cut_days,CID,band,lag_lower,lag_upper,same_integer_MJD,N_pairs,mean_normalized_difference_squared,mean_projected_product_excess
180,DES16C1cim,g,0.5,7,False,64,1.0398083567844179,-0.0880328402967095
180,DES16C1cim,g,7,30,False,305,1.0101707294509836,0.04729358086927273
180,DES16C1cim,g,30,180,False,852,1.0365642501435055,-0.02821302734388796
180,DES16C1cim,g,180,,False,2520,1.005961320333733,0.01430861161511658
180,DES16C1cim,r,0.5,7,False,64,1.0126882386643028,0.054432783839085064
180,DES16C1cim,r,7,30,False,307,0.9704328964378012,-0.027575669795669566
180,DES16C1cim,r,30,180,False,848,1.0884519318736428,-0.013513853090749086
180,DES16C1cim,r,180,,False,2522,1.0513380727829056,0.013726992493677285
180,DES16C1cim,i,0.5,7,False,66,0.7105741947170455,0.11478168352369159
180,DES16C1cim,i,7,30,False,314,0.6702297079688918,0.037227411584122634
180,DES16C1cim,i,30,180,False,868,0.6798236068912752,0.07048560085509246
180,DES16C1cim,i,180,,False,2580,0.7815197698654394,-0.027620748415911698
180,DES16C1cim,z,0.5,7,False,63,0.8447756508165953,0.11352509947620344
180,DES16C1cim,z,7,30,False,300,0.9440548380022725,0.08912274419736325
180,DES16C1cim,z,30,180,False,827,0.9977320424387288,0.08350126455972706
180,DES16C1cim,z,180,,False,2465,1.1389533903354492,-0.045490246873293
180,DES16C3cmy,g,0.5,7,False,40,0.8673686953927326,0.07137388945239641
180,DES16C3cmy,g,7,30,False,203,0.8476168386225724,0.1798099247061374
180,DES16C3cmy,g,30,180,False,586,0.8515483140347995,0.15671232092762494
180,DES16C3cmy,g,180,,False,1727,1.086417972504547,-0.0797950875165486
180,DES16C3cmy,r,0,0.5,True,1,1.4468487467886897,0.4358753873991498
180,DES16C3cmy,r,0.5,7,False,47,0.7395317254946622,-0.11238316363945204
180,DES16C3cmy,r,7,30,False,219,0.7717045003355746,-0.03422099752090393
180,DES16C3cmy,r,30,180,False,663,0.7135266844494663,0.012815761049303803
180,DES16C3cmy,r,180,,False,1920,0.7058218546842009,0.008967319838148125
180,DES16C3cmy,i,0.5,7,False,52,1.1171059464176072,0.04860190694340834
180,DES16C3cmy,i,7,30,False,243,1.0707760487679576,-0.017263835409905233
180,DES16C3cmy,i,30,180,False,684,1.0891509443339327,-0.004440409011381052
180,DES16C3cmy,i,180,,False,2024,1.0996899014085426,-0.0009805766708399157
180,DES16C3cmy,z,0.5,7,False,48,0.6348339185665967,0.016787594554153715
180,DES16C3cmy,z,7,30,False,233,0.5733399915271475,-0.025869404763548785
180,DES16C3cmy,z,30,180,False,647,0.5351093631298769,0.008537585242460953
180,DES16C3cmy,z,180,,False,1922,0.5543819102541402,0.006419613335444964
180,DES16E1dcx,g,0,0.5,False,1,0.4165214598258524,1.0465204313886423
180,DES16E1dcx,g,0,0.5,True,59,0.5953010797597996,0.21029559922212349
180,DES16E1dcx,g,0.5,7,False,300,0.8471955730286491,0.08883104235255947
180,DES16E1dcx,g,7,30,False,1222,0.8828627594627041,0.034109720241421344
180,DES16E1dcx,g,30,180,False,3459,0.9107842594799493,0.030349042948899514
180,DES16E1dcx,g,180,,False,10184,0.962469933120724,-0.019991979738719058
180,DES16E1dcx,r,0,0.5,True,59,0.9421903449503127,0.2894234777378443
180,DES16E1dcx,r,0.5,7,False,291,0.948004119494356,0.27264028104803323
180,DES16E1dcx,r,7,30,False,1191,0.9629954812777942,0.2051513046900765
180,DES16E1dcx,r,30,180,False,3391,1.079489267069444,0.1504462215731465
180,DES16E1dcx,r,180,,False,9946,1.309204426530829,-0.09050345668367794
180,DES16E1dcx,i,0,0.5,True,56,1.0091890028547756,0.3181927296115515
180,DES16E1dcx,i,0.5,7,False,276,1.0897271112867808,0.178713284824356
180,DES16E1dcx,i,7,30,False,1154,1.1356491792388685,0.15785993054657574
180,DES16E1dcx,i,30,180,False,3276,1.1536711353363236,0.1641059667349088
180,DES16E1dcx,i,180,,False,9603,1.4000347070738042,-0.08667409395295736
180,DES16E1dcx,z,0,0.5,True,58,0.8448255989994601,0.12053977211847923
180,DES16E1dcx,z,0.5,7,False,286,0.9721979393032165,0.017260669553369735
180,DES16E1dcx,z,7,30,False,1168,0.9713068213327009,0.06342241682170123
180,DES16E1dcx,z,30,180,False,3313,0.92397973524516,0.10459787013667679
180,DES16E1dcx,z,180,,False,9710,1.0487017852125815,-0.04355866027759383
180,DES16E2clk,g,0.5,7,False,68,0.8861860247463565,0.015439071995787442
180,DES16E2clk,g,7,30,False,293,0.9812169888592169,-0.014125306437377333
180,DES16E2clk,g,30,180,False,833,1.1040112436856946,0.013663570001253702
180,DES16E2clk,g,180,,False,2461,1.0602897154377697,-0.006338147888361916
180,DES16E2clk,r,0.5,7,False,64,0.9497159778744134,-0.1112743248825403
180,DES16E2clk,r,7,30,False,279,0.7313031409001493,0.0802478511405659
180,DES16E2clk,r,30,180,False,798,0.7302007925307582,0.123445381164585
180,DES16E2clk,r,180,,False,2345,0.8611508839774543,-0.045973977989649736
180,DES16E2clk,i,0.5,7,False,63,0.7360225507784107,-0.03572842317986333
180,DES16E2clk,i,7,30,False,275,0.8350076898030205,0.0021132652234741494
180,DES16E2clk,i,30,180,False,777,0.7954466530838686,0.05224777808556147
180,DES16E2clk,i,180,,False,2288,0.8727241575857363,-0.018651700412465215
180,DES16E2clk,z,0.5,7,False,66,1.1679885303654745,0.22961333090480854
180,DES16E2clk,z,7,30,False,279,0.9438297678327034,0.13694310036988885
180,DES16E2clk,z,30,180,False,796,1.0440566704344392,0.13520432094828644
180,DES16E2clk,z,180,,False,2345,1.2244880898582915,-0.058306918728743405
180,DES16E2cqq,g,0.5,7,False,68,0.6271438424241476,0.02521067149143483
180,DES16E2cqq,g,7,30,False,293,0.7717667062634801,0.045352949235636215
180,DES16E2cqq,g,30,180,False,833,0.7506788930621856,-0.00363862166309932
180,DES16E2cqq,g,180,,False,2461,0.7699727934027993,0.005644831759554235
180,DES16E2cqq,r,0.5,7,False,64,1.0638221106803094,0.15530682746825342
180,DES16E2cqq,r,7,30,False,279,1.0882674621130202,-0.08810196248175123
180,DES16E2cqq,r,30,180,False,798,0.9385719211826717,0.10558800114623865
180,DES16E2cqq,r,180,,False,2345,1.040077853261263,-0.019364486357514418
180,DES16E2cqq,i,0.5,7,False,63,1.0114771582782498,0.01829426165511965
180,DES16E2cqq,i,7,30,False,275,1.259425164051965,-0.028122003109126697
180,DES16E2cqq,i,30,180,False,777,1.1604220990710008,-0.023370164038494273
180,DES16E2cqq,i,180,,False,2288,1.1400401104770805,0.00907889557546981
180,DES16E2cqq,z,0.5,7,False,66,1.100086396087893,0.018151284870315258
180,DES16E2cqq,z,7,30,False,279,1.1593072571968033,0.01735530829939919
180,DES16E2cqq,z,30,180,False,796,1.0995170999010477,0.023668428947039726
180,DES16E2cqq,z,180,,False,2345,1.1365303735243002,-0.013909867006990827
180,DES16S1agd,g,0.5,7,False,49,0.8693604118551748,0.3269010181060499
180,DES16S1agd,g,7,30,False,246,0.8245507778249812,0.17709720794802147
180,DES16S1agd,g,30,180,False,634,0.9414960017039887,0.07336564659154214
180,DES16S1agd,g,180,,False,1921,1.069647850942048,-0.06004237418016067
180,DES16S1agd,r,0.5,7,False,52,1.0302653568053168,0.062066649515994395
180,DES16S1agd,r,7,30,False,263,0.983992703088576,0.011538837436361778
180,DES16S1agd,r,30,180,False,691,1.1067114274856034,-0.05494004590688893
180,DES16S1agd,r,180,,False,2075,1.0467461238319526,0.010595039040752334
180,DES16S1agd,i,0.5,7,False,53,0.9267210763484517,0.0062259263378010975
180,DES16S1agd,i,7,30,False,271,0.8188199181422567,0.05561210638452343
180,DES16S1agd,i,30,180,False,704,0.8615846924880326,0.008187805684042678
180,DES16S1agd,i,180,,False,2132,0.8729270431883069,-0.008519189311848427
180,DES16S1agd,z,0.5,7,False,51,1.2960269804615945,0.03946734474672396
180,DES16S1agd,z,7,30,False,261,1.23798344976108,0.04454554469757337
180,DES16S1agd,z,30,180,False,667,1.149616138209849,-0.00772639330892724
180,DES16S1agd,z,180,,False,2024,1.1705354558017194,-0.006273326750761786
180,DES16S1bno,g,0.5,7,False,49,0.9044266313047349,-0.1333303167397547
180,DES16S1bno,g,7,30,False,246,0.6933185196391836,0.04002226339894625
180,DES16S1bno,g,30,180,False,634,0.7827907799225634,0.026070383998557652
180,DES16S1bno,g,180,,False,1921,0.7801703429047163,-0.007124484414203897
180,DES16S1bno,r,0.5,7,False,52,0.7202292033430624,0.012010720034102008
180,DES16S1bno,r,7,30,False,263,0.8003798636122698,-0.012501680644712403
180,DES16S1bno,r,30,180,False,691,0.647687568442569,0.042761102889302946
180,DES16S1bno,r,180,,False,2075,0.7310204698647393,-0.009469900169887715
180,DES16S1bno,i,0.5,7,False,53,1.0599061516407344,-0.19608812162666142
180,DES16S1bno,i,7,30,False,271,0.8292958871055082,-0.006575033354267238
180,DES16S1bno,i,30,180,False,704,0.8071173593911726,-0.003718585543573993
180,DES16S1bno,i,180,,False,2132,0.7950951267805231,0.01492136751273241
180,DES16S1bno,z,0.5,7,False,51,0.8648234742902097,-0.04402553211215962
180,DES16S1bno,z,7,30,False,261,0.7102839813059212,0.11584286508860438
180,DES16S1bno,z,30,180,False,667,0.788184642705652,0.03483327826164057
180,DES16S1bno,z,180,,False,2024,0.8672450630979002,-0.025635744189073648
180,DES16S2afz,g,0.5,7,False,50,0.9965104372378097,0.07841705543540686
180,DES16S2afz,g,7,30,False,251,0.9596064780194169,-0.023904573437118236
180,DES16S2afz,g,30,180,False,677,1.0667818700144487,0.011304029297176353
180,DES16S2afz,g,180,,False,2025,1.0218460380553887,-0.004390880218292365
180,DES16S2afz,r,0.5,7,False,53,0.9211973943524973,0.15094569668177227
180,DES16S2afz,r,7,30,False,261,0.9975904557212969,-0.056692639014437045
180,DES16S2afz,r,30,180,False,687,0.895059508845104,0.0823507981803286
180,DES16S2afz,r,180,,False,2080,0.9861717319455188,-0.02486736082045877
180,DES16S2afz,i,0.5,7,False,54,1.1714059437762743,-0.15651046587927073
180,DES16S2afz,i,7,30,False,262,0.802593736251091,0.028048039384044713
180,DES16S2afz,i,30,180,False,687,0.8997158722158767,-0.026209741076119498
180,DES16S2afz,i,180,,False,2078,0.8894781859696004,0.014488857206628984
180,DES16S2afz,z,0.5,7,False,54,1.187175351964961,-0.011007923049120157
180,DES16S2afz,z,7,30,False,266,1.1574297459911165,-0.008625510624928919
180,DES16S2afz,z,30,180,False,683,1.1434781593367562,0.009994841056807226
180,DES16S2afz,z,180,,False,2078,1.1319055733460195,-0.005020803290100054
180,DES16X3cry,g,0.5,7,False,26,1.3738804470924235,0.03600043964376503
180,DES16X3cry,g,7,30,False,180,1.3054281122639924,-0.02802352562895737
180,DES16X3cry,g,30,180,False,467,1.129417842977182,-0.02276666648075007
180,DES16X3cry,g,180,,False,1407,1.1775124624563602,0.008411875697966177
180,DES16X3cry,r,0.5,7,False,31,1.0190915782914,-0.0985667990365813
180,DES16X3cry,r,7,30,False,175,1.322471563774487,-0.029421621600722248
180,DES16X3cry,r,30,180,False,451,1.338184362958223,0.029831900205560112
180,DES16X3cry,r,180,,False,1359,1.33164579495467,-0.01332409301036329
180,DES16X3cry,i,0.5,7,False,29,0.8567972209879877,0.08586641967962137
180,DES16X3cry,i,7,30,False,170,0.6508399117337981,0.19297729409119663
180,DES16X3cry,i,30,180,False,454,0.7757884214405045,0.08355370767724221
180,DES16X3cry,i,180,,False,1363,0.9053004226073744,-0.05402337002450025
180,DES16X3cry,z,0.5,7,False,34,1.0518526255975007,-0.012748908341899902
180,DES16X3cry,z,7,30,False,197,0.8976966620208318,0.14240856680039843
180,DES16X3cry,z,30,180,False,508,0.9661273632911894,0.029081070339999036
180,DES16X3cry,z,180,,False,1539,1.017541511902111,-0.0246338937575692
180,DES16X3zd,g,0.5,7,False,26,0.9842682255101354,0.09104691233660844
180,DES16X3zd,g,7,30,False,180,0.9138259272594929,0.08748043031347454
180,DES16X3zd,g,30,180,False,467,0.9146116039495025,-0.017256982985700452
180,DES16X3zd,g,180,,False,1407,0.9138353694212686,-0.006538413619059447
180,DES16X3zd,r,0.5,7,False,31,1.1760436236515155,0.3534752688820579
180,DES16X3zd,r,7,30,False,175,1.0955651705085223,0.38706666509442944
180,DES16X3zd,r,30,180,False,451,1.386612332249109,0.0791340192141823
180,DES16X3zd,r,180,,False,1359,1.4902960988942422,-0.07352844128097943
180,DES16X3zd,i,0.5,7,False,29,1.4941318925833116,0.04310646854087291
180,DES16X3zd,i,7,30,False,170,1.609160273123416,-0.007662569732172386
180,DES16X3zd,i,30,180,False,454,1.6277489335305517,0.11833923118906495
180,DES16X3zd,i,180,,False,1363,1.7118964242170644,-0.04534321646342615
180,DES16X3zd,z,0.5,7,False,34,3.6317280733951063,0.5678147910839677
180,DES16X3zd,z,7,30,False,197,3.159725466181374,0.5085543092646592
180,DES16X3zd,z,30,180,False,508,2.736662542300083,0.475812424999523
180,DES16X3zd,z,180,,False,1539,3.6938620111123464,-0.27409029770602955
365,DES16C1cim,g,0.5,7,False,54,1.0391860281714256,-0.058319999590396826
365,DES16C1cim,g,7,30,False,243,0.9797353349641115,0.05756308402569155
365,DES16C1cim,g,30,180,False,579,0.9523837096228948,0.004430597435591168
365,DES16C1cim,g,180,,False,1680,1.0395119371589654,0.012338052935745662
365,DES16C1cim,r,0.5,7,False,54,0.9142815746042183,0.14028642927774543
365,DES16C1cim,r,7,30,False,245,1.019247203141324,-0.017664013435626624
365,DES16C1cim,r,30,180,False,590,1.0113177812212761,-0.024579466998900405
365,DES16C1cim,r,180,,False,1667,1.192975254555918,0.018242376691463672
365,DES16C1cim,i,0.5,7,False,56,0.7623603160155816,0.06979715094322018
365,DES16C1cim,i,7,30,False,252,0.6036148060995565,0.05885039756256395
365,DES16C1cim,i,30,180,False,610,0.5276865649739119,0.08390377547221638
365,DES16C1cim,i,180,,False,1710,0.7817046787777495,-0.036042719995106096
365,DES16C1cim,z,0.5,7,False,54,0.7635090440292679,0.10366812794180537
365,DES16C1cim,z,7,30,False,245,0.8112758926088469,0.15258458185597792
365,DES16C1cim,z,30,180,False,590,0.9193609349850834,0.11583399434145128
365,DES16C1cim,z,180,,False,1667,1.091257394011622,-0.0704720444953307
365,DES16C3cmy,g,0.5,7,False,32,0.7688302657990744,0.12365646877360242
365,DES16C3cmy,g,7,30,False,161,0.7781169057613414,0.1622650009047757
365,DES16C3cmy,g,30,180,False,428,0.7817680974479191,0.19709809641490292
365,DES16C3cmy,g,180,,False,1090,1.0353635342512146,-0.11006824882718576
365,DES16C3cmy,r,0.5,7,False,39,0.7465062474369814,-0.17227763906322158
365,DES16C3cmy,r,7,30,False,178,0.7239672416720966,-0.007628235147734187
365,DES16C3cmy,r,30,180,False,440,0.6313423186771114,0.0011404180478115059
365,DES16C3cmy,r,180,,False,1296,0.672807278900996,0.011025360452839516
365,DES16C3cmy,i,0.5,7,False,44,1.0342767768502332,0.07949943554337575
365,DES16C3cmy,i,7,30,False,209,1.0116717796599992,0.01878637376595239
365,DES16C3cmy,i,30,180,False,516,0.9320834516883679,0.006138873867045579
365,DES16C3cmy,i,180,,False,1376,0.9879750844519394,-0.010665585880092763
365,DES16C3cmy,z,0.5,7,False,40,0.5662197041681382,0.04716667349343333
365,DES16C3cmy,z,7,30,False,191,0.6042345186372986,-0.04076494140476715
365,DES16C3cmy,z,30,180,False,489,0.5764407887405213,0.017035024365410902
365,DES16C3cmy,z,180,,False,1233,0.5465195713153224,0.0053521154810609465
365,DES16E1dcx,g,0,0.5,False,1,0.4165214598258524,1.1438864432917344
365,DES16E1dcx,g,0,0.5,True,59,0.5953010797597996,0.20304029460483616
365,DES16E1dcx,g,0.5,7,False,270,0.8479768349855878,0.05915439090706465
365,DES16E1dcx,g,7,30,False,1092,0.8786142326025709,0.015183829960026823
365,DES16E1dcx,g,30,180,False,2593,0.9109755529289821,0.031860882903591174
365,DES16E1dcx,g,180,,False,8075,0.9354850551558854,-0.017309612956303143
365,DES16E1dcx,r,0,0.5,True,59,0.9421903449503127,0.28437242816084635
365,DES16E1dcx,r,0.5,7,False,261,0.8829912376866623,0.17388514328887061
365,DES16E1dcx,r,7,30,False,1061,0.9217248605311085,0.1284914082783658
365,DES16E1dcx,r,30,180,False,2525,1.0587375215662647,0.10331106536068832
365,DES16E1dcx,r,180,,False,7875,1.1462032199579957,-0.06299367948625695
365,DES16E1dcx,i,0,0.5,True,56,1.0091890028547756,0.29704907969389466
365,DES16E1dcx,i,0.5,7,False,246,1.142526636244031,0.14242917700106325
365,DES16E1dcx,i,7,30,False,1024,1.1629878478721545,0.142701968916082
365,DES16E1dcx,i,30,180,False,2429,1.1962431546715322,0.13774852936047374
365,DES16E1dcx,i,180,,False,7570,1.3785232459948107,-0.07542142509252579
365,DES16E1dcx,z,0,0.5,True,58,0.8448255989994601,0.12243717728805803
365,DES16E1dcx,z,0.5,7,False,256,0.9761187824800968,0.025879335774713158
365,DES16E1dcx,z,7,30,False,1038,0.9597402620450215,0.08068449544710492
365,DES16E1dcx,z,30,180,False,2447,0.9432426618478205,0.11851191440317925
365,DES16E1dcx,z,180,,False,7677,1.0603445954022406,-0.05079916172384537
365,DES16E2clk,g,0.5,7,False,60,0.8005703156392889,-0.02521592630175121
365,DES16E2clk,g,7,30,False,252,0.8998018490043348,0.008877317164950686
365,DES16E2clk,g,30,180,False,588,0.9682791705306294,0.024045607247816073
365,DES16E2clk,g,180,,False,1801,0.9924758074057232,-0.010505577648675319
365,DES16E2clk,r,0.5,7,False,56,1.0327943475221937,-0.13938373599070444
365,DES16E2clk,r,7,30,False,238,0.811464549158384,0.07770973228990344
365,DES16E2clk,r,30,180,False,553,0.8542035132550148,0.17507038849882214
365,DES16E2clk,r,180,,False,1709,0.8948784639893345,-0.06295633053001999
365,DES16E2clk,i,0.5,7,False,55,0.6198236724348017,0.0022326884523015053
365,DES16E2clk,i,7,30,False,234,0.8104925139401282,0.015633303212903772
365,DES16E2clk,i,30,180,False,532,0.8073896721522045,0.070584596746985
365,DES16E2clk,i,180,,False,1664,0.8086795034223127,-0.026194885122362586
365,DES16E2clk,z,0.5,7,False,58,1.2323968017207596,0.1844112040743781
365,DES16E2clk,z,7,30,False,238,0.9565178466802283,0.11279530112384417
365,DES16E2clk,z,30,180,False,551,1.0220066574171935,0.23819596162791776
365,DES16E2clk,z,180,,False,1709,1.2163264975011812,-0.08031096068972968
365,DES16E2cqq,g,0.5,7,False,61,0.6304791129206953,0.0395320143039308
365,DES16E2cqq,g,7,30,False,256,0.794458187613003,0.028910843687107293
365,DES16E2cqq,g,30,180,False,602,0.8139416335458195,-0.001540166618529897
365,DES16E2cqq,g,180,,False,1856,0.7556031204047919,0.011068897747989187
365,DES16E2cqq,r,0.5,7,False,57,1.0644377561533038,0.1445089725188148
365,DES16E2cqq,r,7,30,False,242,1.0870152127365655,-0.08858969305917097
365,DES16E2cqq,r,30,180,False,567,0.874730747985788,0.14668460800353164
365,DES16E2cqq,r,180,,False,1762,1.0201476875061228,-0.02964154937659418
365,DES16E2cqq,i,0.5,7,False,56,1.0123083620061955,-0.04908284436095107
365,DES16E2cqq,i,7,30,False,238,1.2445958632708207,-0.045234759060352195
365,DES16E2cqq,i,30,180,False,546,1.0337647990182721,0.009809869468673198
365,DES16E2cqq,i,180,,False,1716,1.1263187993239647,0.003725658310971434
365,DES16E2cqq,z,0.5,7,False,59,1.034125135542055,0.02117814178456464
365,DES16E2cqq,z,7,30,False,242,1.1297967772750734,0.061723402659140975
365,DES16E2cqq,z,30,180,False,565,1.040019389361637,0.03159149301591579
365,DES16E2cqq,z,180,,False,1762,1.1199138270707707,-0.023789697974734736
365,DES16S1agd,g,0.5,7,False,31,1.0568815525519053,0.4767307539516232
365,DES16S1agd,g,7,30,False,162,0.916888125308616,0.323663080039506
365,DES16S1agd,g,30,180,False,421,1.1237404915581808,0.0960699093059487
365,DES16S1agd,g,180,,False,871,1.3023968712452894,-0.13734216339663
365,DES16S1agd,r,0.5,7,False,36,0.9773466790378179,0.13382129168500698
365,DES16S1agd,r,7,30,False,189,0.9557637228520226,-0.0018227330359524212
365,DES16S1agd,r,30,180,False,491,1.1398583849265331,-0.05127609512645948
365,DES16S1agd,r,180,,False,995,0.9834155887121411,0.012946444880744002
365,DES16S1agd,i,0.5,7,False,35,1.0659452654295396,-0.06171741879062152
365,DES16S1agd,i,7,30,False,187,0.9536743672914098,-0.015011046033575509
365,DES16S1agd,i,30,180,False,491,0.9541383745273474,-0.0035508216766976697
365,DES16S1agd,i,180,,False,998,0.952306807537017,0.008428629648783829
365,DES16S1agd,z,0.5,7,False,33,0.9004389003199448,0.07604092405104784
365,DES16S1agd,z,7,30,False,177,1.0617361805961554,0.066442739135565
365,DES16S1agd,z,30,180,False,454,1.0163761798953335,0.007165584283147828
365,DES16S1agd,z,180,,False,932,1.0683070980994802,-0.021634664027672862
365,DES16S1bno,g,0.5,7,False,33,1.0680995432332225,-0.1419320077813145
365,DES16S1bno,g,7,30,False,172,0.7653315623583183,0.06413802826628796
365,DES16S1bno,g,30,180,False,427,0.8978754002983405,0.006818282962309
365,DES16S1bno,g,180,,False,1021,0.8448716857183951,-0.0011464872078615531
365,DES16S1bno,r,0.5,7,False,38,0.8106530931810587,-0.10331766404522714
365,DES16S1bno,r,7,30,False,195,0.8190420700062048,-0.024374967757457587
365,DES16S1bno,r,30,180,False,494,0.692283908455579,0.02177503329787229
365,DES16S1bno,r,180,,False,1103,0.6785537800060591,0.003631034171297276
365,DES16S1bno,i,0.5,7,False,37,1.0250815190769178,-0.15019666064279305
365,DES16S1bno,i,7,30,False,197,0.8762343771775836,-0.019487713826049424
365,DES16S1bno,i,30,180,False,497,0.8220296288491495,0.020452710076534843
365,DES16S1bno,i,180,,False,1160,0.8130708848505555,0.008718751583675136
365,DES16S1bno,z,0.5,7,False,35,0.9412019974502481,-0.015947927439102495
365,DES16S1bno,z,7,30,False,187,0.7722866468362659,0.14117088814244164
365,DES16S1bno,z,30,180,False,460,0.8366188359701437,0.0901083446497322
365,DES16S1bno,z,180,,False,1088,0.9478153692194695,-0.06053256359487332
365,DES16S2afz,g,0.5,7,False,40,1.0315244705841096,0.16177221891860413
365,DES16S2afz,g,7,30,False,188,0.9826871213143283,0.004414814660954533
365,DES16S2afz,g,30,180,False,465,1.2226843623216042,0.004277162215148736
365,DES16S2afz,g,180,,False,1018,1.0319650874373716,-0.013907773467639207
365,DES16S2afz,r,0.5,7,False,39,1.0371917939716018,0.08316180476407332
365,DES16S2afz,r,7,30,False,183,0.9309242728600869,0.021429533329657684
365,DES16S2afz,r,30,180,False,469,0.886465181148405,0.10549335563017324
365,DES16S2afz,r,180,,False,1020,1.0547316557547146,-0.057214302196303926
365,DES16S2afz,i,0.5,7,False,40,0.9051052586147316,0.032178014514429254
365,DES16S2afz,i,7,30,False,184,0.7303161293808287,0.004215862086984672
365,DES16S2afz,i,30,180,False,469,0.7855388275588671,-0.02143997583854799
365,DES16S2afz,i,180,,False,1018,0.7790471415638819,0.0208712009580801
365,DES16S2afz,z,0.5,7,False,40,1.2359995966584967,-0.05136965805546635
365,DES16S2afz,z,7,30,False,188,1.078069158395544,0.03953680911878287
365,DES16S2afz,z,30,180,False,465,1.3145810234330484,-0.0030482554230854106
365,DES16S2afz,z,180,,False,1018,1.0956962723766888,-0.008380836943590248
365,DES16X3cry,g,0.5,7,False,21,1.448806135434278,-0.13504540354770128
365,DES16X3cry,g,7,30,False,145,1.2374126157320449,0.003900273190273898
365,DES16X3cry,g,30,180,False,332,1.186079478284516,-0.022869913474000466
365,DES16X3cry,g,180,,False,987,1.0807736365192961,0.005137736125811099
365,DES16X3cry,r,0.5,7,False,26,0.8579758423277796,-0.037365643020470074
365,DES16X3cry,r,7,30,False,151,1.407020844352439,-0.031746194274577984
365,DES16X3cry,r,30,180,False,309,1.472459613395704,0.02731853241928927
365,DES16X3cry,r,180,,False,999,1.385635245884488,-0.014487696363011077
365,DES16X3cry,i,0.5,7,False,25,0.9025403922889478,0.11158980706482721
365,DES16X3cry,i,7,30,False,145,0.6831193481175427,0.24079295942612328
365,DES16X3cry,i,30,180,False,321,0.9004375252329654,0.07173349570495849
365,DES16X3cry,i,180,,False,994,0.966564714695247,-0.06262808882688188
365,DES16X3cry,z,0.5,7,False,32,1.0929454141892663,-0.004486789886821302
365,DES16X3cry,z,7,30,False,174,0.8970052614924401,0.15644919538121446
365,DES16X3cry,z,30,180,False,401,0.9467242656577513,0.04771135149909034
365,DES16X3cry,z,180,,False,1163,1.116831968393407,-0.03610104253938347
365,DES16X3zd,g,0.5,7,False,17,1.158257078259142,-0.147510558580898
365,DES16X3zd,g,7,30,False,119,1.0904390813457532,0.01418024660512795
365,DES16X3zd,g,30,180,False,294,1.0015324380612578,0.019153697549996566
365,DES16X3zd,g,180,,False,651,0.9545585476612076,-0.01314130116011128
365,DES16X3zd,r,0.5,7,False,18,1.308628232455768,0.42125070782656127
365,DES16X3zd,r,7,30,False,111,1.0876730991520709,0.39331908349785233
365,DES16X3zd,r,30,180,False,262,1.3644137970467047,0.024848870307211612
365,DES16X3zd,r,180,,False,599,1.6670108131806165,-0.11283435815022562
365,DES16X3zd,i,0.5,7,False,19,0.7733209900534547,0.24395388648474822
365,DES16X3zd,i,7,30,False,113,0.8262603775703486,0.12126241579815734
365,DES16X3zd,i,30,180,False,278,0.8736686093977238,0.0728495340584941
365,DES16X3zd,i,180,,False,625,1.046716129089641,-0.047801501665035655
365,DES16X3zd,z,0.5,7,False,26,2.2197076228822437,0.33374470247236576
365,DES16X3zd,z,7,30,False,143,1.5463794815593535,0.6978227489189869
365,DES16X3zd,z,30,180,False,366,1.3370310115386244,0.7474301279434173
365,DES16X3zd,z,180,,False,740,2.3647796053098205,-0.5395557752621599
