source_line,block_ordinal,exposure_id,band,mjd,truth_rest_phase,keep,reason
3306,1,0,J,57715.630,5.388312939559375,True,supported metadata cadence
3307,2,1,J,57722.037,9.797810503254908,True,supported metadata cadence
3308,3,2,J,57730.251,15.450941920173767,True,supported metadata cadence
3309,4,3,H,57715.627,5.386248245837236,True,supported metadata cadence
3310,5,4,H,57722.034,9.79574580953277,True,supported metadata cadence
3311,6,5,H,57730.248,15.448877226451629,True,supported metadata cadence
3312,7,6,g,56534.154,-807.7403812332731,False,outside prospective truth phase window
3313,8,7,g,56534.185,-807.7190460647927,False,outside prospective truth phase window
3314,9,8,g,56538.147,-804.9922738863376,False,outside prospective truth phase window
3315,10,9,g,56538.161,-804.9826386489559,False,outside prospective truth phase window
3316,11,10,g,56547.081,-798.8436159756047,False,outside prospective truth phase window
3317,12,11,g,56547.094,-798.8346689694671,False,outside prospective truth phase window
3318,13,12,g,56557.069,-791.9695623364261,False,outside prospective truth phase window
3319,14,13,g,56558.052,-791.2930310261227,False,outside prospective truth phase window
3320,15,14,g,56563.037,-787.8621982877122,False,outside prospective truth phase window
3321,16,15,g,56563.050,-787.8532512815697,False,outside prospective truth phase window
3322,17,16,g,56567.068,-785.0879381535979,False,outside prospective truth phase window
3323,18,17,g,56567.082,-785.0783029162162,False,outside prospective truth phase window
3324,19,18,g,56575.014,-779.6192527093737,False,outside prospective truth phase window
3325,20,19,g,56578.999,-776.8766512123656,False,outside prospective truth phase window
3326,21,20,g,56579.013,-776.8670159749889,False,outside prospective truth phase window
3327,22,21,g,56590.025,-769.2882135446109,False,outside prospective truth phase window
3328,23,22,g,56594.012,-766.5442355851196,False,outside prospective truth phase window
3329,24,23,g,56606.023,-758.2778901445785,False,outside prospective truth phase window
3330,25,24,g,56606.036,-758.2689431384408,False,outside prospective truth phase window
3331,26,25,g,56609.040,-756.201496489253,False,outside prospective truth phase window
3332,27,26,g,56615.068,-752.0528385660514,False,outside prospective truth phase window
3333,28,27,g,56615.081,-752.0438915599137,False,outside prospective truth phase window
3334,29,28,g,56625.148,-745.1154676526654,False,outside prospective truth phase window
3335,30,29,g,56625.162,-745.1058324152888,False,outside prospective truth phase window
3336,31,30,g,56628.034,-743.1292322899651,False,outside prospective truth phase window
3337,32,31,g,56635.083,-738.2778902692863,False,outside prospective truth phase window
3338,33,32,g,56642.041,-733.4891772915757,False,outside prospective truth phase window
3339,34,33,g,56645.108,-731.378372074178,False,outside prospective truth phase window
3340,35,34,g,56645.121,-731.3694250680403,False,outside prospective truth phase window
3341,36,35,g,56649.051,-728.6646762893097,False,outside prospective truth phase window
3342,37,36,g,56656.047,-723.8498105244254,False,outside prospective truth phase window
3343,38,37,g,56687.053,-702.5105126533523,False,outside prospective truth phase window
3344,39,38,g,56690.051,-700.4471953916137,False,outside prospective truth phase window
3345,40,39,g,56695.031,-697.0198038094036,False,outside prospective truth phase window
3346,41,40,g,56697.051,-695.6295767017632,False,outside prospective truth phase window
3347,42,41,g,56885.209,-566.1333627810615,False,outside prospective truth phase window
3348,43,42,g,56887.211,-564.7555238357639,False,outside prospective truth phase window
3349,44,43,g,56890.218,-562.686012492854,False,outside prospective truth phase window
3350,45,44,g,56903.107,-553.8154000223544,False,outside prospective truth phase window
3351,46,45,g,56903.120,-553.8064530162168,False,outside prospective truth phase window
3352,47,46,g,56912.096,-547.6288893933489,False,outside prospective truth phase window
3353,48,47,g,56920.061,-542.1471275555378,False,outside prospective truth phase window
3354,49,48,g,56925.158,-538.6392129180841,False,outside prospective truth phase window
3355,50,49,g,56953.031,-519.4561435263411,False,outside prospective truth phase window
3356,51,50,g,56957.005,-516.7211125729924,False,outside prospective truth phase window
3357,52,51,g,56960.171,-514.5421724626939,False,outside prospective truth phase window
3358,53,52,g,56990.042,-493.9840170506194,False,outside prospective truth phase window
3359,54,53,g,56991.108,-493.25036254728,False,outside prospective truth phase window
3360,55,54,g,56992.033,-492.61374864897635,False,outside prospective truth phase window
3361,56,55,g,57011.042,-479.5311609810678,False,outside prospective truth phase window
3362,57,56,g,57017.074,-475.37975013289997,False,outside prospective truth phase window
3363,58,57,g,57025.043,-469.89523537012764,False,outside prospective truth phase window
3364,59,58,g,57025.057,-469.885600132746,False,outside prospective truth phase window
3365,60,59,g,57042.088,-458.1643338603378,False,outside prospective truth phase window
3366,61,60,g,57044.044,-456.81815355214644,False,outside prospective truth phase window
3367,62,61,g,57051.036,-452.0060407122283,False,outside prospective truth phase window
3368,63,62,g,57235.177,-325.27445168825926,False,outside prospective truth phase window
3369,64,63,g,57235.191,-325.2648164508826,False,outside prospective truth phase window
3370,65,64,g,57248.373,-316.1925522266522,False,outside prospective truth phase window
3371,66,65,g,57248.403,-316.17190528941074,False,outside prospective truth phase window
3372,67,66,g,57252.215,-313.54836779716777,False,outside prospective truth phase window
3373,68,67,g,57252.229,-313.53873255978607,False,outside prospective truth phase window
3374,69,68,g,57256.222,-310.79062521284555,False,outside prospective truth phase window
3375,70,69,g,57257.212,-310.1092762838538,False,outside prospective truth phase window
3376,71,70,g,57257.225,-310.1003292777162,False,outside prospective truth phase window
3377,72,71,g,57265.209,-304.6054910463182,False,outside prospective truth phase window
3378,73,72,g,57265.223,-304.5958558089415,False,outside prospective truth phase window
3379,74,73,g,57273.093,-299.1794759390649,False,outside prospective truth phase window
3380,75,74,g,57277.084,-296.43274505460744,False,outside prospective truth phase window
3381,76,75,g,57278.185,-295.67500245782145,False,outside prospective truth phase window
3382,77,76,g,57283.091,-292.2985399874758,False,outside prospective truth phase window
3383,78,77,g,57287.056,-289.5697031152986,False,outside prospective truth phase window
3384,79,78,g,57290.062,-287.5008800036276,False,outside prospective truth phase window
3385,80,79,g,57297.030,-282.7052847135016,False,outside prospective truth phase window
3386,81,80,g,57301.033,-279.9502950541456,False,outside prospective truth phase window
3387,82,81,g,57301.046,-279.94134804800797,False,outside prospective truth phase window
3388,83,82,g,57316.006,-269.6454086765566,False,outside prospective truth phase window
3389,84,83,g,57325.008,-263.4499510414085,False,outside prospective truth phase window
3390,85,84,g,57325.023,-263.4396275727878,False,outside prospective truth phase window
3391,86,85,g,57329.015,-260.69220845709134,False,outside prospective truth phase window
3392,87,86,g,57334.188,-257.13198824529,False,outside prospective truth phase window
3393,88,87,g,57334.224,-257.10721192059935,False,outside prospective truth phase window
3394,89,88,g,57342.021,-251.74107293134819,False,outside prospective truth phase window
3395,90,89,g,57347.076,-248.26206400603448,False,outside prospective truth phase window
3396,91,90,g,57356.120,-242.03770065874642,False,outside prospective truth phase window
3397,92,91,g,57365.036,-235.90143091036143,False,outside prospective truth phase window
3398,93,92,g,57366.039,-235.21113497523206,False,outside prospective truth phase window
3399,94,93,g,57376.040,-228.32813432991583,False,outside prospective truth phase window
3400,95,94,g,57385.092,-222.0982651327004,False,outside prospective truth phase window
3401,96,95,g,57386.042,-221.44444545336054,False,outside prospective truth phase window
3402,97,96,g,57389.057,-219.36942826051816,False,outside prospective truth phase window
3403,98,97,g,57394.057,-215.92827205348206,False,outside prospective truth phase window
3404,99,98,g,57396.044,-214.56075657680526,False,outside prospective truth phase window
3405,100,99,g,57400.101,-211.76860243041568,False,outside prospective truth phase window
3406,101,100,g,57403.045,-209.74244965571566,False,outside prospective truth phase window
3407,102,101,g,57614.208,-64.4134760264427,False,outside prospective truth phase window
3408,103,102,g,57614.221,-64.40452902030509,False,outside prospective truth phase window
3409,104,103,g,57623.208,-58.21939485377773,False,outside prospective truth phase window
3410,105,104,g,57623.222,-58.20975961639606,False,outside prospective truth phase window
3411,106,105,g,57627.363,-55.35979404573153,False,outside prospective truth phase window
3412,107,106,g,57629.227,-54.07693101174751,False,outside prospective truth phase window
3413,108,107,g,57633.212,-51.334329514739345,False,outside prospective truth phase window
3414,109,108,g,57633.225,-51.32538250860173,False,outside prospective truth phase window
3415,110,109,g,57637.204,-48.58691039904284,False,outside prospective truth phase window
3416,111,110,g,57637.217,-48.57796339290523,False,outside prospective truth phase window
3417,112,111,g,57638.094,-47.97438459419082,False,outside prospective truth phase window
3418,113,112,g,57641.090,-45.91244379493535,False,outside prospective truth phase window
3419,114,113,g,57653.054,-37.67844522273942,False,outside prospective truth phase window
3420,115,114,g,57657.208,-34.81953264593227,False,outside prospective truth phase window
3421,116,115,g,57661.066,-32.1643365165831,False,outside prospective truth phase window
3422,117,116,g,57662.239,-31.357041270410708,False,outside prospective truth phase window
3423,118,117,g,57666.035,-28.74451547802746,False,outside prospective truth phase window
3424,119,118,g,57670.994,-25.331576751892303,False,outside prospective truth phase window
3425,120,119,g,57680.003,-19.131301498055908,False,outside prospective truth phase window
3426,121,120,g,57680.016,-19.12235449191329,False,outside prospective truth phase window
3427,122,121,g,57681.001,-18.444446719131783,False,outside prospective truth phase window
3428,123,122,g,57682.003,-17.75483901524147,False,outside prospective truth phase window
3429,124,123,g,57682.016,-17.74589200909885,False,outside prospective truth phase window
3430,125,124,g,57686.007,-14.999161124646402,True,supported metadata cadence
3431,126,125,g,57686.020,-14.990214118508788,True,supported metadata cadence
3432,127,126,g,57694.011,-9.490558268422458,True,supported metadata cadence
3433,128,127,g,57694.025,-9.480923031040794,True,supported metadata cadence
3434,129,128,g,57701.026,-4.662616109951215,True,supported metadata cadence
3435,130,129,g,57701.039,-4.653669103813602,True,supported metadata cadence
3436,131,130,g,57708.050,0.17152012969645844,True,supported metadata cadence
3437,132,131,g,57708.063,0.18046713583407129,True,supported metadata cadence
3438,133,132,g,57714.044,4.29677819069049,True,supported metadata cadence
3439,134,133,g,57714.057,4.305725196828102,True,supported metadata cadence
3440,135,134,g,57718.028,7.038691456454608,True,supported metadata cadence
3441,136,135,g,57718.042,7.048326693836272,True,supported metadata cadence
3442,137,136,g,57719.029,7.727610929105879,True,supported metadata cadence
3443,138,137,g,57719.045,7.73862262896563,True,supported metadata cadence
3444,139,138,g,57723.116,10.540412012736864,True,supported metadata cadence
3445,140,139,g,57723.130,10.55004725011352,True,supported metadata cadence
3446,141,140,g,57730.039,15.305036896995757,True,supported metadata cadence
3447,142,141,g,57730.053,15.314672134377421,True,supported metadata cadence
3448,143,142,g,57740.044,22.19079046727819,True,supported metadata cadence
3449,144,143,g,57740.057,22.199737473415805,True,supported metadata cadence
3450,145,144,g,57747.043,27.007720925884676,True,supported metadata cadence
3451,146,145,g,57747.057,27.01735616326634,True,supported metadata cadence
3452,147,146,g,57751.058,29.77096936013426,True,supported metadata cadence
3453,148,147,g,57752.059,30.45988883278553,True,supported metadata cadence
3454,149,148,g,57759.063,35.28026044760225,True,supported metadata cadence
3455,150,149,g,57760.050,35.959544682871865,True,supported metadata cadence
3456,151,150,g,57773.046,44.90379789619952,True,supported metadata cadence
3457,152,151,g,57781.037,50.403453746280846,False,outside prospective truth phase window
3458,153,152,g,57981.217,188.1735836511782,False,outside prospective truth phase window
3459,154,153,g,57985.214,190.92444392308494,False,outside prospective truth phase window
3460,155,154,g,57985.238,190.94096147287706,False,outside prospective truth phase window
3461,156,155,g,57990.231,194.37730006122484,False,outside prospective truth phase window
3462,157,156,g,57990.244,194.38624706736246,False,outside prospective truth phase window
3463,158,157,g,57994.303,197.17977767623512,False,outside prospective truth phase window
3464,159,158,g,57994.316,197.18872468237274,False,outside prospective truth phase window
3465,160,159,g,58007.099,205.98638464128334,False,outside prospective truth phase window
3466,161,160,g,58014.064,210.77991523768222,False,outside prospective truth phase window
3467,162,161,g,58021.047,215.58583399642896,False,outside prospective truth phase window
3468,163,162,g,58021.060,215.59478100256658,False,outside prospective truth phase window
3469,164,163,g,58036.006,225.8810851366413,False,outside prospective truth phase window
3470,165,164,g,58036.019,225.89003214277892,False,outside prospective truth phase window
3471,166,165,g,58040.034,228.6532805770285,False,outside prospective truth phase window
3472,167,166,g,58045.002,232.07241338434008,False,outside prospective truth phase window
3473,168,167,g,58045.016,232.08204862172175,False,outside prospective truth phase window
3474,169,168,g,58052.005,236.89209676791276,False,outside prospective truth phase window
3475,170,169,g,58052.019,236.90173200529443,False,outside prospective truth phase window
3476,171,170,g,58057.013,240.33875882488124,False,outside prospective truth phase window
3477,172,171,g,58057.027,240.3483940622629,False,outside prospective truth phase window
3478,173,172,g,58064.014,245.15706574597584,False,outside prospective truth phase window
3479,174,173,g,58064.027,245.16601275211343,False,outside prospective truth phase window
3480,175,174,r,56538.163,-804.9812621864728,False,outside prospective truth phase window
3481,176,175,r,56547.083,-798.8422395131216,False,outside prospective truth phase window
3482,177,176,r,56551.080,-796.0913792412149,False,outside prospective truth phase window
3483,178,177,r,56557.071,-791.968185873943,False,outside prospective truth phase window
3484,179,178,r,56579.001,-776.8752747498875,False,outside prospective truth phase window
3485,180,179,r,56590.013,-769.2964723195095,False,outside prospective truth phase window
3486,181,180,r,56590.027,-769.2868370821278,False,outside prospective truth phase window
3487,182,181,r,56606.039,-758.2668784447187,False,outside prospective truth phase window
3488,183,182,r,56628.036,-743.127855827482,False,outside prospective truth phase window
3489,184,183,r,56628.050,-743.1182205901003,False,outside prospective truth phase window
3490,185,184,r,56635.086,-738.2758255755591,False,outside prospective truth phase window
3491,186,185,r,56635.099,-738.2668785694216,False,outside prospective truth phase window
3492,187,186,r,56642.057,-733.478165591711,False,outside prospective truth phase window
3493,188,187,r,56645.124,-731.3673603743132,False,outside prospective truth phase window
3494,189,188,r,56650.051,-727.9764450479025,False,outside prospective truth phase window
3495,190,189,r,56667.048,-716.2785786377019,False,outside prospective truth phase window
3496,191,190,r,56675.060,-710.7644699315506,False,outside prospective truth phase window
3497,192,191,r,56675.074,-710.754834694169,False,outside prospective truth phase window
3498,193,192,r,56682.069,-705.9406571605236,False,outside prospective truth phase window
3499,194,193,r,56697.054,-695.6275120080411,False,outside prospective truth phase window
3500,195,194,r,56877.181,-571.6584831870827,False,outside prospective truth phase window
3501,196,195,r,56887.213,-564.754147373281,False,outside prospective truth phase window
3502,197,196,r,56891.380,-561.8862877903412,False,outside prospective truth phase window
3503,198,197,r,56903.109,-553.8140235598763,False,outside prospective truth phase window
3504,199,198,r,56912.085,-547.6364599370035,False,outside prospective truth phase window
3505,200,199,r,56912.098,-547.6275129308658,False,outside prospective truth phase window
3506,201,200,r,56916.074,-544.891105515029,False,outside prospective truth phase window
3507,202,201,r,56925.160,-538.637836455601,False,outside prospective truth phase window
3508,203,202,r,56930.116,-535.2269624231881,False,outside prospective truth phase window
3509,204,203,r,56934.341,-532.3191854282435,False,outside prospective truth phase window
3510,205,204,r,56943.007,-526.3549734902103,False,outside prospective truth phase window
3511,206,205,r,56949.030,-522.2097567232139,False,outside prospective truth phase window
3512,207,206,r,56953.033,-519.454767063858,False,outside prospective truth phase window
3513,208,207,r,56956.010,-517.4059026581893,False,outside prospective truth phase window
3514,209,208,r,56961.011,-513.9640582199143,False,outside prospective truth phase window
3515,210,209,r,56973.023,-505.697024548129,False,outside prospective truth phase window
3516,211,210,r,56973.116,-505.63301904267763,False,outside prospective truth phase window
3517,212,211,r,56980.026,-500.87734116455636,False,outside prospective truth phase window
3518,213,212,r,56980.040,-500.86770592717465,False,outside prospective truth phase window
3519,214,213,r,56990.031,-493.9915875942739,False,outside prospective truth phase window
3520,215,214,r,56992.035,-492.61237218649325,False,outside prospective truth phase window
3521,216,215,r,57002.039,-485.7273068474599,False,outside prospective truth phase window
3522,217,216,r,57002.052,-485.7183598413173,False,outside prospective truth phase window
3523,218,217,r,57011.045,-479.5290962873456,False,outside prospective truth phase window
3524,219,218,r,57011.058,-479.52014928120803,False,outside prospective truth phase window
3525,220,219,r,57016.107,-476.0452697433386,False,outside prospective truth phase window
3526,221,220,r,57025.046,-469.89317067640053,False,outside prospective truth phase window
3527,222,221,r,57030.046,-466.4520144693644,False,outside prospective truth phase window
3528,223,222,r,57030.093,-466.41966760101917,False,outside prospective truth phase window
3529,224,223,r,57037.063,-461.6226958484101,False,outside prospective truth phase window
3530,225,224,r,57037.076,-461.61374884227246,False,outside prospective truth phase window
3531,226,225,r,57042.091,-458.16226916661566,False,outside prospective truth phase window
3532,227,226,r,57049.044,-453.37699734511034,False,outside prospective truth phase window
3533,228,227,r,57235.193,-325.2634399883995,False,outside prospective truth phase window
3534,229,228,r,57248.375,-316.1911757641691,False,outside prospective truth phase window
3535,230,229,r,57252.231,-313.537356097303,False,outside prospective truth phase window
3536,231,230,r,57256.211,-310.79819575650004,False,outside prospective truth phase window
3537,232,231,r,57256.225,-310.7885605191234,False,outside prospective truth phase window
3538,233,232,r,57257.214,-310.1078998213707,False,outside prospective truth phase window
3539,234,233,r,57265.225,-304.59447934645846,False,outside prospective truth phase window
3540,235,234,r,57273.096,-299.1774112453428,False,outside prospective truth phase window
3541,236,235,r,57273.316,-299.0260003722324,False,outside prospective truth phase window
3542,237,236,r,57277.086,-296.4313685921244,False,outside prospective truth phase window
3543,238,237,r,57278.188,-295.67293776409434,False,outside prospective truth phase window
3544,239,238,r,57283.094,-292.29647529375364,False,outside prospective truth phase window
3545,240,239,r,57283.131,-292.2710107378189,False,outside prospective truth phase window
3546,241,240,r,57287.072,-289.5586914154338,False,outside prospective truth phase window
3547,242,241,r,57288.068,-288.8732130989928,False,outside prospective truth phase window
3548,243,242,r,57290.051,-287.50845054728217,False,outside prospective truth phase window
3549,244,243,r,57291.081,-286.7995723686335,False,outside prospective truth phase window
3550,245,244,r,57297.032,-282.7039082510185,False,outside prospective truth phase window
3551,246,245,r,57301.049,-279.93928335428586,False,outside prospective truth phase window
3552,247,246,r,57325.012,-263.44719811644234,False,outside prospective truth phase window
3553,248,247,r,57329.017,-260.69083199460823,False,outside prospective truth phase window
3554,249,248,r,57329.031,-260.68119675722653,False,outside prospective truth phase window
3555,250,249,r,57334.190,-257.13061178280697,False,outside prospective truth phase window
3556,251,250,r,57339.021,-253.80576665556984,False,outside prospective truth phase window
3557,252,251,r,57340.066,-253.08656500830048,False,outside prospective truth phase window
3558,253,252,r,57342.024,-251.73900823762605,False,outside prospective truth phase window
3559,254,253,r,57344.036,-250.35428697991304,False,outside prospective truth phase window
3560,255,254,r,57355.144,-242.70941435036153,False,outside prospective truth phase window
3561,256,255,r,57356.122,-242.03632419626334,False,outside prospective truth phase window
3562,257,256,r,57365.039,-235.8993662166393,False,outside prospective truth phase window
3563,258,257,r,57366.041,-235.20975851274898,False,outside prospective truth phase window
3564,259,258,r,57372.034,-231.085188682994,False,outside prospective truth phase window
3565,260,259,r,57373.038,-230.3942045166206,False,outside prospective truth phase window
3566,261,260,r,57376.042,-228.32675786743272,False,outside prospective truth phase window
3567,262,261,r,57385.095,-222.09620043897326,False,outside prospective truth phase window
3568,263,262,r,57386.044,-221.44306899087744,False,outside prospective truth phase window
3569,264,263,r,57389.060,-219.36736356679603,False,outside prospective truth phase window
3570,265,264,r,57394.059,-215.92689559099898,False,outside prospective truth phase window
3571,266,265,r,57396.047,-214.5586918830831,False,outside prospective truth phase window
3572,267,266,r,57400.103,-211.76722596793257,False,outside prospective truth phase window
3573,268,267,r,57403.047,-209.74107319323258,False,outside prospective truth phase window
3574,269,268,r,57407.044,-206.99021292132585,False,outside prospective truth phase window
3575,270,269,r,57614.210,-64.4120995639596,False,outside prospective truth phase window
3576,271,270,r,57614.224,-64.40246432657794,False,outside prospective truth phase window
3577,272,271,r,57623.210,-58.21801839129463,False,outside prospective truth phase window
3578,273,272,r,57627.352,-55.36736458938605,False,outside prospective truth phase window
3579,274,273,r,57627.366,-55.357729352004384,False,outside prospective truth phase window
3580,275,274,r,57629.205,-54.09207209905655,False,outside prospective truth phase window
3581,276,275,r,57629.230,-54.07486631802037,False,outside prospective truth phase window
3582,277,276,r,57633.214,-51.33295305225625,False,outside prospective truth phase window
3583,278,277,r,57633.227,-51.32400604611863,False,outside prospective truth phase window
3584,279,278,r,57637.206,-48.58553393655975,False,outside prospective truth phase window
3585,280,279,r,57637.219,-48.57658693042214,False,outside prospective truth phase window
3586,281,280,r,57641.092,-45.911067332452255,False,outside prospective truth phase window
3587,282,281,r,57642.144,-45.18704806648958,False,outside prospective truth phase window
3588,283,282,r,57653.057,-37.67638052901228,False,outside prospective truth phase window
3589,284,283,r,57653.070,-37.66743352287466,False,outside prospective truth phase window
3590,285,284,r,57657.197,-34.827103189586786,False,outside prospective truth phase window
3591,286,285,r,57657.211,-34.81746795220512,False,outside prospective truth phase window
3592,287,286,r,57661.068,-32.162960054100004,False,outside prospective truth phase window
3593,288,287,r,57662.241,-31.35566480792761,False,outside prospective truth phase window
3594,289,288,r,57666.024,-28.752086021686985,False,outside prospective truth phase window
3595,290,289,r,57666.037,-28.74313901554937,False,outside prospective truth phase window
3596,291,290,r,57680.019,-19.12028979819115,False,outside prospective truth phase window
3597,292,291,r,57681.004,-18.442382025404637,False,outside prospective truth phase window
3598,293,292,r,57682.005,-17.753462552758375,False,outside prospective truth phase window
3599,294,293,r,57682.019,-17.74382731537671,False,outside prospective truth phase window
3600,295,294,r,57686.009,-14.997784662163307,True,supported metadata cadence
3601,296,295,r,57686.023,-14.988149424781643,True,supported metadata cadence
3602,297,296,r,57694.014,-9.488493574695312,True,supported metadata cadence
3603,298,297,r,57694.027,-9.4795465685577,True,supported metadata cadence
3604,299,298,r,57701.028,-4.66123964746812,True,supported metadata cadence
3605,300,299,r,57701.042,-4.651604410086456,True,supported metadata cadence
3606,301,300,r,57708.052,0.1728965921795533,True,supported metadata cadence
3607,302,301,r,57708.065,0.18184359831716615,True,supported metadata cadence
3608,303,302,r,57714.046,4.298154653173585,True,supported metadata cadence
3609,304,303,r,57714.059,4.307101659311197,True,supported metadata cadence
3610,305,304,r,57718.031,7.040756150181754,True,supported metadata cadence
3611,306,305,r,57718.044,7.049703156319367,True,supported metadata cadence
3612,307,306,r,57719.031,7.728987391588974,True,supported metadata cadence
3613,308,307,r,57719.048,7.740687322692776,True,supported metadata cadence
3614,309,308,r,57723.119,10.542476706459002,True,supported metadata cadence
3615,310,309,r,57723.132,10.551423712596614,True,supported metadata cadence
3616,311,310,r,57730.042,15.307101590722903,True,supported metadata cadence
3617,312,311,r,57730.055,15.316048596860517,True,supported metadata cadence
3618,313,312,r,57740.046,22.192166929761285,True,supported metadata cadence
3619,314,313,r,57740.059,22.2011139358989,True,supported metadata cadence
3620,315,314,r,57747.046,27.009785619611822,True,supported metadata cadence
3621,316,315,r,57747.059,27.018732625749433,True,supported metadata cadence
3622,317,316,r,57751.060,29.772345822617353,True,supported metadata cadence
3623,318,317,r,57752.061,30.461265295268625,True,supported metadata cadence
3624,319,318,r,57759.066,35.28232514132439,True,supported metadata cadence
3625,320,319,r,57760.053,35.961609376594,True,supported metadata cadence
3626,321,320,r,57772.042,44.21281372982612,True,supported metadata cadence
3627,322,321,r,57773.049,44.90586258992166,True,supported metadata cadence
3628,323,322,r,57780.039,49.716598967356724,False,outside prospective truth phase window
3629,324,323,r,57781.039,50.40483020876394,False,outside prospective truth phase window
3630,325,324,r,57981.206,188.1660131075237,False,outside prospective truth phase window
3631,326,325,r,57985.216,190.92582038556804,False,outside prospective truth phase window
3632,327,326,r,57985.241,190.94302616660423,False,outside prospective truth phase window
3633,328,327,r,57990.246,194.38762352984554,False,outside prospective truth phase window
3634,329,328,r,57994.319,197.19078937609987,False,outside prospective truth phase window
3635,330,329,r,57998.127,199.8115739433767,False,outside prospective truth phase window
3636,331,330,r,58007.088,205.97881409762883,False,outside prospective truth phase window
3637,332,331,r,58007.101,205.98776110376645,False,outside prospective truth phase window
3638,333,332,r,58014.066,210.78129170016533,False,outside prospective truth phase window
3639,334,333,r,58014.080,210.79092693754697,False,outside prospective truth phase window
3640,335,334,r,58021.063,215.5968456962937,False,outside prospective truth phase window
3641,336,335,r,58025.040,218.3339413433695,False,outside prospective truth phase window
3642,337,336,r,58036.021,225.89140860526203,False,outside prospective truth phase window
3643,338,337,r,58040.037,228.65534527075064,False,outside prospective truth phase window
3644,339,338,r,58045.005,232.07447807806224,False,outside prospective truth phase window
3645,340,339,r,58045.018,232.08342508419983,False,outside prospective truth phase window
3646,341,340,r,58052.008,236.89416146163992,False,outside prospective truth phase window
3647,342,341,r,58052.021,236.9031084677775,False,outside prospective truth phase window
3648,343,342,r,58057.016,240.3408235186084,False,outside prospective truth phase window
3649,344,343,r,58057.029,240.349770524746,False,outside prospective truth phase window
3650,345,344,r,58064.016,245.15844220845892,False,outside prospective truth phase window
3651,346,345,r,58064.030,245.1680774458356,False,outside prospective truth phase window
3652,347,346,i,56543.110,-801.5765822352312,False,outside prospective truth phase window
3653,348,347,i,56551.264,-795.9647446927952,False,outside prospective truth phase window
3654,349,348,i,56567.072,-785.0851852286318,False,outside prospective truth phase window
3655,350,349,i,56567.086,-785.0755499912501,False,outside prospective truth phase window
3656,351,350,i,56579.003,-776.8738982874044,False,outside prospective truth phase window
3657,352,351,i,56590.016,-769.2944076257824,False,outside prospective truth phase window
3658,353,352,i,56594.017,-766.5407944289144,False,outside prospective truth phase window
3659,354,353,i,56606.041,-758.2655019822356,False,outside prospective truth phase window
3660,355,354,i,56635.088,-738.274449113076,False,outside prospective truth phase window
3661,356,355,i,56635.101,-738.2655021069385,False,outside prospective truth phase window
3662,357,356,i,56642.046,-733.4857361353655,False,outside prospective truth phase window
3663,358,357,i,56642.059,-733.4767891292279,False,outside prospective truth phase window
3664,359,358,i,56645.112,-731.3756191492117,False,outside prospective truth phase window
3665,360,359,i,56645.126,-731.3659839118351,False,outside prospective truth phase window
3666,361,360,i,56657.050,-723.159514589291,False,outside prospective truth phase window
3667,362,361,i,56675.062,-710.7630934690675,False,outside prospective truth phase window
3668,363,362,i,56675.076,-710.7534582316858,False,outside prospective truth phase window
3669,364,363,i,56877.183,-571.6571067245995,False,outside prospective truth phase window
3670,365,364,i,56885.214,-566.1299216248563,False,outside prospective truth phase window
3671,366,365,i,56887.215,-564.7527709108028,False,outside prospective truth phase window
3672,367,366,i,56890.222,-562.6832595678878,False,outside prospective truth phase window
3673,368,367,i,56891.382,-561.884911327858,False,outside prospective truth phase window
3674,369,368,i,56903.111,-553.8126470973932,False,outside prospective truth phase window
3675,370,369,i,56903.125,-553.8030118600116,False,outside prospective truth phase window
3676,371,370,i,56916.076,-544.889729052546,False,outside prospective truth phase window
3677,372,371,i,56916.093,-544.8780291214422,False,outside prospective truth phase window
3678,373,372,i,56920.066,-542.1436863993326,False,outside prospective truth phase window
3679,374,373,i,56925.162,-538.636459993123,False,outside prospective truth phase window
3680,375,374,i,56930.118,-535.225585960705,False,outside prospective truth phase window
3681,376,375,i,56930.132,-535.2159507233283,False,outside prospective truth phase window
3682,377,376,i,56943.022,-526.3446500215896,False,outside prospective truth phase window
3683,378,377,i,56953.038,-519.4513259076526,False,outside prospective truth phase window
3684,379,378,i,56957.010,-516.7176714167821,False,outside prospective truth phase window
3685,380,379,i,56961.013,-513.9626817574311,False,outside prospective truth phase window
3686,381,380,i,56973.025,-505.6956480856459,False,outside prospective truth phase window
3687,382,381,i,56973.118,-505.6316425801945,False,outside prospective truth phase window
3688,383,382,i,56980.028,-500.87596470207325,False,outside prospective truth phase window
3689,384,383,i,56987.033,-496.05490485601246,False,outside prospective truth phase window
3690,385,384,i,56990.047,-493.98057589441413,False,outside prospective truth phase window
3691,386,385,i,56991.099,-493.25655662845145,False,outside prospective truth phase window
3692,387,386,i,57002.041,-485.7259303849768,False,outside prospective truth phase window
3693,388,387,i,57011.047,-479.5277198248625,False,outside prospective truth phase window
3694,389,388,i,57011.060,-479.5187728187249,False,outside prospective truth phase window
3695,390,389,i,57016.109,-476.0438932808605,False,outside prospective truth phase window
3696,391,390,i,57017.078,-475.37699720793375,False,outside prospective truth phase window
3697,392,391,i,57025.048,-469.8917942139174,False,outside prospective truth phase window
3698,393,392,i,57030.048,-466.4506380068813,False,outside prospective truth phase window
3699,394,393,i,57042.093,-458.16089270413255,False,outside prospective truth phase window
3700,395,394,i,57044.049,-456.8147123959412,False,outside prospective truth phase window
3701,396,395,i,57049.046,-453.37562088262723,False,outside prospective truth phase window
3702,397,396,i,57051.040,-452.0032877872621,False,outside prospective truth phase window
3703,398,397,i,57235.195,-325.2620635259164,False,outside prospective truth phase window
3704,399,398,i,57248.408,-316.16846413320053,False,outside prospective truth phase window
3705,400,399,i,57252.220,-313.5449266409575,False,outside prospective truth phase window
3706,401,400,i,57252.233,-313.5359796348199,False,outside prospective truth phase window
3707,402,401,i,57256.213,-310.796819294017,False,outside prospective truth phase window
3708,403,402,i,57257.216,-310.1065233588876,False,outside prospective truth phase window
3709,404,403,i,57265.214,-304.60204989011294,False,outside prospective truth phase window
3710,405,404,i,57265.227,-304.59310288397535,False,outside prospective truth phase window
3711,406,405,i,57273.098,-299.1760347828597,False,outside prospective truth phase window
3712,407,406,i,57273.318,-299.02462390974927,False,outside prospective truth phase window
3713,408,407,i,57277.088,-296.4299921296413,False,outside prospective truth phase window
3714,409,408,i,57278.190,-295.67156130161123,False,outside prospective truth phase window
3715,410,409,i,57281.077,-293.6846377076719,False,outside prospective truth phase window
3716,411,410,i,57283.096,-292.2950988312706,False,outside prospective truth phase window
3717,412,411,i,57283.133,-292.2696342753358,False,outside prospective truth phase window
3718,413,412,i,57287.074,-289.5573149529507,False,outside prospective truth phase window
3719,414,413,i,57288.057,-288.8807836426473,False,outside prospective truth phase window
3720,415,414,i,57288.070,-288.8718366365097,False,outside prospective truth phase window
3721,416,415,i,57290.067,-287.4974388474174,False,outside prospective truth phase window
3722,417,416,i,57297.034,-282.70253178853545,False,outside prospective truth phase window
3723,418,417,i,57301.037,-279.9475421291844,False,outside prospective truth phase window
3724,419,418,i,57311.011,-273.08312372738743,False,outside prospective truth phase window
3725,420,419,i,57311.025,-273.0734884900058,False,outside prospective truth phase window
3726,421,420,i,57315.154,-270.2317816942348,False,outside prospective truth phase window
3727,422,421,i,57316.010,-269.6426557515904,False,outside prospective truth phase window
3728,423,422,i,57325.014,-263.44582165395923,False,outside prospective truth phase window
3729,424,423,i,57334.192,-257.12923532032386,False,outside prospective truth phase window
3730,425,424,i,57334.228,-257.10445899563314,False,outside prospective truth phase window
3731,426,425,i,57339.023,-253.80439019308673,False,outside prospective truth phase window
3732,427,426,i,57342.026,-251.73763177514294,False,outside prospective truth phase window
3733,428,427,i,57344.038,-250.35291051742993,False,outside prospective truth phase window
3734,429,428,i,57347.081,-248.25862284982924,False,outside prospective truth phase window
3735,430,429,i,57355.146,-242.70803788787842,False,outside prospective truth phase window
3736,431,430,i,57356.125,-242.0342595025412,False,outside prospective truth phase window
3737,432,431,i,57365.041,-235.89798975415619,False,outside prospective truth phase window
3738,433,432,i,57366.043,-235.20838205026587,False,outside prospective truth phase window
3739,434,433,i,57372.036,-231.08381222051088,False,outside prospective truth phase window
3740,435,434,i,57373.040,-230.39282805413748,False,outside prospective truth phase window
3741,436,435,i,57385.097,-222.09482397649015,False,outside prospective truth phase window
3742,437,436,i,57400.105,-211.7658495054495,False,outside prospective truth phase window
3743,438,437,i,57403.049,-209.73969673074947,False,outside prospective truth phase window
3744,439,438,i,57407.046,-206.98883645884274,False,outside prospective truth phase window
3745,440,439,i,57614.212,-64.4107231014765,False,outside prospective truth phase window
3746,441,440,i,57614.226,-64.40108786409485,False,outside prospective truth phase window
3747,442,441,i,57623.213,-58.215953697567485,False,outside prospective truth phase window
3748,443,442,i,57623.226,-58.207006691429875,False,outside prospective truth phase window
3749,444,443,i,57627.354,-55.365988126902955,False,outside prospective truth phase window
3750,445,444,i,57627.368,-55.35635288952129,False,outside prospective truth phase window
3751,446,445,i,57629.208,-54.09000740533441,False,outside prospective truth phase window
3752,447,446,i,57629.232,-54.07348985553727,False,outside prospective truth phase window
3753,448,447,i,57633.216,-51.33157658977316,False,outside prospective truth phase window
3754,449,448,i,57633.229,-51.32262958363554,False,outside prospective truth phase window
3755,450,449,i,57637.208,-48.584157474076655,False,outside prospective truth phase window
3756,451,450,i,57638.098,-47.97163166922463,False,outside prospective truth phase window
3757,452,451,i,57641.094,-45.90969086996916,False,outside prospective truth phase window
3758,453,452,i,57642.105,-45.21388908490242,False,outside prospective truth phase window
3759,454,453,i,57642.146,-45.18567160400649,False,outside prospective truth phase window
3760,455,454,i,57645.078,-43.16777760420004,False,outside prospective truth phase window
3761,456,455,i,57645.092,-43.158142366823384,False,outside prospective truth phase window
3762,457,456,i,57653.059,-37.67500406652918,False,outside prospective truth phase window
3763,458,457,i,57653.072,-37.666057060391566,False,outside prospective truth phase window
3764,459,458,i,57657.199,-34.82572672710369,False,outside prospective truth phase window
3765,460,459,i,57657.213,-34.81609148972203,False,outside prospective truth phase window
3766,461,460,i,57661.070,-32.16158359161691,False,outside prospective truth phase window
3767,462,461,i,57662.243,-31.354288345444516,False,outside prospective truth phase window
3768,463,462,i,57666.026,-28.75070955920389,False,outside prospective truth phase window
3769,464,463,i,57666.040,-28.741074321822225,False,outside prospective truth phase window
3770,465,464,i,57670.998,-25.328823826926115,False,outside prospective truth phase window
3771,466,465,i,57671.012,-25.31918858954445,False,outside prospective truth phase window
3772,467,466,i,57680.007,-19.128548573089716,False,outside prospective truth phase window
3773,468,467,i,57680.021,-19.118913335708054,False,outside prospective truth phase window
3774,469,468,i,57681.019,-18.43205855678393,False,outside prospective truth phase window
3775,470,469,i,57682.007,-17.75208609027528,False,outside prospective truth phase window
3776,471,470,i,57682.021,-17.742450852893615,False,outside prospective truth phase window
3777,472,471,i,57686.011,-14.996408199680213,True,supported metadata cadence
3778,473,472,i,57686.025,-14.986772962298549,True,supported metadata cadence
3779,474,473,i,57694.016,-9.487117112212216,True,supported metadata cadence
3780,475,474,i,57694.029,-9.478170106074604,True,supported metadata cadence
3781,476,475,i,57701.030,-4.659863184985025,True,supported metadata cadence
3782,477,476,i,57701.044,-4.650227947603361,True,supported metadata cadence
3783,478,477,i,57708.054,0.17427305465764062,True,supported metadata cadence
3784,479,478,i,57708.067,0.183220060800261,True,supported metadata cadence
3785,480,479,i,57714.048,4.29953111565668,True,supported metadata cadence
3786,481,480,i,57714.061,4.308478121794292,True,supported metadata cadence
3787,482,481,i,57718.033,7.042132612664849,True,supported metadata cadence
3788,483,482,i,57718.046,7.051079618802461,True,supported metadata cadence
3789,484,483,i,57719.033,7.730363854072068,True,supported metadata cadence
3790,485,484,i,57719.050,7.742063785175871,True,supported metadata cadence
3791,486,485,i,57723.121,10.543853168942096,True,supported metadata cadence
3792,487,486,i,57723.134,10.55280017507971,True,supported metadata cadence
3793,488,487,i,57730.044,15.308478053205999,True,supported metadata cadence
3794,489,488,i,57730.057,15.317425059343611,True,supported metadata cadence
3795,490,489,i,57740.048,22.193543392244383,True,supported metadata cadence
3796,491,490,i,57740.061,22.202490398381993,True,supported metadata cadence
3797,492,491,i,57747.048,27.011162082094916,True,supported metadata cadence
3798,493,492,i,57747.061,27.02010908823253,True,supported metadata cadence
3799,494,493,i,57751.062,29.77372228510045,True,supported metadata cadence
3800,495,494,i,57752.064,30.463329988990765,True,supported metadata cadence
3801,496,495,i,57759.068,35.283701603807486,True,supported metadata cadence
3802,497,496,i,57760.055,35.96298583907709,True,supported metadata cadence
3803,498,497,i,57772.044,44.21419019230921,True,supported metadata cadence
3804,499,498,i,57773.051,44.907239052404755,True,supported metadata cadence
3805,500,499,i,57780.041,49.71797542983982,False,outside prospective truth phase window
3806,501,500,i,57781.041,50.406206671247034,False,outside prospective truth phase window
3807,502,501,i,57981.208,188.16738957000678,False,outside prospective truth phase window
3808,503,502,i,57981.221,188.1763365761444,False,outside prospective truth phase window
3809,504,503,i,57985.218,190.92719684805112,False,outside prospective truth phase window
3810,505,504,i,57985.243,190.9444026290873,False,outside prospective truth phase window
3811,506,505,i,57990.235,194.38005298619103,False,outside prospective truth phase window
3812,507,506,i,57990.249,194.3896882235727,False,outside prospective truth phase window
3813,508,507,i,57994.307,197.1825306012013,False,outside prospective truth phase window
3814,509,508,i,57998.115,199.80331516847812,False,outside prospective truth phase window
3815,510,509,i,57998.129,199.8129504058598,False,outside prospective truth phase window
3816,511,510,i,58007.103,205.98913756624952,False,outside prospective truth phase window
3817,512,511,i,58014.069,210.78335639389246,False,outside prospective truth phase window
3818,513,512,i,58014.082,210.79230340003008,False,outside prospective truth phase window
3819,514,513,i,58021.051,215.58858692139515,False,outside prospective truth phase window
3820,515,514,i,58021.065,215.59822215877682,False,outside prospective truth phase window
3821,516,515,i,58025.043,218.33600603709164,False,outside prospective truth phase window
3822,517,516,i,58036.010,225.8838380616075,False,outside prospective truth phase window
3823,518,517,i,58036.023,225.8927850677451,False,outside prospective truth phase window
3824,519,518,i,58040.004,228.6326336397871,False,outside prospective truth phase window
3825,520,519,i,58040.039,228.65672173323375,False,outside prospective truth phase window
3826,521,520,i,58045.007,232.07585454054532,False,outside prospective truth phase window
3827,522,521,i,58045.020,232.08480154668294,False,outside prospective truth phase window
3828,523,522,i,58052.010,236.895537924123,False,outside prospective truth phase window
3829,524,523,i,58052.023,236.90448493026062,False,outside prospective truth phase window
3830,525,524,i,58057.018,240.34219998108648,False,outside prospective truth phase window
3831,526,525,i,58057.031,240.3511469872291,False,outside prospective truth phase window
3832,527,526,i,58064.018,245.159818670937,False,outside prospective truth phase window
3833,528,527,i,58064.032,245.16945390831867,False,outside prospective truth phase window
3834,529,528,z,56534.161,-807.7355636145847,False,outside prospective truth phase window
3835,530,529,z,56538.154,-804.9874562676442,False,outside prospective truth phase window
3836,531,530,z,56543.099,-801.5841527788857,False,outside prospective truth phase window
3837,532,531,z,56543.112,-801.5752057727481,False,outside prospective truth phase window
3838,533,532,z,56547.088,-798.8387983569113,False,outside prospective truth phase window
3839,534,533,z,56551.267,-795.962679999073,False,outside prospective truth phase window
3840,535,534,z,56558.059,-791.2882134074343,False,outside prospective truth phase window
3841,536,535,z,56563.044,-787.8573806690189,False,outside prospective truth phase window
3842,537,536,z,56563.057,-787.8484336628813,False,outside prospective truth phase window
3843,538,537,z,56567.075,-785.0831205349095,False,outside prospective truth phase window
3844,539,538,z,56567.089,-785.0734852975279,False,outside prospective truth phase window
3845,540,539,z,56579.006,-776.8718335936773,False,outside prospective truth phase window
3846,541,540,z,56579.020,-776.8621983563006,False,outside prospective truth phase window
3847,542,541,z,56594.019,-766.5394179664313,False,outside prospective truth phase window
3848,543,542,z,56594.033,-766.5297827290497,False,outside prospective truth phase window
3849,544,543,z,56602.020,-761.0328798039345,False,outside prospective truth phase window
3850,545,544,z,56602.034,-761.0232445665529,False,outside prospective truth phase window
3851,546,545,z,56606.043,-758.2641255197525,False,outside prospective truth phase window
3852,547,546,z,56609.047,-756.1966788705647,False,outside prospective truth phase window
3853,548,547,z,56628.055,-743.1147794338951,False,outside prospective truth phase window
3854,549,548,z,56635.104,-738.2634374132163,False,outside prospective truth phase window
3855,550,549,z,56645.115,-731.3735544554896,False,outside prospective truth phase window
3856,551,550,z,56645.128,-731.364607449352,False,outside prospective truth phase window
3857,552,551,z,56650.056,-727.9730038916973,False,outside prospective truth phase window
3858,553,552,z,56656.054,-723.8449929057371,False,outside prospective truth phase window
3859,554,553,z,56667.053,-716.2751374814967,False,outside prospective truth phase window
3860,555,554,z,56675.078,-710.7520817692027,False,outside prospective truth phase window
3861,556,555,z,56687.060,-702.505695034664,False,outside prospective truth phase window
3862,557,556,z,56697.058,-695.6247590830749,False,outside prospective truth phase window
3863,558,557,z,56877.186,-571.6550420308723,False,outside prospective truth phase window
3864,559,558,z,56885.217,-566.1278569311341,False,outside prospective truth phase window
3865,560,559,z,56887.218,-564.7507062170756,False,outside prospective truth phase window
3866,561,560,z,56890.225,-562.6811948741657,False,outside prospective truth phase window
3867,562,561,z,56891.384,-561.8835348653749,False,outside prospective truth phase window
3868,563,562,z,56903.114,-553.8105824036661,False,outside prospective truth phase window
3869,564,563,z,56912.090,-547.6330187807982,False,outside prospective truth phase window
3870,565,564,z,56916.078,-544.8883525900629,False,outside prospective truth phase window
3871,566,565,z,56916.096,-544.8759644277201,False,outside prospective truth phase window
3872,567,566,z,56920.068,-542.1423099368495,False,outside prospective truth phase window
3873,568,567,z,56920.082,-542.1326746994679,False,outside prospective truth phase window
3874,569,568,z,56925.165,-538.6343952993958,False,outside prospective truth phase window
3875,570,569,z,56930.121,-535.2235212669829,False,outside prospective truth phase window
3876,571,570,z,56930.135,-535.2138860296011,False,outside prospective truth phase window
3877,572,571,z,56934.332,-532.3253795094149,False,outside prospective truth phase window
3878,573,572,z,56934.346,-532.3157442720383,False,outside prospective truth phase window
3879,574,573,z,56943.025,-526.3425853278625,False,outside prospective truth phase window
3880,575,574,z,56949.021,-522.2159508043853,False,outside prospective truth phase window
3881,576,575,z,56949.034,-522.2070037982478,False,outside prospective truth phase window
3882,577,576,z,56956.015,-517.4024615019841,False,outside prospective truth phase window
3883,578,577,z,56961.016,-513.9606170637039,False,outside prospective truth phase window
3884,579,578,z,56973.028,-505.69358339192377,False,outside prospective truth phase window
3885,580,579,z,56973.121,-505.62957788647236,False,outside prospective truth phase window
3886,581,580,z,56980.031,-500.8739000083461,False,outside prospective truth phase window
3887,582,581,z,56987.035,-496.05352839352935,False,outside prospective truth phase window
3888,583,582,z,56987.049,-496.0438931561527,False,outside prospective truth phase window
3889,584,583,z,56990.036,-493.98814643806867,False,outside prospective truth phase window
3890,585,584,z,56991.115,-493.2455449285917,False,outside prospective truth phase window
3891,586,585,z,56992.040,-492.60893103028803,False,outside prospective truth phase window
3892,587,586,z,56992.053,-492.59998402415044,False,outside prospective truth phase window
3893,588,587,z,57002.044,-485.72386569124967,False,outside prospective truth phase window
3894,589,588,z,57002.057,-485.714918685112,False,outside prospective truth phase window
3895,590,589,z,57011.050,-479.5256551311354,False,outside prospective truth phase window
3896,591,590,z,57011.063,-479.51670812499776,False,outside prospective truth phase window
3897,592,591,z,57016.112,-476.04182858713335,False,outside prospective truth phase window
3898,593,592,z,57017.081,-475.3749325142116,False,outside prospective truth phase window
3899,594,593,z,57030.051,-466.44857331315916,False,outside prospective truth phase window
3900,595,594,z,57030.098,-466.41622644481396,False,outside prospective truth phase window
3901,596,595,z,57037.081,-461.61030768606724,False,outside prospective truth phase window
3902,597,596,z,57042.095,-458.1595162416495,False,outside prospective truth phase window
3903,598,597,z,57044.051,-456.8133359334581,False,outside prospective truth phase window
3904,599,598,z,57049.048,-453.3742444201442,False,outside prospective truth phase window
3905,600,599,z,57051.043,-452.00122309354,False,outside prospective truth phase window
3906,601,600,z,57248.380,-316.1877346079638,False,outside prospective truth phase window
3907,602,601,z,57248.410,-316.1670876707174,False,outside prospective truth phase window
3908,603,602,z,57252.222,-313.54355017847445,False,outside prospective truth phase window
3909,604,603,z,57252.236,-313.53391494109775,False,outside prospective truth phase window
3910,605,604,z,57256.216,-310.7947546002948,False,outside prospective truth phase window
3911,606,605,z,57256.229,-310.78580759415723,False,outside prospective truth phase window
3912,607,606,z,57257.219,-310.10445866516545,False,outside prospective truth phase window
3913,608,607,z,57257.232,-310.09551165902286,False,outside prospective truth phase window
3914,609,608,z,57265.216,-304.60067342762983,False,outside prospective truth phase window
3915,610,609,z,57273.100,-299.1746583203766,False,outside prospective truth phase window
3916,611,610,z,57273.321,-299.02255921602216,False,outside prospective truth phase window
3917,612,611,z,57277.091,-296.4279274359191,False,outside prospective truth phase window
3918,613,612,z,57278.192,-295.6701848391281,False,outside prospective truth phase window
3919,614,613,z,57281.079,-293.6832612451888,False,outside prospective truth phase window
3920,615,614,z,57283.098,-292.2937223687875,False,outside prospective truth phase window
3921,616,615,z,57283.136,-292.2675695816137,False,outside prospective truth phase window
3922,617,616,z,57287.063,-289.56488549660526,False,outside prospective truth phase window
3923,618,617,z,57288.059,-288.8794071801642,False,outside prospective truth phase window
3924,619,618,z,57290.056,-287.50500939107695,False,outside prospective truth phase window
3925,620,619,z,57290.069,-287.4960623849343,False,outside prospective truth phase window
3926,621,620,z,57291.086,-286.7961312124233,False,outside prospective truth phase window
3927,622,621,z,57297.037,-282.7004670948133,False,outside prospective truth phase window
3928,623,622,z,57297.050,-282.6915200886707,False,outside prospective truth phase window
3929,624,623,z,57301.040,-279.9454774354573,False,outside prospective truth phase window
3930,625,624,z,57305.058,-277.18016430748554,False,outside prospective truth phase window
3931,626,625,z,57311.014,-273.0810590336603,False,outside prospective truth phase window
3932,627,626,z,57311.027,-273.0721120275227,False,outside prospective truth phase window
3933,628,627,z,57315.157,-270.22971700051266,False,outside prospective truth phase window
3934,629,628,z,57325.017,-263.44375696023707,False,outside prospective truth phase window
3935,630,629,z,57325.030,-263.4348099540995,False,outside prospective truth phase window
3936,631,630,z,57329.022,-260.68739083840296,False,outside prospective truth phase window
3937,632,631,z,57329.036,-260.6777556010213,False,outside prospective truth phase window
3938,633,632,z,57334.195,-257.1271706266017,False,outside prospective truth phase window
3939,634,633,z,57334.231,-257.10239430191103,False,outside prospective truth phase window
3940,635,634,z,57342.028,-251.73625531265984,False,outside prospective truth phase window
3941,636,635,z,57344.041,-250.3508458237078,False,outside prospective truth phase window
3942,637,636,z,57347.084,-248.2565581561021,False,outside prospective truth phase window
3943,638,637,z,57355.149,-242.7059731941563,False,outside prospective truth phase window
3944,639,638,z,57365.043,-235.8966132916731,False,outside prospective truth phase window
3945,640,639,z,57366.046,-235.20631735653873,False,outside prospective truth phase window
3946,641,640,z,57372.038,-231.0824357580278,False,outside prospective truth phase window
3947,642,641,z,57373.043,-230.39076336041535,False,outside prospective truth phase window
3948,643,642,z,57376.047,-228.3233167112275,False,outside prospective truth phase window
3949,644,643,z,57379.051,-226.25587006203963,False,outside prospective truth phase window
3950,645,644,z,57386.049,-221.4396278346722,False,outside prospective truth phase window
3951,646,645,z,57389.064,-219.36461064182984,False,outside prospective truth phase window
3952,647,646,z,57394.064,-215.92345443479374,False,outside prospective truth phase window
3953,648,647,z,57396.052,-214.55525072687286,False,outside prospective truth phase window
3954,649,648,z,57400.108,-211.76378481172736,False,outside prospective truth phase window
3955,650,649,z,57403.052,-209.73763203702234,False,outside prospective truth phase window
3956,651,650,z,57407.049,-206.9867717651206,False,outside prospective truth phase window
3957,652,651,z,57614.217,-64.40728194527128,False,outside prospective truth phase window
3958,653,652,z,57614.228,-64.39971140161175,False,outside prospective truth phase window
3959,654,653,z,57623.215,-58.2145772350894,False,outside prospective truth phase window
3960,655,654,z,57623.229,-58.204941997707735,False,outside prospective truth phase window
3961,656,655,z,57627.360,-55.361858739453666,False,outside prospective truth phase window
3962,657,656,z,57627.370,-55.354976427038196,False,outside prospective truth phase window
3963,658,657,z,57629.210,-54.08863094285132,False,outside prospective truth phase window
3964,659,658,z,57629.235,-54.071425161815135,False,outside prospective truth phase window
3965,660,659,z,57633.221,-51.32813543356792,False,outside prospective truth phase window
3966,661,660,z,57633.232,-51.3205648899084,False,outside prospective truth phase window
3967,662,661,z,57637.211,-48.58209278034951,False,outside prospective truth phase window
3968,663,662,z,57638.101,-47.969566975497486,False,outside prospective truth phase window
3969,664,663,z,57641.097,-45.90762617624202,False,outside prospective truth phase window
3970,665,664,z,57642.108,-45.21182439118028,False,outside prospective truth phase window
3971,666,665,z,57642.149,-45.18360691028435,False,outside prospective truth phase window
3972,667,666,z,57645.083,-43.164336447994806,False,outside prospective truth phase window
3973,668,667,z,57645.094,-43.15676590434028,False,outside prospective truth phase window
3974,669,668,z,57653.061,-37.67362760404608,False,outside prospective truth phase window
3975,670,669,z,57653.075,-37.663992366669426,False,outside prospective truth phase window
3976,671,670,z,57657.202,-34.82366203338155,False,outside prospective truth phase window
3977,672,671,z,57657.215,-34.81471502724394,False,outside prospective truth phase window
3978,673,672,z,57661.075,-32.158142435411676,False,outside prospective truth phase window
3979,674,673,z,57662.249,-31.350158957995234,False,outside prospective truth phase window
3980,675,674,z,57666.045,-28.737633165616995,False,outside prospective truth phase window
3981,676,675,z,57671.001,-25.326759133203975,False,outside prospective truth phase window
3982,677,676,z,57671.017,-25.31574743333922,False,outside prospective truth phase window
3983,678,677,z,57680.010,-19.12648387936257,False,outside prospective truth phase window
3984,679,678,z,57680.023,-19.11753687322496,False,outside prospective truth phase window
3985,680,679,z,57681.022,-18.429993863061792,False,outside prospective truth phase window
3986,681,680,z,57682.010,-17.75002139654813,False,outside prospective truth phase window
3987,682,681,z,57686.014,-14.994343505953067,True,supported metadata cadence
3988,683,682,z,57686.027,-14.985396499815453,True,supported metadata cadence
3989,684,683,z,57694.021,-9.483675956006984,True,supported metadata cadence
3990,685,684,z,57694.034,-9.474728949869371,True,supported metadata cadence
3991,686,685,z,57701.036,-4.65573379753574,True,supported metadata cadence
3992,687,686,z,57701.049,-4.646786791398128,True,supported metadata cadence
3993,688,687,z,57708.057,0.1763377483847867,True,supported metadata cadence
3994,689,688,z,57708.073,0.18734944824453803,True,supported metadata cadence
3995,690,689,z,57714.053,4.302972271861913,True,supported metadata cadence
3996,691,690,z,57714.067,4.312607509243577,True,supported metadata cadence
3997,692,691,z,57718.035,7.043509075147944,True,supported metadata cadence
3998,693,692,z,57718.051,7.0545207750076955,True,supported metadata cadence
3999,694,693,z,57719.036,7.732428547794207,True,supported metadata cadence
4000,695,694,z,57719.052,7.743440247658966,True,supported metadata cadence
4001,696,695,z,57723.123,10.545229631425192,True,supported metadata cadence
4002,697,696,z,57723.139,10.55624133128995,True,supported metadata cadence
4003,698,697,z,57730.049,15.311919209411231,True,supported metadata cadence
4004,699,698,z,57730.062,15.320866215548845,True,supported metadata cadence
4005,700,699,z,57740.051,22.19560808596652,True,supported metadata cadence
4006,701,700,z,57740.064,22.204555092104133,True,supported metadata cadence
4007,702,701,z,57747.050,27.01253854457801,True,supported metadata cadence
4008,703,702,z,57747.064,27.022173781954667,True,supported metadata cadence
4009,704,703,z,57751.068,29.777851672549733,True,supported metadata cadence
4010,705,704,z,57752.069,30.466771145201005,True,supported metadata cadence
4011,706,705,z,57759.070,35.28507806629058,True,supported metadata cadence
4012,707,706,z,57760.060,35.966426995282326,True,supported metadata cadence
4013,708,707,z,57772.049,44.217631348514445,True,supported metadata cadence
4014,709,708,z,57773.053,44.90861551488785,True,supported metadata cadence
4015,710,709,z,57780.044,49.72004012356696,False,outside prospective truth phase window
4016,711,710,z,57981.224,188.17840126987153,False,outside prospective truth phase window
4017,712,711,z,57985.221,190.9292615417733,False,outside prospective truth phase window
4018,713,712,z,57985.245,190.94577909157042,False,outside prospective truth phase window
4019,714,713,z,57990.240,194.38349414239627,False,outside prospective truth phase window
4020,715,714,z,57990.254,194.39312937977792,False,outside prospective truth phase window
4021,716,715,z,57994.310,197.18459529492344,False,outside prospective truth phase window
4022,717,716,z,57994.326,197.19560699478822,False,outside prospective truth phase window
4023,718,717,z,57998.118,199.80537986220526,False,outside prospective truth phase window
4024,719,718,z,57998.134,199.816391562065,False,outside prospective truth phase window
4025,720,719,z,58007.092,205.98156702259,False,outside prospective truth phase window
4026,721,720,z,58007.109,205.99326695369382,False,outside prospective truth phase window
4027,722,721,z,58014.071,210.78473285637557,False,outside prospective truth phase window
4028,723,722,z,58014.085,210.7943680937522,False,outside prospective truth phase window
4029,724,723,z,58021.054,215.59065161511728,False,outside prospective truth phase window
4030,725,724,z,58021.070,215.60166331498203,False,outside prospective truth phase window
4031,726,725,z,58036.015,225.88727921781273,False,outside prospective truth phase window
4032,727,726,z,58036.029,225.8969144551944,False,outside prospective truth phase window
4033,728,727,z,58040.044,228.660162889444,False,outside prospective truth phase window
4034,729,728,z,58045.009,232.07723100302843,False,outside prospective truth phase window
4035,730,729,z,58052.015,236.89897908032825,False,outside prospective truth phase window
4036,731,730,z,58052.028,236.90792608646586,False,outside prospective truth phase window
4037,732,731,z,58057.020,240.34357644356956,False,outside prospective truth phase window
4038,733,732,z,58057.036,240.35458814343434,False,outside prospective truth phase window
4039,734,733,z,58064.021,245.16188336466416,False,outside prospective truth phase window
4040,735,734,z,58064.034,245.17083037080178,False,outside prospective truth phase window
