model_and_metric,parameter,perturbation,response_per_unit_perturbation
stat_flat_LCDM,intercept_mag,dmu_dalpha,-0.05723048002623027
stat_flat_LCDM,intercept_mag,dmu_dbeta,0.022022554240618865
stat_flat_LCDM,intercept_mag,dmu_dgamma,0.1468059248338263
stat_flat_LCDM,intercept_mag,dmu_dbias_scale,0.01664249930464181
stat_flat_LCDM,intercept_mag,z_linear,-0.026843298002665623
stat_flat_LCDM,intercept_mag,MWEBV_proxy,0.03866217803836596
stat_flat_LCDM,intercept_mag,DES_indicator,0.25381745618739054
stat_flat_LCDM,Omega_m,dmu_dalpha,0.03664633962703523
stat_flat_LCDM,Omega_m,dmu_dbeta,0.008102612211244458
stat_flat_LCDM,Omega_m,dmu_dgamma,-0.0982734759492542
stat_flat_LCDM,Omega_m,dmu_dbias_scale,-0.06650948957144809
stat_flat_LCDM,Omega_m,z_linear,-0.7223957191193232
stat_flat_LCDM,Omega_m,MWEBV_proxy,0.026056324919674655
stat_flat_LCDM,Omega_m,DES_indicator,-0.9138813202536951
stat_flat_wCDM,intercept_mag,dmu_dalpha,0.002656767265283917
stat_flat_wCDM,intercept_mag,dmu_dbeta,0.040817077121754156
stat_flat_wCDM,intercept_mag,dmu_dgamma,0.2439136735159382
stat_flat_wCDM,intercept_mag,dmu_dbias_scale,0.04744941046801036
stat_flat_wCDM,intercept_mag,z_linear,0.011521430648425438
stat_flat_wCDM,intercept_mag,MWEBV_proxy,0.04857474778084473
stat_flat_wCDM,intercept_mag,DES_indicator,-0.1696736555411119
stat_flat_wCDM,Omega_m,dmu_dalpha,-0.38353142573184107
stat_flat_wCDM,Omega_m,dmu_dbeta,-0.12376253408177412
stat_flat_wCDM,Omega_m,dmu_dgamma,-0.7795957721914927
stat_flat_wCDM,Omega_m,dmu_dbias_scale,-0.2826553248813271
stat_flat_wCDM,Omega_m,z_linear,-0.9915683173312173
stat_flat_wCDM,Omega_m,MWEBV_proxy,-0.04349172732397743
stat_flat_wCDM,Omega_m,DES_indicator,2.057394819877766
stat_flat_wCDM,w0,dmu_dalpha,1.1598030397029269
stat_flat_wCDM,w0,dmu_dbeta,0.3639830807584245
stat_flat_wCDM,w0,dmu_dgamma,1.880631807169074
stat_flat_wCDM,w0,dmu_dbias_scale,0.5966203294870047
stat_flat_wCDM,w0,z_linear,0.7429883809873877
stat_flat_wCDM,w0,MWEBV_proxy,0.19197122991196783
stat_flat_wCDM,w0,DES_indicator,-8.20151703214929
stat_flat_w0waCDM,intercept_mag,dmu_dalpha,0.08060160024502326
stat_flat_w0waCDM,intercept_mag,dmu_dbeta,0.04213635705496259
stat_flat_w0waCDM,intercept_mag,dmu_dgamma,0.25156696862887395
stat_flat_w0waCDM,intercept_mag,dmu_dbias_scale,0.06376725396306959
stat_flat_w0waCDM,intercept_mag,z_linear,-0.004829499233403598
stat_flat_w0waCDM,intercept_mag,MWEBV_proxy,0.056384892008819056
stat_flat_w0waCDM,intercept_mag,DES_indicator,-0.41355615947899166
stat_flat_w0waCDM,Omega_m,dmu_dalpha,2.1135900512442634
stat_flat_w0waCDM,Omega_m,dmu_dbeta,-0.08149671440627618
stat_flat_w0waCDM,Omega_m,dmu_dgamma,-0.534406875563602
stat_flat_w0waCDM,Omega_m,dmu_dbias_scale,0.24012002650134648
stat_flat_w0waCDM,Omega_m,z_linear,-1.5154036585020545
stat_flat_w0waCDM,Omega_m,MWEBV_proxy,0.20672215016325923
stat_flat_w0waCDM,Omega_m,DES_indicator,-5.755877916241776
stat_flat_w0waCDM,w0,dmu_dalpha,-0.8343127255689513
stat_flat_w0waCDM,w0,dmu_dbeta,0.33023104341296394
stat_flat_w0waCDM,w0,dmu_dgamma,1.6848323441700337
stat_flat_w0waCDM,w0,dmu_dbias_scale,0.17914982214503744
stat_flat_w0waCDM,w0,z_linear,1.161305359903564
stat_flat_w0waCDM,w0,MWEBV_proxy,-0.007841010857078414
stat_flat_w0waCDM,w0,DES_indicator,-1.9621047788326091
stat_flat_w0waCDM,wa,dmu_dalpha,-28.240111539999134
stat_flat_w0waCDM,wa,dmu_dbeta,-0.47798694335485004
stat_flat_w0waCDM,wa,dmu_dgamma,-2.7728574092141347
stat_flat_w0waCDM,wa,dmu_dbias_scale,-5.912100940834694
stat_flat_w0waCDM,wa,z_linear,5.924088435285823
stat_flat_w0waCDM,wa,MWEBV_proxy,-2.829685249294285
stat_flat_w0waCDM,wa,DES_indicator,88.36081688250272
total_flat_LCDM,intercept_mag,dmu_dalpha,-0.008784020104195406
total_flat_LCDM,intercept_mag,dmu_dbeta,0.01675476017030671
total_flat_LCDM,intercept_mag,dmu_dgamma,0.10829437813101411
total_flat_LCDM,intercept_mag,dmu_dbias_scale,-0.017818834820270444
total_flat_LCDM,intercept_mag,z_linear,-0.027375370147770344
total_flat_LCDM,intercept_mag,MWEBV_proxy,0.036454892413243595
total_flat_LCDM,intercept_mag,DES_indicator,0.24624615566180946
total_flat_LCDM,Omega_m,dmu_dalpha,0.08021120314633651
total_flat_LCDM,Omega_m,dmu_dbeta,0.006831431101343989
total_flat_LCDM,Omega_m,dmu_dgamma,-0.10405064752669947
total_flat_LCDM,Omega_m,dmu_dbias_scale,-0.12575673703973733
total_flat_LCDM,Omega_m,z_linear,-0.7225567961465061
total_flat_LCDM,Omega_m,MWEBV_proxy,0.02244791200990174
total_flat_LCDM,Omega_m,DES_indicator,-0.937345077469609
total_flat_wCDM,intercept_mag,dmu_dalpha,0.049283030854899046
total_flat_wCDM,intercept_mag,dmu_dbeta,0.02687755014602538
total_flat_wCDM,intercept_mag,dmu_dgamma,0.17163766875196995
total_flat_wCDM,intercept_mag,dmu_dbias_scale,-0.0015690016659787205
total_flat_wCDM,intercept_mag,z_linear,0.012446987658535174
total_flat_wCDM,intercept_mag,MWEBV_proxy,0.04376846885419783
total_flat_wCDM,intercept_mag,DES_indicator,-0.16883282197226704
total_flat_wCDM,Omega_m,dmu_dalpha,-0.3207270926755646
total_flat_wCDM,Omega_m,dmu_dbeta,-0.0630638726000061
total_flat_wCDM,Omega_m,dmu_dgamma,-0.5414200433172381
total_flat_wCDM,Omega_m,dmu_dbias_scale,-0.23795772373805646
total_flat_wCDM,Omega_m,z_linear,-0.9975201016830278
total_flat_wCDM,Omega_m,MWEBV_proxy,-0.028050482969121212
total_flat_wCDM,Omega_m,DES_indicator,1.9286702474922073
total_flat_wCDM,w0,dmu_dalpha,1.1068792305432122
total_flat_wCDM,w0,dmu_dbeta,0.19296151249642846
total_flat_wCDM,w0,dmu_dgamma,1.2074553748560541
total_flat_wCDM,w0,dmu_dbias_scale,0.30975574824608876
total_flat_wCDM,w0,z_linear,0.7590972856209218
total_flat_wCDM,w0,MWEBV_proxy,0.13941203711525063
total_flat_wCDM,w0,DES_indicator,-7.912271964731351
total_flat_w0waCDM,intercept_mag,dmu_dalpha,0.12143790090975667
total_flat_w0waCDM,intercept_mag,dmu_dbeta,0.028003170302570095
total_flat_w0waCDM,intercept_mag,dmu_dgamma,0.1724718575807663
total_flat_w0waCDM,intercept_mag,dmu_dbias_scale,0.012843005836314677
total_flat_w0waCDM,intercept_mag,z_linear,-0.0047623530175743755
total_flat_w0waCDM,intercept_mag,MWEBV_proxy,0.05061782567685639
total_flat_w0waCDM,intercept_mag,DES_indicator,-0.4069230959709166
total_flat_w0waCDM,Omega_m,dmu_dalpha,1.8766319236689406
total_flat_w0waCDM,Omega_m,dmu_dbeta,-0.02878494453760335
total_flat_w0waCDM,Omega_m,dmu_dgamma,-0.5160161815557969
total_flat_w0waCDM,Omega_m,dmu_dbias_scale,0.20093648540835746
total_flat_w0waCDM,Omega_m,z_linear,-1.521602535359973
total_flat_w0waCDM,Omega_m,MWEBV_proxy,0.180535520428661
total_flat_w0waCDM,Omega_m,DES_indicator,-5.321981162137001
total_flat_w0waCDM,w0,dmu_dalpha,-0.6062324281227642
total_flat_w0waCDM,w0,dmu_dbeta,0.16623687129147646
total_flat_w0waCDM,w0,dmu_dgamma,1.1876499395881055
total_flat_w0waCDM,w0,dmu_dbias_scale,-0.03241627781659462
total_flat_w0waCDM,w0,z_linear,1.1676840120301544
total_flat_w0waCDM,w0,MWEBV_proxy,-0.02320641148480046
total_flat_w0waCDM,w0,DES_indicator,-2.2594972609315045
total_flat_w0waCDM,wa,dmu_dalpha,-25.11161447292906
total_flat_w0waCDM,wa,dmu_dbeta,-0.3917426418011313
total_flat_w0waCDM,wa,dmu_dgamma,-0.29031759395340084
total_flat_w0waCDM,wa,dmu_dbias_scale,-5.015722097529978
total_flat_w0waCDM,wa,z_linear,5.989260711899323
total_flat_w0waCDM,wa,MWEBV_proxy,-2.3837394175522375
total_flat_w0waCDM,wa,DES_indicator,82.86108984553044
