band,MJD,flux,quoted_error,quoted_SNR
g,57714.29,-4.378300189971924,10.154999732971191,-0.4311472481635312
g,57716.029,-9.523300170898438,9.916500091552734,-0.9603489217945714
r,57716.031,-13.817999839782715,11.008999824523926,-1.2551548787385198
z,57716.039,-25.381000518798828,21.299999237060547,-1.1915963111697025
g,57717.027,-15.574999809265137,5.228899955749512,-2.9786379431756815
g,57739.145,-12.444999694824219,8.416000366210938,-1.4787308879867864
g,57751.043,-1.8763999938964844,6.98769998550415,-0.26852898633155975
i,57751.047,-0.7585600018501282,9.270000457763672,-0.08182955387179408
z,57751.053,-1.7181999683380127,10.946000099182129,-0.1569705785464404
