CID,fit_row_one_based,BAND,MJD,rest_phase,model_flux,model_magerr,data_flux,data_fluxerr,zHEL,MWEBV
4058,1,g,57739.163999999997,-8.1158098633946611,476.67671230104099,0.14778614326187878,456.05020141601562,20.492185592651367,0.14011414349079132,0.021385107189416885
4058,2,r,57740.072,-7.319398376714056,507.3427415200054,0.1088917104186265,503.85626220703125,4.6556234359741211,0.14011414349079132,0.021385107189416885
4058,3,i,57740.091999999997,-7.3018562734860737,491.26405205828661,0.14105307001765918,475.98565673828125,3.3837242126464844,0.14011414349079132,0.021385107189416885
4058,4,g,57744.074999999997,-3.8083464150739492,986.30576595145249,0.063907806748007875,1004.393798828125,22.171703338623047,0.14011414349079132,0.021385107189416885
4058,5,r,57747.072999999997,-1.1787851407787784,910.34355495015359,0.057277169152817622,924.97772216796875,5.2504181861877441,0.14011414349079132,0.021385107189416885
4058,6,i,57747.093000000001,-1.1612430375444138,715.48132423128686,0.09695313669313757,700.29473876953125,5.175079345703125,0.14011414349079132,0.021385107189416885
4058,7,g,57750.067999999999,1.4481448180344287,1040.5031820347476,0.034925272238604581,1035.55859375,24.678318023681641,0.14011414349079132,0.021385107189416885
4058,8,r,57752.091,3.2225285598298283,927.34883541778038,0.035572458455667082,939.176025390625,10.23094654083252,0.14011414349079132,0.021385107189416885
4058,9,i,57752.114000000001,3.2427019785461568,703.90177957588014,0.067058622261088691,701.3582763671875,7.9161558151245117,0.14011414349079132,0.021385107189416885
4058,10,g,57756.091999999997,6.7318263111464987,723.62940033955419,0.046479075842805667,706.54168701171875,20.534748077392578,0.14011414349079132,0.021385107189416885
4058,11,i,57762.063000000002,11.969021230703458,405.33711975222531,0.1006881871100699,396.15646362304688,6.0670962333679199,0.14011414349079132,0.021385107189416885
4058,12,r,57763.053999999996,12.838232445784339,536.31855194237119,0.071908634118998921,543.96112060546875,9.6583042144775391,0.14011414349079132,0.021385107189416885
4058,13,g,57770.042000000001,18.967443314626852,154.37182495920001,0.062657589961548216,156.22697448730469,4.389164924621582,0.14011414349079132,0.021385107189416885
4058,14,i,57772.053999999996,20.732178899640161,396.36087991877321,0.10905231255868351,392.76950073242188,4.5472068786621094,0.14011414349079132,0.021385107189416885
4058,15,r,57773.078999999998,21.631211690219462,332.06535369231472,0.09193701695688189,333.7813720703125,2.488133430480957,0.14011414349079132,0.021385107189416885
4058,16,g,57778.044000000002,25.986038817266575,84.477962044452099,0.079361091781437076,87.303184509277344,5.2966675758361816,0.14011414349079132,0.021385107189416885
4058,17,i,57780.069000000003,27.762176769385412,276.17676451890907,0.16551669623549631,252.06549072265625,4.7048583030700684,0.14011414349079132,0.021385107189416885
4058,18,r,57781.065000000002,28.635773510278074,202.85784429969024,0.10202924576511901,198.46360778808594,4.3894839286804199,0.14011414349079132,0.021385107189416885
4058,19,g,57782.044999999998,29.495336568583244,67.884128197175812,0.093154791996428524,64.234992980957031,6.1017613410949707,0.14011414349079132,0.021385107189416885
4058,20,i,57791.038,37.383143286310229,132.36761878093509,0.12440444684471579,134.34281921386719,8.1181230545043945,0.14011414349079132,0.021385107189416885
7349,1,g,57365.120999999999,-12.524823582824681,252.45606489691042,0.20486194277263745,254.72825622558594,4.4725337028503418,0.13074840605258942,0.076972879469394684
7349,2,r,57365.123,-12.523054842767475,282.95418517506693,0.13346781826917012,284.34780883789062,4.5091886520385742,0.13074840605258942,0.076972879469394684
7349,3,i,57365.125,-12.521286102710269,281.82536144346591,0.15898871293928299,281.9139404296875,4.9174566268920898,0.13074840605258942,0.076972879469394684
7349,4,g,57372.112999999998,-6.3413083440924476,842.55191363364929,0.047529409896971117,851.31146240234375,13.060086250305176,0.13074840605258942,0.076972879469394684
7349,5,r,57372.114999999998,-6.3395396040352416,877.88409174208061,0.058305605855075646,870.037841796875,7.9244279861450195,0.13074840605258942,0.076972879469394684
7349,6,i,57372.118000000002,-6.3368864939462144,802.16915803240408,0.057307005270412027,797.7794189453125,8.543309211730957,0.13074840605258942,0.076972879469394684
7349,7,g,57385.078000000001,5.1245490744152029,908.94932077450289,0.035163509759358821,909.8353271484375,8.3227634429931641,0.13074840605258942,0.076972879469394684
7349,8,r,57385.080000000002,5.1263178144724098,1131.6780281125275,0.027417863014144318,1122.5352783203125,7.6209564208984375,0.13074840605258942,0.076972879469394684
7349,9,i,57385.082000000002,5.1280865545296157,834.28384282943728,0.055317010654905879,835.218505859375,6.7858152389526367,0.13074840605258942,0.076972879469394684
7349,10,g,57394.042000000001,13.052042009198999,471.78128599148476,0.03541620277524566,472.31622314453125,9.8509616851806641,0.13074840605258942,0.076972879469394684
7349,11,r,57394.044000000002,13.053810749256206,741.84663824931215,0.033242163266087657,745.11328125,8.7620439529418945,0.13074840605258942,0.076972879469394684
7349,12,i,57394.046000000002,13.055579489313413,520.81636162036682,0.059042392332518526,538.90625,8.7726545333862305,0.13074840605258942,0.076972879469394684
7349,13,g,57401.061000000002,19.259435238700302,246.2128046833169,0.030634824781553372,245.15263366699219,5.8758711814880371,0.13074840605258942,0.076972879469394684
7349,14,r,57401.063000000002,19.261203978757507,554.37039666734984,0.034155019735225799,551.74676513671875,6.6468186378479004,0.13074840605258942,0.076972879469394684
7349,15,i,57401.065000000002,19.262972718814716,506.90711414514675,0.04814218026850782,503.1759033203125,7.0892839431762695,0.13074840605258942,0.076972879469394684
7349,16,g,57408.050999999999,25.441181737375327,140.9877418224192,0.055628519763104678,143.87690734863281,20.10981559753418,0.13074840605258942,0.076972879469394684
7349,17,r,57408.053,25.442950477432536,422.22218370314346,0.038716464789054418,420.54586791992188,18.480125427246094,0.13074840605258942,0.076972879469394684
7349,18,i,57408.055,25.444719217489741,486.55284529472419,0.062192137386681091,502.9083251953125,15.359397888183594,0.13074840605258942,0.076972879469394684
24318,1,r,56534.235000000001,-12.282961304117521,0,9.7742510180863569,-0.096249118447303772,8.0350799560546875,0.61312711238861084,0.052930213510990143
24318,2,r,56536.243000000002,-11.038174092632172,2.1324389880503309,2.8082386383135596,-14.872732162475586,24.126945495605469,0.61312711238861084,0.052930213510990143
24318,3,i,56536.245000000003,-11.036934264732036,4.522142227792088,1.053782745607829,15.842780113220215,24.344795227050781,0.61312711238861084,0.052930213510990143
24318,4,r,56537.222000000002,-10.431278335638961,4.0230365059797961,1.4639670061613583,-4.7666487693786621,10.191751480102539,0.61312711238861084,0.052930213510990143
24318,5,i,56537.224999999999,-10.429418593791009,6.2323348641734135,0.76297647264042223,6.8559670448303223,13.01097297668457,0.61312711238861084,0.052930213510990143
24318,6,z,56537.226999999999,-10.428178765890873,5.5391870180548466,1.1823266620928838,-4.5001602172851562,15.243076324462891,0.61312711238861084,0.052930213510990143
24318,7,r,56543.284,-6.6733599710893285,26.683181171263829,0.20002851578293046,31.865409851074219,6.4735307693481445,0.61312711238861084,0.052930213510990143
24318,8,i,56543.286999999997,-6.6715002292413779,24.880925125018184,0.11277375367408299,43.769813537597656,8.3544235229492188,0.61312711238861084,0.052930213510990143
24318,9,z,56543.288999999997,-6.6702604013412401,19.79628959169526,0.19533117739751166,7.6671543121337891,9.8019371032714844,0.61312711238861084,0.052930213510990143
24318,10,r,56547.241999999998,-4.219740557218107,42.928979894351201,0.12500750030442917,29.40599250793457,6.959719181060791,0.61312711238861084,0.052930213510990143
24318,11,i,56547.243999999999,-4.2185007293179693,38.946430977558627,0.072706483998786195,46.351509094238281,8.3889217376708984,0.61312711238861084,0.052930213510990143
24318,12,z,56547.247000000003,-4.2166409874655084,30.320725446955109,0.12838940039314689,16.707107543945312,9.837224006652832,0.61312711238861084,0.052930213510990143
24318,13,r,56551.233,-1.7456639829968739,47.580288555278599,0.11355814790734603,42.515773773193359,20.016046524047852,0.61312711238861084,0.052930213510990143
24318,14,i,56551.235000000001,-1.7444241550967365,45.640884721527925,0.06321610690891484,44.683933258056641,17.366155624389648,0.61312711238861084,0.052930213510990143
24318,15,z,56551.237999999998,-1.7425644132487856,35.346375695609261,0.11123784651578925,31.931718826293945,17.530155181884766,0.61312711238861084,0.052930213510990143
24318,16,r,56559.220999999998,3.2062086491414941,40.829973980380316,0.068305328533264625,60.684982299804688,17.05763053894043,0.61312711238861084,0.052930213510990143
24318,17,i,56559.222999999998,3.2074484770416314,45.482456747513005,0.052843108705932167,60.630355834960938,18.583236694335938,0.61312711238861084,0.052930213510990143
24318,18,z,56559.226000000002,3.2093082188940927,37.720974094443768,0.085813192565334762,14.261574745178223,15.999479293823242,0.61312711238861084,0.052930213510990143
24318,19,r,56563.245999999999,5.7013622976605527,30.749052386339645,0.10049067651618088,29.590328216552734,5.5124025344848633,0.61312711238861084,0.052930213510990143
24318,20,i,56563.248,5.7026021255606896,39.184373301730119,0.058895719508208662,34.443885803222656,6.8905596733093262,0.61312711238861084,0.052930213510990143
24318,21,z,56563.250999999997,5.7044618674086403,35.34179102792762,0.087926284588046508,45.735374450683594,8.6501626968383789,0.61312711238861084,0.052930213510990143
24318,22,r,56567.186999999998,8.1444431743828609,21.241197719596805,0.14989281201837418,16.623529434204102,6.6791806221008301,0.61312711238861084,0.052930213510990143
24318,23,i,56567.188999999998,8.1456830022829987,32.095371212089667,0.070683903688678135,38.494041442871094,8.4427623748779297,0.61312711238861084,0.052930213510990143
24318,24,z,56567.192000000003,8.1475427441354604,31.056035036990345,0.098319867289265103,29.964588165283203,9.6566267013549805,0.61312711238861084,0.052930213510990143
24318,25,r,56575.165999999997,13.090736580972866,7.4993011059083292,0.28089062925773423,10.96343994140625,4.8734283447265625,0.61312711238861084,0.052930213510990143
24318,26,i,56575.167999999998,13.091976408873004,18.476674118543315,0.15618892437051754,23.400390625,6.7074418067932129,0.61312711238861084,0.052930213510990143
24318,27,z,56575.171000000002,13.093836150725465,23.337200296277214,0.16935161064131682,21.00041389465332,7.5917959213256836,0.61312711238861084,0.052930213510990143
24318,28,r,56579.154999999999,15.563573327293962,4.2814908319602978,0.48499350218571086,3.0131406784057617,12.68529224395752,0.61312711238861084,0.052930213510990143
24318,29,i,56579.156999999999,15.5648131551941,13.207268326813214,0.21780706070720005,44.532733917236328,13.488327980041504,0.61312711238861084,0.052930213510990143
24318,30,z,56579.160000000003,15.56667289704656,21.207475640657478,0.18598596237194712,30.150070190429688,13.027217864990234,0.61312711238861084,0.052930213510990143
24318,31,r,56590.313000000002,22.480573180753161,1.6497941987347136,0.57011218726429935,-8.9542512893676758,16.614475250244141,0.61312711238861084,0.052930213510990143
24318,32,i,56590.315000000002,22.481813008653301,5.1745754621066871,0.45841408722150684,-7.6306028366088867,21.774974822998047,0.61312711238861084,0.052930213510990143
24318,33,z,56590.317999999999,22.483672750501253,13.78651199867784,0.23576182244871158,-12.890484809875488,18.36083984375,0.61312711238861084,0.052930213510990143
24318,34,r,56594.120999999999,24.841205502132123,1.6976116207191194,0.36519780740219004,0.46020036935806274,11.252196311950684,0.61312711238861084,0.052930213510990143
24318,35,i,56594.123,24.842445330032259,3.9775334662236412,0.42154448458018939,-1.9856802225112915,14.863680839538574,0.61312711238861084,0.052930213510990143
24318,36,z,56594.125,24.843685157932399,11.160149234154133,0.20395131819254345,-17.231752395629883,16.201505661010742,0.61312711238861084,0.052930213510990143
24318,37,r,56602.093000000001,29.783159511073901,1.508424608564271,0.33344327447948724,5.8173766136169434,4.7841801643371582,0.61312711238861084,0.052930213510990143
24318,38,i,56602.095000000001,29.78439933897404,2.7817000356176753,0.53032551946146433,5.1674885749816895,6.6952986717224121,0.61312711238861084,0.052930213510990143
24318,39,z,56602.097999999998,29.786259080821988,6.2776971774411807,0.32057952310541293,7.3427915573120117,7.7241811752319336,0.61312711238861084,0.052930213510990143
24318,40,r,56606.082999999999,32.256616171342813,1.3068855316130763,0.37119840211475869,-3.9652478694915771,15.64631462097168,0.61312711238861084,0.052930213510990143
24318,41,i,56606.084999999999,32.257855999242949,2.704150038784678,0.32767972261335954,-18.748819351196289,20.034595489501953,0.61312711238861084,0.052930213510990143
24318,42,z,56606.088000000003,32.259715741095413,5.0291495209659836,0.2356094374290664,-13.301393508911133,25.303056716918945,0.61312711238861084,0.052930213510990143
24318,43,r,56609.084999999999,34.117597849070144,1.3269932725557305,0.38274657282857949,-20.911468505859375,10.839862823486328,0.61312711238861084,0.052930213510990143
24318,44,i,56609.087,34.11883767697028,2.8393974026262354,0.30589557942487366,-5.8931903839111328,11.254373550415039,0.61312711238861084,0.052930213510990143
24318,45,z,56609.089999999997,34.120697418818231,4.5346125289881929,0.26024806438825715,-2.9114906787872314,12.769855499267578,0.61312711238861084,0.052930213510990143
24318,46,r,56616.074999999997,38.450796359166254,1.2525282062133671,0.46895515492248574,-6.0015139579772949,17.625150680541992,0.61312711238861084,0.052930213510990143
24318,47,i,56616.076999999997,38.45203618706639,2.7878398728079046,0.27981158751717683,-6.2661662101745605,23.382345199584961,0.61312711238861084,0.052930213510990143
24318,48,z,56616.080000000002,38.453895928918854,4.4553215293313686,0.23070630075324239,-5.139554500579834,26.85029411315918,0.61312711238861084,0.052930213510990143
24318,49,r,56625.213000000003,44.115570033743793,1.427223792746904,0.31841389752917532,-3.290916919708252,5.5074000358581543,0.61312711238861084,0.052930213510990143
24318,50,i,56625.214999999997,44.116809861639418,2.4854028095954352,0.16816877405660283,1.7522425651550293,9.1979103088378906,0.61312711238861084,0.052930213510990143
24318,51,z,56625.216999999997,44.118049689539554,4.5145082621941981,0.12997751327045956,6.3877182006835938,9.2216072082519531,0.61312711238861084,0.052930213510990143
