CID,survey,RA,DEC,zHEL,zHD,host_logmass,stratum,high_host_mass,photometry_path
2004ef,CSP,340.54175,19.994556,0.031,0.03003,10.439,low,True,sources/repos/djones1040__RAISIN_DataRelease@a383c4b/photometry/RAISIN/CSPDR3_RAISIN/CSPDR3_2004ef.PKMJD.DAT
2004gu,CSP,191.603,11.948917,0.0459,0.04716,10.092,low,True,sources/repos/djones1040__RAISIN_DataRelease@a383c4b/photometry/RAISIN/CSPDR3_RAISIN/CSPDR3_2004gu.PKMJD.DAT
2005ag,CSP,224.181875,9.328472,0.0797,0.08019,10.706,low,True,sources/repos/djones1040__RAISIN_DataRelease@a383c4b/photometry/RAISIN/CSPDR3_RAISIN/CSPDR3_2005ag.PKMJD.DAT
2005hc,CSP,29.19975,-0.213722,0.0459,0.04604,10.307,low,True,sources/repos/djones1040__RAISIN_DataRelease@a383c4b/photometry/RAISIN/CSPDR3_RAISIN/CSPDR3_2005hc.PKMJD.DAT
2005na,CSP,105.402583,14.13325,0.0263,0.02686,10.978,low,True,sources/repos/djones1040__RAISIN_DataRelease@a383c4b/photometry/RAISIN/CSPDR3_RAISIN/CSPDR3_2005na.PKMJD.DAT
2006hx,CSP,18.488792,0.371667,0.0455,0.04514,10.105,low,True,sources/repos/djones1040__RAISIN_DataRelease@a383c4b/photometry/RAISIN/CSPDR3_RAISIN/CSPDR3_2006hx.PKMJD.DAT
2007S,CSP,150.13025,4.407278,0.0139,0.01531,9.713,low,False,sources/repos/djones1040__RAISIN_DataRelease@a383c4b/photometry/RAISIN/CSPDR3_RAISIN/CSPDR3_2007S.PKMJD.DAT
2007ca,CSP,202.774208,-15.101833,0.0141,0.01448,10.118,low,True,sources/repos/djones1040__RAISIN_DataRelease@a383c4b/photometry/RAISIN/CSPDR3_RAISIN/CSPDR3_2007ca.PKMJD.DAT
2008ar,CSP,186.158,10.838167,0.0261,0.02863,10.002,low,True,sources/repos/djones1040__RAISIN_DataRelease@a383c4b/photometry/RAISIN/CSPDR3_RAISIN/CSPDR3_2008ar.PKMJD.DAT
2008gl,CSP,20.228417,4.805306,0.034,0.03318,11.43,low,True,sources/repos/djones1040__RAISIN_DataRelease@a383c4b/photometry/RAISIN/CSPDR3_RAISIN/CSPDR3_2008gl.PKMJD.DAT
2008hu,CSP,122.3115,-18.653639,0.0497,0.05058,10.49,low,True,sources/repos/djones1040__RAISIN_DataRelease@a383c4b/photometry/RAISIN/CSPDR3_RAISIN/CSPDR3_2008hu.PKMJD.DAT
2009D,CSP,58.595125,-19.181722,0.025,0.02421,10.75,low,True,sources/repos/djones1040__RAISIN_DataRelease@a383c4b/photometry/RAISIN/CSPDR3_RAISIN/CSPDR3_2009D.PKMJD.DAT
2009ad,CSP,75.889083,6.659917,0.0284,0.02834,10.56,low,True,sources/repos/djones1040__RAISIN_DataRelease@a383c4b/photometry/RAISIN/CSPDR3_RAISIN/CSPDR3_2009ad.PKMJD.DAT
2009cz,CSP,138.750083,29.735306,0.0211,0.0215,11.06,low,True,sources/repos/djones1040__RAISIN_DataRelease@a383c4b/photometry/RAISIN/CSPDR3_RAISIN/CSPDR3_2009cz.PKMJD.DAT
2004eo,CSP,308.225792,9.928528,0.0157,0.01522,11.022,low,True,sources/repos/djones1040__RAISIN_DataRelease@a383c4b/photometry/RAISIN/CSPDR3_RAISIN/CSPDR3_2004eo.PKMJD.DAT
2005M,CSP,144.384833,23.20075,0.022,0.02293,9.636,low,False,sources/repos/djones1040__RAISIN_DataRelease@a383c4b/photometry/RAISIN/CSPDR3_RAISIN/CSPDR3_2005M.PKMJD.DAT
2005al,CSP,207.501375,-30.576167,0.01538,0.01513,10.733,low,True,sources/repos/djones1040__RAISIN_DataRelease@a383c4b/photometry/RAISIN/CSPDR3_RAISIN/CSPDR3_2005al.PKMJD.DAT
2005el,CSP,77.953,5.194278,0.0149,0.01505,10.826,low,True,sources/repos/djones1040__RAISIN_DataRelease@a383c4b/photometry/RAISIN/CSPDR3_RAISIN/CSPDR3_2005el.PKMJD.DAT
2005hj,CSP,21.701125,-1.238,0.0574,0.05729,9.263,low,False,sources/repos/djones1040__RAISIN_DataRelease@a383c4b/photometry/RAISIN/CSPDR3_RAISIN/CSPDR3_2005hj.PKMJD.DAT
2005kc,CSP,338.530583,5.568417,0.0151,0.01448,10.624,low,True,sources/repos/djones1040__RAISIN_DataRelease@a383c4b/photometry/RAISIN/CSPDR3_RAISIN/CSPDR3_2005kc.PKMJD.DAT
2006et,CSP,10.690917,-23.558444,0.0226,0.02224,10.857,low,True,sources/repos/djones1040__RAISIN_DataRelease@a383c4b/photometry/RAISIN/CSPDR3_RAISIN/CSPDR3_2006et.PKMJD.DAT
2007as,CSP,141.900042,-80.177556,0.0176,0.01849,10.22,low,True,sources/repos/djones1040__RAISIN_DataRelease@a383c4b/photometry/RAISIN/CSPDR3_RAISIN/CSPDR3_2007as.PKMJD.DAT
2007bd,CSP,127.888667,-1.199444,0.0309,0.03157,10.473,low,True,sources/repos/djones1040__RAISIN_DataRelease@a383c4b/photometry/RAISIN/CSPDR3_RAISIN/CSPDR3_2007bd.PKMJD.DAT
2007jg,CSP,52.46175,0.056833,0.0371,0.0377,8.935,low,False,sources/repos/djones1040__RAISIN_DataRelease@a383c4b/photometry/RAISIN/CSPDR3_RAISIN/CSPDR3_2007jg.PKMJD.DAT
2008bc,CSP,144.630125,-63.973778,0.0151,0.0156,9.928,low,False,sources/repos/djones1040__RAISIN_DataRelease@a383c4b/photometry/RAISIN/CSPDR3_RAISIN/CSPDR3_2008bc.PKMJD.DAT
2008bq,CSP,100.260458,-38.038611,0.034,0.03363,10.918,low,True,sources/repos/djones1040__RAISIN_DataRelease@a383c4b/photometry/RAISIN/CSPDR3_RAISIN/CSPDR3_2008bq.PKMJD.DAT
2008gp,CSP,50.753042,1.361889,0.0334,0.03398,10.9,low,True,sources/repos/djones1040__RAISIN_DataRelease@a383c4b/photometry/RAISIN/CSPDR3_RAISIN/CSPDR3_2008gp.PKMJD.DAT
2008hv,CSP,136.891917,3.39225,0.0126,0.01383,10.74,low,True,sources/repos/djones1040__RAISIN_DataRelease@a383c4b/photometry/RAISIN/CSPDR3_RAISIN/CSPDR3_2008hv.PKMJD.DAT
2009aa,CSP,170.926167,-22.270694,0.0273,0.02874,10.43,low,True,sources/repos/djones1040__RAISIN_DataRelease@a383c4b/photometry/RAISIN/CSPDR3_RAISIN/CSPDR3_2009aa.PKMJD.DAT
2009ds,CSP,177.267125,-9.729139,0.0193,0.02037,10.7,low,True,sources/repos/djones1040__RAISIN_DataRelease@a383c4b/photometry/RAISIN/CSPDR3_RAISIN/CSPDR3_2009ds.PKMJD.DAT
2004ey,CSP,327.282542,0.444222,0.0158,0.0154,9.671,low,False,sources/repos/djones1040__RAISIN_DataRelease@a383c4b/photometry/RAISIN/CSPDR3_RAISIN/CSPDR3_2004ey.PKMJD.DAT
2005iq,CSP,359.635417,-18.709167,0.034,0.03354,10.318,low,True,sources/repos/djones1040__RAISIN_DataRelease@a383c4b/photometry/RAISIN/CSPDR3_RAISIN/CSPDR3_2005iq.PKMJD.DAT
2005ki,CSP,160.117583,9.202333,0.0192,0.01989,10.902,low,True,sources/repos/djones1040__RAISIN_DataRelease@a383c4b/photometry/RAISIN/CSPDR3_RAISIN/CSPDR3_2005ki.PKMJD.DAT
2006ax,CSP,171.014417,-12.291444,0.0167,0.01784,10.467,low,True,sources/repos/djones1040__RAISIN_DataRelease@a383c4b/photometry/RAISIN/CSPDR3_RAISIN/CSPDR3_2006ax.PKMJD.DAT
2006kf,CSP,55.460333,8.156944,0.0213,0.0207,10.71,low,True,sources/repos/djones1040__RAISIN_DataRelease@a383c4b/photometry/RAISIN/CSPDR3_RAISIN/CSPDR3_2006kf.PKMJD.DAT
2007A,CSP,6.319417,12.886806,0.0177,0.01703,10.094,low,True,sources/repos/djones1040__RAISIN_DataRelease@a383c4b/photometry/RAISIN/CSPDR3_RAISIN/CSPDR3_2007A.PKMJD.DAT
2008bf,CSP,181.012083,20.245167,0.0235,0.02479,11.136,low,True,sources/repos/djones1040__RAISIN_DataRelease@a383c4b/photometry/RAISIN/CSPDR3_RAISIN/CSPDR3_2008bf.PKMJD.DAT
2008hj,CSP,1.007958,-11.16875,0.0379,0.03723,10.46,low,True,sources/repos/djones1040__RAISIN_DataRelease@a383c4b/photometry/RAISIN/CSPDR3_RAISIN/CSPDR3_2008hj.PKMJD.DAT
2008ia,CSP,132.646458,-61.277944,0.0219,0.02269,11.22,low,True,sources/repos/djones1040__RAISIN_DataRelease@a383c4b/photometry/RAISIN/CSPDR3_RAISIN/CSPDR3_2008ia.PKMJD.DAT
2009P,CSP,170.161583,-3.546194,0.0251,0.02646,9.93,low,False,sources/repos/djones1040__RAISIN_DataRelease@a383c4b/photometry/RAISIN/CSPDR3_RAISIN/CSPDR3_2009P.PKMJD.DAT
2009ab,CSP,64.151625,2.764167,0.01217,0.01125,10.36,low,True,sources/repos/djones1040__RAISIN_DataRelease@a383c4b/photometry/RAISIN/CSPDR3_RAISIN/CSPDR3_2009ab.PKMJD.DAT
2009al,CSP,162.841958,8.578528,0.0221,0.02332,10.75,low,True,sources/repos/djones1040__RAISIN_DataRelease@a383c4b/photometry/RAISIN/CSPDR3_RAISIN/CSPDR3_2009al.PKMJD.DAT
PScD500301,PS1MD,215.547729,52.631919,0.325,0.32557,9.613,high,False,sources/repos/djones1040__RAISIN_DataRelease@a383c4b/photometry/RAISIN/PS1_RAISIN/PScD500301.snana.dat
PScG530251,PS1MD,334.634325,1.11481,0.413,0.4111,9.243,high,False,sources/repos/djones1040__RAISIN_DataRelease@a383c4b/photometry/RAISIN/PS1_RAISIN/PScG530251.snana.dat
PScJ440236,PS1MD,37.101841,-4.424512,0.43,0.42872,10.385,high,True,sources/repos/djones1040__RAISIN_DataRelease@a383c4b/photometry/RAISIN/PS1_RAISIN/PScJ440236.snana.dat
PScK450339,PS1MD,36.287518,-3.353384,0.4104,0.40914,8.878,high,False,sources/repos/djones1040__RAISIN_DataRelease@a383c4b/photometry/RAISIN/PS1_RAISIN/PScK450339.snana.dat
PScA470110,PS1MD,52.070787,-28.62333,0.346,0.34542,9.889,high,False,sources/repos/djones1040__RAISIN_DataRelease@a383c4b/photometry/RAISIN/PS1_RAISIN/PScA470110.snana.dat
PScC490037,PS1MD,149.957196,0.816594,0.4219,0.42381,10.934,high,True,sources/repos/djones1040__RAISIN_DataRelease@a383c4b/photometry/RAISIN/PS1_RAISIN/PScC490037.snana.dat
PScF510457,PS1MD,186.389055,48.13663,0.502,0.50321,9.477,high,False,sources/repos/djones1040__RAISIN_DataRelease@a383c4b/photometry/RAISIN/PS1_RAISIN/PScF510457.snana.dat
PScH540087,PS1MD,335.376537,0.129475,0.275,0.27458,10.092,high,True,sources/repos/djones1040__RAISIN_DataRelease@a383c4b/photometry/RAISIN/PS1_RAISIN/PScH540087.snana.dat
PScJ550202,PS1MD,351.799852,-0.783076,0.422,0.42007,8.848,high,False,sources/repos/djones1040__RAISIN_DataRelease@a383c4b/photometry/RAISIN/PS1_RAISIN/PScJ550202.snana.dat
PScA470240,PS1MD,130.72295,45.901364,0.43,0.43096,9.364,high,False,sources/repos/djones1040__RAISIN_DataRelease@a383c4b/photometry/RAISIN/PS1_RAISIN/PScA470240.snana.dat
PScC490521,PS1MD,148.865081,1.575257,0.34,0.34173,9.748,high,False,sources/repos/djones1040__RAISIN_DataRelease@a383c4b/photometry/RAISIN/PS1_RAISIN/PScC490521.snana.dat
PScF520062,PS1MD,244.451436,54.633195,0.308,0.30802,10.07,high,True,sources/repos/djones1040__RAISIN_DataRelease@a383c4b/photometry/RAISIN/PS1_RAISIN/PScF520062.snana.dat
PScH540118,PS1MD,351.82269,-0.048073,0.4766,0.47574,9.946,high,False,sources/repos/djones1040__RAISIN_DataRelease@a383c4b/photometry/RAISIN/PS1_RAISIN/PScH540118.snana.dat
PScJ560027,PS1MD,35.850709,-3.083896,0.44,0.43869,9.238,high,False,sources/repos/djones1040__RAISIN_DataRelease@a383c4b/photometry/RAISIN/PS1_RAISIN/PScJ560027.snana.dat
PScB480464,PS1MD,149.800611,3.221543,0.22,0.22152,10.283,high,True,sources/repos/djones1040__RAISIN_DataRelease@a383c4b/photometry/RAISIN/PS1_RAISIN/PScB480464.snana.dat
PScD500100,PS1MD,131.638489,45.356105,0.31,0.31085,10.526,high,True,sources/repos/djones1040__RAISIN_DataRelease@a383c4b/photometry/RAISIN/PS1_RAISIN/PScD500100.snana.dat
PScF520188,PS1MD,215.524297,52.544633,0.28,0.28054,9.402,high,False,sources/repos/djones1040__RAISIN_DataRelease@a383c4b/photometry/RAISIN/PS1_RAISIN/PScF520188.snana.dat
PScJ440005,PS1MD,52.989268,-28.883467,0.306,0.30545,10.841,high,True,sources/repos/djones1040__RAISIN_DataRelease@a383c4b/photometry/RAISIN/PS1_RAISIN/PScJ440005.snana.dat
PScJ560054,PS1MD,353.2958,-0.336581,0.4816,0.47953,9.247,high,False,sources/repos/djones1040__RAISIN_DataRelease@a383c4b/photometry/RAISIN/PS1_RAISIN/PScJ560054.snana.dat
DES15E2uc,DES,9.47258,-43.31432,0.566,0.56535,8.591,high,False,sources/repos/djones1040__RAISIN_DataRelease@a383c4b/photometry/RAISIN/DES_RAISIN/DES15E2uc.snana.dat
DES16C1cim,DES,54.87651,-26.64918,0.531,0.53071,8.392,high,False,sources/repos/djones1040__RAISIN_DataRelease@a383c4b/photometry/RAISIN/DES_RAISIN/DES16C1cim.snana.dat
DES16E2clk,DES,9.20365,-44.13985,0.367,0.36664,8.906,high,False,sources/repos/djones1040__RAISIN_DataRelease@a383c4b/photometry/RAISIN/DES_RAISIN/DES16E2clk.snana.dat
DES16S2afz,DES,41.60137,-1.22529,0.483,0.48249,9.551,high,False,sources/repos/djones1040__RAISIN_DataRelease@a383c4b/photometry/RAISIN/DES_RAISIN/DES16S2afz.snana.dat
DES15C3odz,DES,51.97928,-28.56447,0.508,0.5077,8.638,high,False,sources/repos/djones1040__RAISIN_DataRelease@a383c4b/photometry/RAISIN/DES_RAISIN/DES15C3odz.snana.dat
DES15X2kvt,DES,35.44276,-5.6399,0.404,0.40354,11.012,high,True,sources/repos/djones1040__RAISIN_DataRelease@a383c4b/photometry/RAISIN/DES_RAISIN/DES15X2kvt.snana.dat
DES16C2cva,DES,53.68348,-29.31723,0.4029,0.4027,9.011,high,False,sources/repos/djones1040__RAISIN_DataRelease@a383c4b/photometry/RAISIN/DES_RAISIN/DES16C2cva.snana.dat
DES16E2cqq,DES,9.95865,-43.56483,0.426,0.42556,9.251,high,False,sources/repos/djones1040__RAISIN_DataRelease@a383c4b/photometry/RAISIN/DES_RAISIN/DES16E2cqq.snana.dat
DES16X3cry,DES,36.04395,-3.83111,0.612,0.61121,8.938,high,False,sources/repos/djones1040__RAISIN_DataRelease@a383c4b/photometry/RAISIN/DES_RAISIN/DES16X3cry.snana.dat
DES15E2mhy,DES,10.32139,-43.88614,0.4391,0.43865,9.671,high,False,sources/repos/djones1040__RAISIN_DataRelease@a383c4b/photometry/RAISIN/DES_RAISIN/DES15E2mhy.snana.dat
DES15X2mey,DES,35.12827,-6.44652,0.608,0.60721,9.599,high,False,sources/repos/djones1040__RAISIN_DataRelease@a383c4b/photometry/RAISIN/DES_RAISIN/DES15X2mey.snana.dat
DES16C3cmy,DES,51.806,-27.48909,0.5564,0.55605,10.706,high,True,sources/repos/djones1040__RAISIN_DataRelease@a383c4b/photometry/RAISIN/DES_RAISIN/DES16C3cmy.snana.dat
DES16S1agd,DES,43.08359,-0.91119,0.504,0.50348,9.747,high,False,sources/repos/djones1040__RAISIN_DataRelease@a383c4b/photometry/RAISIN/DES_RAISIN/DES16S1agd.snana.dat
DES16X3zd,DES,36.73527,-4.41939,0.495,0.49442,10.053,high,True,sources/repos/djones1040__RAISIN_DataRelease@a383c4b/photometry/RAISIN/DES_RAISIN/DES16X3zd.snana.dat
DES15E2nlz,DES,8.96396,-44.67679,0.41,0.40959,8.956,high,False,sources/repos/djones1040__RAISIN_DataRelease@a383c4b/photometry/RAISIN/DES_RAISIN/DES15E2nlz.snana.dat
DES15X2nkz,DES,35.55504,-5.87173,0.4688,0.46825,9.792,high,False,sources/repos/djones1040__RAISIN_DataRelease@a383c4b/photometry/RAISIN/DES_RAISIN/DES15X2nkz.snana.dat
DES16E1dcx,DES,8.9685,-43.35812,0.453,0.45252,10.77,high,True,sources/repos/djones1040__RAISIN_DataRelease@a383c4b/photometry/RAISIN/DES_RAISIN/DES16E1dcx.snana.dat
DES16S1bno,DES,42.51593,-0.02159,0.47,0.46951,8.54,high,False,sources/repos/djones1040__RAISIN_DataRelease@a383c4b/photometry/RAISIN/DES_RAISIN/DES16S1bno.snana.dat
