file,filter,grid_min_A,grid_max_A,response_min,response_max,integral_A
kcor_CSPDR3_BD17.fits,CSP-u,2100.0,20000.0,0.0,0.23602546751499176,97.8505859375
kcor_CSPDR3_BD17.fits,CSP-g,2100.0,20000.0,0.0,0.717912495136261,944.49560546875
kcor_CSPDR3_BD17.fits,CSP-r,2100.0,20000.0,0.0,0.8391614556312561,1032.0340576171875
kcor_CSPDR3_BD17.fits,CSP-i,2100.0,20000.0,0.0,0.7543222308158875,915.8795166015625
kcor_CSPDR3_BD17.fits,CSP-B,2100.0,20000.0,0.0,0.39793652296066284,383.5047607421875
kcor_CSPDR3_BD17.fits,CSP-V,2100.0,20000.0,0.0,0.6631852984428406,574.0573120117188
kcor_CSPDR3_BD17.fits,CSP-o,2100.0,20000.0,-0.0003284999984316528,0.6088497042655945,553.9488525390625
kcor_CSPDR3_BD17.fits,CSP-m,2100.0,20000.0,0.0,0.6004791259765625,574.612548828125
kcor_CSPDR3_BD17.fits,CSP-n,2100.0,20000.0,0.0,0.6631852984428406,574.0573120117188
kcor_CSPDR3_BD17.fits,CSP-Y,2100.0,20000.0,-0.0014995000092312694,0.9745100140571594,1250.6396484375
kcor_CSPDR3_BD17.fits,CSP-y,2100.0,20000.0,-0.001091000041924417,0.9760580062866211,1110.221435546875
kcor_CSPDR3_BD17.fits,CSP-J,2100.0,20000.0,0.0,1.0,1749.6439208984375
kcor_CSPDR3_BD17.fits,CSP-j,2100.0,20000.0,0.0,0.9969009757041931,1779.5869140625
kcor_CSPDR3_BD17.fits,CSP-H,2100.0,20000.0,-0.0010659999679774046,0.9821799993515015,2585.99462890625
kcor_CSPDR3_BD17.fits,CSP-h,2100.0,20000.0,-0.0016530000139027834,0.9923580288887024,2560.8798828125
kcor_DES_NIR.fits,DES-g/g,1800.0,19300.0,0.0,0.5048828125,570.2555541992188
kcor_DES_NIR.fits,DES-r/r,1800.0,19300.0,0.0,0.6347435116767883,871.6911010742188
kcor_DES_NIR.fits,DES-i/i,1800.0,19300.0,0.0,0.7236955165863037,1006.7667236328125
kcor_DES_NIR.fits,DES-z/z,1800.0,19300.0,0.0,0.7356352210044861,926.7772827148438
kcor_DES_NIR.fits,DES-Y/Y,1800.0,19300.0,0.0,0.5746812224388123,386.153564453125
kcor_DES_NIR.fits,WFC3_IR_F125W-J,1800.0,19300.0,0.0,0.5569999814033508,1584.993896484375
kcor_DES_NIR.fits,WFC3_IR_F125W-H,1800.0,19300.0,0.0,0.5569999814033508,1492.781982421875
kcor_DES_NIR.fits,CSP-u,1800.0,19300.0,0.0,0.23602546751499176,97.85059356689453
kcor_DES_NIR.fits,CSP-g,1800.0,19300.0,0.0,0.717912495136261,944.4955444335938
kcor_DES_NIR.fits,CSP-r,1800.0,19300.0,0.0,0.8391614556312561,1032.0340576171875
kcor_DES_NIR.fits,CSP-i,1800.0,19300.0,0.0,0.7543222308158875,915.8794555664062
kcor_DES_NIR.fits,CSP-B,1800.0,19300.0,0.0,0.39793652296066284,383.50469970703125
kcor_DES_NIR.fits,CSP-V,1800.0,19300.0,0.0,0.6631852984428406,574.0572509765625
kcor_DES_NIR.fits,CSP-o,1800.0,19300.0,-0.0003284999984316528,0.6088497042655945,553.9488525390625
kcor_DES_NIR.fits,CSP-m,1800.0,19300.0,0.0,0.6004791259765625,574.612548828125
kcor_DES_NIR.fits,CSP-n,1800.0,19300.0,0.0,0.6631852984428406,574.0572509765625
kcor_DES_NIR.fits,CSP-Y,1800.0,19300.0,-0.0014995000092312694,0.9745100140571594,1250.6397705078125
kcor_DES_NIR.fits,CSP-y,1800.0,19300.0,-0.001091000041924417,0.9760580062866211,1110.221435546875
kcor_DES_NIR.fits,CSP-J,1800.0,19300.0,0.0,1.0,1749.64404296875
kcor_DES_NIR.fits,CSP-j,1800.0,19300.0,0.0,0.9969009757041931,1779.5869140625
kcor_DES_NIR.fits,CSP-H,1800.0,19300.0,-0.0010659999679774046,0.9821799993515015,2585.99462890625
kcor_DES_NIR.fits,CSP-h,1800.0,19300.0,-0.0016530000139027834,0.9923580288887024,2560.8798828125
kcor_PS1MD_NIR.fits,PS1-g/g,1800.0,19300.0,0.0,0.5154109597206116,581.29638671875
kcor_PS1MD_NIR.fits,PS1-r/r,1800.0,19300.0,0.0,0.6869999766349792,905.5299682617188
kcor_PS1MD_NIR.fits,PS1-i/i,1800.0,19300.0,0.0,0.8690000176429749,1079.85009765625
kcor_PS1MD_NIR.fits,PS1-z/z,1800.0,19300.0,0.0,0.8799999952316284,849.8600463867188
kcor_PS1MD_NIR.fits,PS1-y/y,1800.0,19300.0,0.0,0.6150000095367432,378.2000427246094
kcor_PS1MD_NIR.fits,WFC3_IR_F125W-J,1800.0,19300.0,0.0,0.5569999814033508,1584.993896484375
kcor_PS1MD_NIR.fits,WFC3_IR_F125W-H,1800.0,19300.0,0.0,0.5569999814033508,1492.781982421875
kcor_PS1MD_NIR.fits,CSP-u,1800.0,19300.0,0.0,0.23602546751499176,97.85059356689453
kcor_PS1MD_NIR.fits,CSP-g,1800.0,19300.0,0.0,0.717912495136261,944.4955444335938
kcor_PS1MD_NIR.fits,CSP-r,1800.0,19300.0,0.0,0.8391614556312561,1032.0340576171875
kcor_PS1MD_NIR.fits,CSP-i,1800.0,19300.0,0.0,0.7543222308158875,915.8794555664062
kcor_PS1MD_NIR.fits,CSP-B,1800.0,19300.0,0.0,0.39793652296066284,383.50469970703125
kcor_PS1MD_NIR.fits,CSP-V,1800.0,19300.0,0.0,0.6631852984428406,574.0572509765625
kcor_PS1MD_NIR.fits,CSP-o,1800.0,19300.0,-0.0003284999984316528,0.6088497042655945,553.9488525390625
kcor_PS1MD_NIR.fits,CSP-m,1800.0,19300.0,0.0,0.6004791259765625,574.612548828125
kcor_PS1MD_NIR.fits,CSP-n,1800.0,19300.0,0.0,0.6631852984428406,574.0572509765625
kcor_PS1MD_NIR.fits,CSP-Y,1800.0,19300.0,-0.0014995000092312694,0.9745100140571594,1250.6397705078125
kcor_PS1MD_NIR.fits,CSP-y,1800.0,19300.0,-0.001091000041924417,0.9760580062866211,1110.221435546875
kcor_PS1MD_NIR.fits,CSP-J,1800.0,19300.0,0.0,1.0,1749.64404296875
kcor_PS1MD_NIR.fits,CSP-j,1800.0,19300.0,0.0,0.9969009757041931,1779.5869140625
kcor_PS1MD_NIR.fits,CSP-H,1800.0,19300.0,-0.0010659999679774046,0.9821799993515015,2585.99462890625
kcor_PS1MD_NIR.fits,CSP-h,1800.0,19300.0,-0.0016530000139027834,0.9923580288887024,2560.8798828125
