CID,nir_peak,phot_header_peak,optical_peak,combined_peak
2004ef,53264.8984,53264.9,53264.8359,53264.832
2004gu,53362.8008,53362.8,53362.75,53362.7852
2005ag,53414.0,53414.0,53414.3008,53413.9922
2005hc,53667.5,53667.5,53667.3711,53667.3828
2005na,53740.8008,53740.8,53740.9688,53740.9922
2006hx,54022.1992,54022.2,54022.0938,54023.668
2007S,54144.8984,54144.9,54144.4805,54144.8438
2007ca,54227.8008,54227.8,54227.8867,54228.0273
2008ar,54535.0,54535.0,54534.5781,54534.5352
2008gl,54768.6992,54768.7,54768.707,54768.5859
2008hu,54807.1992,54807.2,54807.1641,54807.0117
2009D,54841.3008,54841.3,54841.0312,54841.0078
2009ad,54886.8984,54886.9,54886.6523,54886.6758
2009cz,54943.3008,54943.3,54943.1523,54943.2891
2004eo,53278.6992,53278.7,53279.2109,53279.1445
2005M,53406.1016,53406.1,53405.9844,53405.9648
2005al,53431.1016,53431.1,53431.0586,53431.0078
2005el,53647.1992,53647.2,53647.1445,53647.1523
2005hj,53674.8008,53674.8,53674.7188,53674.0703
2005kc,53698.3008,53698.3,53698.6562,53698.6797
2006et,53994.6016,53994.6,53993.8984,53993.957
2007as,54182.3984,54182.4,54181.5508,54182.1641
2007bd,54207.3984,54207.4,54206.9492,54207.1914
2007jg,54367.0,54367.0,54366.625,54366.9609
2008bc,54550.1016,54550.1,54549.9648,54549.9922
2008bq,54562.6992,54562.7,54562.6172,54562.6602
2008gp,54779.6992,54779.7,54779.5234,54779.5195
2008hv,54817.6016,54817.6,54817.4141,54815.5781
2009aa,54878.8984,54878.9,54878.8711,54878.875
2009ds,54961.8984,54961.9,54961.3633,54961.0391
2004ey,53304.6992,53304.7,53304.668,53304.6797
2005iq,53688.3008,53688.3,53688.125,53688.1953
2005ki,53706.1016,53706.1,53705.7695,53705.8398
2006ax,53827.6992,53827.7,53827.375,53827.6992
2006kf,54041.6016,54041.6,54041.7734,54041.7656
2007A,54113.4453,54113.4336,54113.3945,54113.4336
2008bf,54555.1016,54555.1,54555.0273,54555.0
2008hj,54801.8008,54801.8,54801.8672,54801.5703
2008ia,54813.4805,54813.482,54813.4414,54813.4648
2009P,54869.1016,54869.1,54868.3398,54868.4062
2009ab,54884.1016,54884.1,54883.832,54883.9102
2009al,54898.4414,54898.44,54893.0273,54893.3672
PScD500301,56405.6016,56405.6,56405.6758,56405.6914
PScG530251,56491.6016,56491.6,56491.9492,56492.6953
PScJ440236,56208.3008,56208.3,56207.9453,56208.3438
PScK450339,56250.5,56250.5,56250.7188,56251.1641
PScA470110,56314.5,56314.5,56312.8555,56312.8359
PScC490037,56369.8008,56369.8,56370.0625,56370.5938
PScF510457,56430.1992,56430.2,56429.8281,56429.8594
PScH540087,56520.1016,56520.1,56520.0938,56519.8516
PScJ550202,56571.0,56571.0,56573.4102,56573.25
PScA470240,56305.5,56305.5,56302.2695,56307.9453
PScC490521,56368.8008,56368.8,56368.2031,56367.6367
PScF520062,56456.1016,56456.1,56456.4961,56456.9531
PScH540118,56518.5,56518.5,56518.8906,56519.0977
PScJ560027,56567.8008,56567.8,56569.1172,56568.7539
PScB480464,56341.3984,56341.4,56341.6719,56341.5938
PScD500100,56391.8008,56391.8,56391.3594,56391.25
PScF520188,56482.3008,56482.3,56481.5781,56481.9453
PScJ440005,56218.8984,56218.9,56219.6836,56219.2305
PScJ560054,56575.1016,56575.1,56575.8047,56575.6602
DES15E2uc,57268.3984,57268.4,57267.1445,57270.0586
DES16C1cim,57686.5,57686.5,57685.582,57686.918
DES16E2clk,57693.6992,57693.7,57693.1953,57693.0039
DES16S2afz,57648.0,57648.0,57648.5273,57648.332
DES15C3odz,57395.3008,57395.3,57395.25,57395.2812
DES15X2kvt,57304.8984,57304.9,57305.2656,57305.6016
DES16C2cva,57697.3008,57697.3,57697.8008,57697.8906
DES16E2cqq,57695.3008,57695.3,57694.832,57695.0742
DES16X3cry,57700.6992,57700.7,57700.6211,57700.5938
DES15E2mhy,57347.5,57347.5,57347.9023,57347.9414
DES15X2mey,57341.8008,57341.8,57339.1523,57340.8203
DES16C3cmy,57695.5,57695.5,57695.2734,57695.125
DES16S1agd,57644.3984,57644.4,57644.6914,57644.7852
DES16X3zd,57644.3984,57644.4,57644.8242,57644.7422
DES15E2nlz,57374.8008,57374.8,57375.0898,57375.1562
DES15X2nkz,57372.6992,57372.7,57372.6133,57373.0859
DES16E1dcx,57707.0,57707.0,57704.7734,57706.5273
DES16S1bno,57663.3984,57663.4,57663.0781,57663.2305
