kind,multiplicity,name,band,time,mag,magerr
raw_expected_unmatched,1,sn2004dt,V,249.79,15.575,0.006
raw_expected_unmatched,1,sn2004dt,V,250.81,15.63,0.009
raw_expected_unmatched,1,sn2004dt,V,251.83,15.677,0.008
raw_expected_unmatched,1,sn2004dt,V,252.86,15.723,0.006
raw_expected_unmatched,1,sn2004dt,V,253.78,15.77,0.006
raw_expected_unmatched,1,sn2004dt,V,256.75,15.95,0.006
raw_expected_unmatched,1,sn2004dt,V,257.73,16.012,0.008
raw_expected_unmatched,1,sn2004dt,V,258.76,16.078,0.008
raw_expected_unmatched,1,sn2004dt,V,259.78,16.151,0.006
raw_expected_unmatched,1,sn2004dt,V,260.8,16.227,0.008
raw_expected_unmatched,1,sn2004dt,V,261.71,16.325,0.01
raw_expected_unmatched,1,sn2004dt,V,262.7,16.402,0.009
raw_expected_unmatched,1,sn2004dt,V,263.76,16.518,0.013
raw_expected_unmatched,1,sn2004dt,V,264.75,16.589,0.013
raw_expected_unmatched,1,sn2004dt,V,265.79,16.66,0.009
raw_expected_unmatched,1,sn2004dt,V,266.73,16.735,0.007
raw_expected_unmatched,1,sn2004dt,V,267.74,16.796,0.008
raw_expected_unmatched,1,sn2004dt,V,268.74,16.853,0.007
raw_expected_unmatched,1,sn2004dt,V,269.68,16.931,0.008
raw_expected_unmatched,1,sn2004dt,V,270.68,16.951,0.006
raw_expected_unmatched,1,sn2004dt,V,271.79,16.99,0.007
raw_expected_unmatched,1,sn2004dt,V,272.78,17.023,0.008
raw_expected_unmatched,1,sn2004dt,V,273.79,17.052,0.009
raw_expected_unmatched,1,sn2004dt,V,274.71,17.082,0.009
raw_expected_unmatched,1,sn2004dt,V,275.74,17.12,0.009
raw_expected_unmatched,1,sn2004dt,V,276.74,17.154,0.01
raw_expected_unmatched,1,sn2004dt,V,277.69,17.16,0.016
raw_expected_unmatched,1,sn2004dt,V,278.77,17.169,0.017
raw_expected_unmatched,1,sn2004dt,V,279.7,17.201,0.01
raw_expected_unmatched,1,sn2004dt,V,280.71,17.25,0.011
raw_expected_unmatched,1,sn2004dt,V,281.72,17.269,0.009
raw_expected_unmatched,1,sn2004dt,V,284.83,17.363,0.01
raw_expected_unmatched,1,sn2004dt,V,287.69,17.406,0.008
raw_expected_unmatched,1,sn2004dt,V,289.77,17.45,0.009
raw_expected_unmatched,1,sn2004dt,V,291.69,17.5,0.008
raw_expected_unmatched,1,sn2004dt,V,293.73,17.539,0.009
raw_expected_unmatched,1,sn2004dt,V,294.79,17.562,0.007
raw_expected_unmatched,1,sn2004dt,V,295.75,17.577,0.011
raw_expected_unmatched,1,sn2004dt,V,299.69,17.67,0.011
raw_expected_unmatched,1,sn2004dt,V,324.69,18.189,0.009
raw_expected_unmatched,1,sn2004dt,V,329.7,18.298,0.013
raw_expected_unmatched,1,sn2004dt,V,331.62,18.323,0.015
raw_expected_unmatched,1,sn2004dt,V,341.61,18.55,0.011
raw_expected_unmatched,1,sn2004dt,V,345.63,18.641,0.012
raw_expected_unmatched,1,sn2004dt,V,349.61,18.724,0.012
raw_expected_unmatched,1,sn2004dt,V,365.62,19.051,0.024
raw_expected_unmatched,1,sn2004ef,V,255.69,17.875,0.006
raw_expected_unmatched,1,sn2004ef,V,256.65,17.644,0.007
raw_expected_unmatched,1,sn2004ef,V,257.66,17.476,0.007
raw_expected_unmatched,1,sn2004ef,V,258.63,17.334,0.006
raw_expected_unmatched,1,sn2004ef,V,259.63,17.209,0.005
raw_expected_unmatched,1,sn2004ef,V,260.66,17.104,0.006
raw_expected_unmatched,1,sn2004ef,V,261.6,17.028,0.006
raw_expected_unmatched,1,sn2004ef,V,262.57,16.994,0.005
raw_expected_unmatched,1,sn2004ef,V,263.6,16.949,0.007
raw_expected_unmatched,1,sn2004ef,V,264.6,16.919,0.007
raw_expected_unmatched,1,sn2004ef,V,265.65,16.91,0.005
raw_expected_unmatched,1,sn2004ef,V,266.63,16.914,0.005
raw_expected_unmatched,1,sn2004ef,V,267.62,16.929,0.007
raw_expected_unmatched,1,sn2004ef,V,268.64,16.952,0.005
raw_expected_unmatched,1,sn2004ef,V,270.59,17.015,0.005
raw_expected_unmatched,1,sn2004ef,V,271.6,17.063,0.006
raw_expected_unmatched,1,sn2004ef,V,272.65,17.125,0.006
raw_expected_unmatched,1,sn2004ef,V,273.69,17.191,0.007
raw_expected_unmatched,1,sn2004ef,V,274.64,17.267,0.008
raw_expected_unmatched,1,sn2004ef,V,275.68,17.319,0.012
raw_expected_unmatched,1,sn2004ef,V,276.65,17.415,0.014
raw_expected_unmatched,1,sn2004ef,V,277.6,17.48,0.012
raw_expected_unmatched,1,sn2004ef,V,278.61,17.551,0.011
raw_expected_unmatched,1,sn2004ef,V,279.62,17.612,0.009
raw_expected_unmatched,1,sn2004ef,V,280.61,17.692,0.008
raw_expected_unmatched,1,sn2004ef,V,281.61,17.767,0.008
raw_expected_unmatched,1,sn2004ef,V,287.62,18.165,0.008
raw_expected_unmatched,1,sn2004ef,V,289.63,18.353,0.009
raw_expected_unmatched,1,sn2004ef,V,290.61,18.429,0.01
raw_expected_unmatched,1,sn2004ef,V,291.6,18.528,0.01
raw_expected_unmatched,1,sn2004ef,V,292.6,18.607,0.011
raw_expected_unmatched,1,sn2004ef,V,294.61,18.743,0.01
raw_expected_unmatched,1,sn2004ef,V,295.64,18.834,0.01
raw_expected_unmatched,1,sn2004ef,V,300.6,19.028,0.016
raw_expected_unmatched,1,sn2004ef,V,301.59,19.111,0.025
raw_expected_unmatched,1,sn2004ef,V,302.61,19.08,0.027
raw_expected_unmatched,1,sn2004ef,V,303.6,19.174,0.035
raw_expected_unmatched,1,sn2004ef,V,305.61,19.182,0.027
raw_expected_unmatched,1,sn2004ef,V,308.61,19.262,0.028
raw_expected_unmatched,1,sn2004ef,V,309.61,19.256,0.027
raw_expected_unmatched,1,sn2004ef,V,310.6,19.315,0.017
raw_expected_unmatched,1,sn2004ef,V,311.61,19.343,0.014
raw_expected_unmatched,1,sn2004ef,V,321.59,19.599,0.02
raw_expected_unmatched,1,sn2004ef,V,329.57,19.761,0.037
raw_expected_unmatched,1,sn2004eo,V,266.52,17.356,0.01
raw_expected_unmatched,1,sn2004eo,V,267.52,16.983,0.012
raw_expected_unmatched,1,sn2004eo,V,268.52,16.671,0.01
raw_expected_unmatched,1,sn2004eo,V,269.54,16.369,0.012
raw_expected_unmatched,1,sn2004eo,V,270.55,16.16,0.009
raw_expected_unmatched,1,sn2004eo,V,271.55,16,0.01
raw_expected_unmatched,1,sn2004eo,V,272.55,15.852,0.011
raw_expected_unmatched,1,sn2004eo,V,273.54,15.729,0.011
raw_expected_unmatched,1,sn2004eo,V,274.51,15.627,0.011
raw_expected_unmatched,1,sn2004eo,V,275.52,15.568,0.027
raw_expected_unmatched,1,sn2004eo,V,276.58,15.494,0.015
raw_expected_unmatched,1,sn2004eo,V,277.51,15.465,0.012
raw_expected_unmatched,1,sn2004eo,V,278.51,15.443,0.012
raw_expected_unmatched,1,sn2004eo,V,279.52,15.421,0.01
raw_expected_unmatched,1,sn2004eo,V,280.51,15.418,0.009
raw_expected_unmatched,1,sn2004eo,V,281.51,15.419,0.01
raw_expected_unmatched,1,sn2004eo,V,285.55,15.586,0.056
raw_expected_unmatched,1,sn2004eo,V,287.56,15.607,0.01
raw_expected_unmatched,1,sn2004eo,V,288.56,15.688,0.01
raw_expected_unmatched,1,sn2004eo,V,289.57,15.745,0.01
raw_expected_unmatched,1,sn2004eo,V,290.57,15.82,0.009
raw_expected_unmatched,1,sn2004eo,V,291.55,15.898,0.009
raw_expected_unmatched,1,sn2004eo,V,292.55,15.978,0.01
raw_expected_unmatched,1,sn2004eo,V,294.5,16.141,0.01
raw_expected_unmatched,1,sn2004eo,V,295.5,16.199,0.011
raw_expected_unmatched,1,sn2004eo,V,298.53,16.408,0.012
raw_expected_unmatched,1,sn2004eo,V,300.51,16.547,0.013
raw_expected_unmatched,1,sn2004eo,V,301.51,16.606,0.014
raw_expected_unmatched,1,sn2004eo,V,302.51,16.684,0.013
raw_expected_unmatched,1,sn2004eo,V,303.51,16.732,0.014
raw_expected_unmatched,1,sn2004eo,V,304.52,16.802,0.089
raw_expected_unmatched,1,sn2004eo,V,305.51,16.895,0.017
raw_expected_unmatched,1,sn2004eo,V,307.55,16.994,0.024
raw_expected_unmatched,1,sn2004eo,V,308.52,17.122,0.01
raw_expected_unmatched,1,sn2004eo,V,309.51,17.186,0.011
raw_expected_unmatched,1,sn2004eo,V,310.52,17.261,0.011
raw_expected_unmatched,1,sn2004eo,V,311.52,17.3,0.011
raw_expected_unmatched,1,sn2004eo,V,329.53,17.907,0.015
raw_expected_unmatched,1,sn2004eo,V,341.54,18.15,0.029
raw_expected_unmatched,1,sn2004ey,V,295.53,15.987,0.006
raw_expected_unmatched,1,sn2004ey,V,298.68,15.521,0.006
raw_expected_unmatched,1,sn2004ey,V,299.52,15.444,0.007
raw_expected_unmatched,1,sn2004ey,V,300.55,15.363,0.007
raw_expected_unmatched,1,sn2004ey,V,301.54,15.303,0.006
raw_expected_unmatched,1,sn2004ey,V,302.55,15.248,0.006
raw_expected_unmatched,1,sn2004ey,V,303.55,15.222,0.007
raw_expected_unmatched,1,sn2004ey,V,304.57,15.205,0.005
raw_expected_unmatched,1,sn2004ey,V,305.55,15.199,0.007
raw_expected_unmatched,1,sn2004ey,V,307.58,15.222,0.005
raw_expected_unmatched,1,sn2004ey,V,308.56,15.24,0.006
raw_expected_unmatched,1,sn2004ey,V,309.55,15.267,0.007
raw_expected_unmatched,1,sn2004ey,V,310.55,15.291,0.005
raw_expected_unmatched,1,sn2004ey,V,311.56,15.326,0.006
raw_expected_unmatched,1,sn2004ey,V,314.57,15.476,0.005
raw_expected_unmatched,1,sn2004ey,V,315.56,15.532,0.008
raw_expected_unmatched,1,sn2004ey,V,328.54,16.262,0.008
raw_expected_unmatched,1,sn2004ey,V,330.58,16.403,0.009
raw_expected_unmatched,1,sn2004ey,V,331.53,16.464,0.009
raw_expected_unmatched,1,sn2004ey,V,335.54,16.709,0.009
raw_expected_unmatched,1,sn2004ey,V,337.53,16.803,0.009
raw_expected_unmatched,1,sn2004ey,V,338.55,16.874,0.006
raw_expected_unmatched,1,sn2004ey,V,339.54,16.945,0.008
raw_expected_unmatched,1,sn2004ey,V,340.56,16.996,0.009
raw_expected_unmatched,1,sn2004ey,V,342.52,17.08,0.026
raw_expected_unmatched,1,sn2004ey,V,344.54,17.181,0.01
raw_expected_unmatched,1,sn2004ey,V,346.54,17.269,0.01
raw_expected_unmatched,1,sn2004ey,V,348.54,17.335,0.012
raw_expected_unmatched,1,sn2004ey,V,351.54,17.422,0.012
raw_expected_unmatched,1,sn2004ey,V,352.55,17.429,0.017
raw_expected_unmatched,1,sn2004gc,V,329.83,17.349,0.01
raw_expected_unmatched,1,sn2004gc,V,330.78,17.359,0.01
raw_expected_unmatched,1,sn2004gc,V,331.76,17.363,0.009
raw_expected_unmatched,1,sn2004gc,V,332.75,17.389,0.009
raw_expected_unmatched,1,sn2004gc,V,333.79,17.408,0.008
raw_expected_unmatched,1,sn2004gc,V,336.76,17.561,0.011
raw_expected_unmatched,1,sn2004gc,V,337.78,17.602,0.011
raw_expected_unmatched,1,sn2004gc,V,340.76,17.812,0.011
raw_expected_unmatched,1,sn2004gc,V,341.76,17.888,0.009
raw_expected_unmatched,1,sn2004gc,V,344.75,18.079,0.013
raw_expected_unmatched,1,sn2004gc,V,345.74,18.185,0.011
raw_expected_unmatched,1,sn2004gc,V,348.8,18.384,0.013
raw_expected_unmatched,1,sn2004gc,V,349.79,18.394,0.04
raw_expected_unmatched,1,sn2004gc,V,352.73,18.603,0.014
raw_expected_unmatched,1,sn2004gc,V,353.69,18.693,0.015
raw_expected_unmatched,1,sn2004gc,V,356.76,18.892,0.013
raw_expected_unmatched,1,sn2004gc,V,361.68,19.231,0.018
raw_expected_unmatched,1,sn2004gc,V,369.71,19.413,0.036
raw_expected_unmatched,1,sn2004gc,V,372.71,19.577,0.02
raw_expected_unmatched,1,sn2004gc,V,373.7,19.552,0.029
raw_expected_unmatched,1,sn2004gc,V,376.71,19.668,0.024
raw_expected_unmatched,1,sn2004gc,V,380.72,19.849,0.059
raw_expected_unmatched,1,sn2004gc,V,381.7,19.703,0.031
raw_expected_unmatched,1,sn2004gc,V,385.7,19.888,0.026
raw_expected_unmatched,1,sn2004gc,V,387.71,19.867,0.031
raw_expected_unmatched,1,sn2004gc,V,390.62,19.947,0.049
raw_expected_unmatched,1,sn2004gc,V,394.65,19.996,0.069
raw_expected_unmatched,1,sn2004gc,V,397.66,20.038,0.051
raw_expected_unmatched,1,sn2004gs,V,352.85,17.314,0.009
raw_expected_unmatched,1,sn2004gs,V,353.82,17.241,0.007
raw_expected_unmatched,1,sn2004gs,V,356.83,17.098,0.008
raw_expected_unmatched,1,sn2004gs,V,357.77,17.075,0.009
raw_expected_unmatched,1,sn2004gs,V,361.76,17.158,0.01
raw_expected_unmatched,1,sn2004gs,V,362.8,17.199,0.009
raw_expected_unmatched,1,sn2004gs,V,363.79,17.272,0.011
raw_expected_unmatched,1,sn2004gs,V,365.76,17.393,0.014
raw_expected_unmatched,1,sn2004gs,V,372.75,18,0.013
raw_expected_unmatched,1,sn2004gs,V,373.79,18.092,0.014
raw_expected_unmatched,1,sn2004gs,V,376.81,18.337,0.014
raw_expected_unmatched,1,sn2004gs,V,377.74,18.392,0.015
raw_expected_unmatched,1,sn2004gs,V,380.77,18.665,0.036
raw_expected_unmatched,1,sn2004gs,V,381.76,18.718,0.027
raw_expected_unmatched,1,sn2004gs,V,383.77,18.883,0.022
raw_expected_unmatched,1,sn2004gs,V,384.73,18.974,0.037
raw_expected_unmatched,1,sn2004gs,V,385.76,19.024,0.019
raw_expected_unmatched,1,sn2004gs,V,386.73,19.065,0.021
raw_expected_unmatched,1,sn2004gs,V,387.75,19.095,0.026
raw_expected_unmatched,1,sn2004gs,V,388.74,19.22,0.029
raw_expected_unmatched,1,sn2004gs,V,389.71,19.23,0.03
raw_expected_unmatched,1,sn2004gs,V,390.7,19.281,0.028
raw_expected_unmatched,1,sn2004gs,V,391.66,19.257,0.041
raw_expected_unmatched,1,sn2004gs,V,392.69,19.213,0.092
raw_expected_unmatched,1,sn2004gs,V,393.73,19.37,0.134
raw_expected_unmatched,1,sn2004gs,V,394.74,19.392,0.075
raw_expected_unmatched,1,sn2004gs,V,398.7,19.537,0.045
raw_expected_unmatched,1,sn2004gs,V,400.65,19.562,0.033
raw_expected_unmatched,1,sn2004gs,V,403.68,19.638,0.017
raw_expected_unmatched,1,sn2004gs,V,406.68,19.713,0.016
raw_expected_unmatched,1,sn2004gs,V,407.7,19.748,0.023
raw_expected_unmatched,1,sn2004gs,V,408.69,19.785,0.017
raw_expected_unmatched,1,sn2004gs,V,409.68,19.807,0.021
raw_expected_unmatched,1,sn2004gs,V,410.7,19.847,0.019
raw_expected_unmatched,1,sn2004gs,V,411.69,19.832,0.022
raw_expected_unmatched,1,sn2004gs,V,412.68,19.863,0.024
raw_expected_unmatched,1,sn2004gs,V,415.68,19.964,0.017
raw_expected_unmatched,1,sn2004gs,V,416.7,2E+1,0.018
raw_expected_unmatched,1,sn2004gs,V,417.67,20.059,0.028
raw_expected_unmatched,1,sn2004gs,V,418.67,20.031,0.027
raw_expected_unmatched,1,sn2004gs,V,419.73,20.032,0.03
raw_expected_unmatched,1,sn2004gs,V,420.65,20.121,0.054
raw_expected_unmatched,1,sn2004gs,V,421.68,20.046,0.111
raw_expected_unmatched,1,sn2004gs,V,425.63,20.309,0.131
raw_expected_unmatched,1,sn2004gs,V,426.63,20.267,0.078
raw_expected_unmatched,1,sn2004gs,V,427.63,20.164,0.067
raw_expected_unmatched,1,sn2004gs,V,428.58,20.323,0.147
raw_expected_unmatched,1,sn2004gs,V,429.6,20.362,0.04
raw_expected_unmatched,1,sn2004gs,V,432.71,20.345,0.044
raw_expected_unmatched,1,sn2004gs,V,444.6,20.57,0.029
raw_expected_unmatched,1,sn2004gs,V,445.6,20.688,0.033
raw_expected_unmatched,1,sn2004gs,V,446.59,20.668,0.05
raw_expected_unmatched,1,sn2004gs,V,461.56,21.026,0.057
raw_expected_unmatched,1,sn2004gu,V,357.86,17.437,0.02
raw_expected_unmatched,1,sn2004gu,V,361.84,17.395,0.014
raw_expected_unmatched,1,sn2004gu,V,363.86,17.411,0.01
raw_expected_unmatched,1,sn2004gu,V,365.85,17.404,0.012
raw_expected_unmatched,1,sn2004gu,V,369.86,17.573,0.013
raw_expected_unmatched,1,sn2004gu,V,373.85,17.678,0.011
raw_expected_unmatched,1,sn2004gu,V,376.86,17.863,0.01
raw_expected_unmatched,1,sn2004gu,V,380.86,18.067,0.012
raw_expected_unmatched,1,sn2004gu,V,381.85,18.134,0.017
raw_expected_unmatched,1,sn2004gu,V,384.83,18.284,0.01
raw_expected_unmatched,1,sn2004gu,V,385.85,18.318,0.012
raw_expected_unmatched,1,sn2004gu,V,386.82,18.385,0.013
raw_expected_unmatched,1,sn2004gu,V,387.81,18.457,0.013
raw_expected_unmatched,1,sn2004gu,V,388.82,18.468,0.012
raw_expected_unmatched,1,sn2004gu,V,390.86,18.571,0.015
raw_expected_unmatched,1,sn2004gu,V,391.81,18.666,0.013
raw_expected_unmatched,1,sn2004gu,V,393.83,18.748,0.019
raw_expected_unmatched,1,sn2004gu,V,394.83,18.774,0.02
raw_expected_unmatched,1,sn2004gu,V,399.84,19.083,0.025
raw_expected_unmatched,1,sn2004gu,V,401.84,19.306,0.034
raw_expected_unmatched,1,sn2004gu,V,402.87,19.217,0.018
raw_expected_unmatched,1,sn2004gu,V,403.83,19.312,0.019
raw_expected_unmatched,1,sn2004gu,V,404.85,19.385,0.019
raw_expected_unmatched,1,sn2004gu,V,406.84,19.451,0.018
raw_expected_unmatched,1,sn2004gu,V,408.82,19.499,0.017
raw_expected_unmatched,1,sn2004gu,V,410.84,19.491,0.021
raw_expected_unmatched,1,sn2005a,V,376.65,17.45,0.01
raw_expected_unmatched,1,sn2005a,V,377.62,17.366,0.01
raw_expected_unmatched,1,sn2005a,V,381.59,17.283,0.013
raw_expected_unmatched,1,sn2005a,V,383.63,17.306,0.01
raw_expected_unmatched,1,sn2005a,V,385.58,17.334,0.011
raw_expected_unmatched,1,sn2005a,V,386.59,17.413,0.013
raw_expected_unmatched,1,sn2005a,V,387.62,17.449,0.012
raw_expected_unmatched,1,sn2005a,V,389.55,17.557,0.017
raw_expected_unmatched,1,sn2005a,V,390.55,17.612,0.017
raw_expected_unmatched,1,sn2005a,V,391.62,17.699,0.018
raw_expected_unmatched,1,sn2005a,V,394.56,17.885,0.018
raw_expected_unmatched,1,sn2005a,V,396.54,17.995,0.015
raw_expected_unmatched,1,sn2005a,V,398.58,18.09,0.02
raw_expected_unmatched,1,sn2005a,V,399.58,18.131,0.014
raw_expected_unmatched,1,sn2005a,V,400.6,18.158,0.017
raw_expected_unmatched,1,sn2005a,V,404.61,18.382,0.017
raw_expected_unmatched,1,sn2005a,V,406.59,18.538,0.02
raw_expected_unmatched,1,sn2005a,V,407.56,18.635,0.021
raw_expected_unmatched,1,sn2005a,V,408.57,18.709,0.021
raw_expected_unmatched,1,sn2005a,V,409.56,18.798,0.022
raw_expected_unmatched,1,sn2005a,V,410.55,18.853,0.018
raw_expected_unmatched,1,sn2005a,V,411.57,18.87,0.033
raw_expected_unmatched,1,sn2005a,V,412.56,18.961,0.026
raw_expected_unmatched,1,sn2005a,V,414.57,19.055,0.026
raw_expected_unmatched,1,sn2005a,V,415.57,19.029,0.023
raw_expected_unmatched,1,sn2005a,V,416.57,19.185,0.029
raw_expected_unmatched,1,sn2005a,V,418.56,19.231,0.027
raw_expected_unmatched,1,sn2005a,V,420.57,19.366,0.066
raw_expected_unmatched,1,sn2005ag,V,412.82,18.515,0.017
raw_expected_unmatched,1,sn2005ag,V,413.82,18.499,0.017
raw_expected_unmatched,1,sn2005ag,V,414.87,18.509,0.011
raw_expected_unmatched,1,sn2005ag,V,415.86,18.506,0.012
raw_expected_unmatched,1,sn2005ag,V,416.86,18.525,0.011
raw_expected_unmatched,1,sn2005ag,V,417.85,18.532,0.013
raw_expected_unmatched,1,sn2005ag,V,418.87,18.535,0.013
raw_expected_unmatched,1,sn2005ag,V,419.86,18.569,0.013
raw_expected_unmatched,1,sn2005ag,V,420.89,18.625,0.034
raw_expected_unmatched,1,sn2005ag,V,421.88,18.641,0.015
raw_expected_unmatched,1,sn2005ag,V,422.82,18.671,0.015
raw_expected_unmatched,1,sn2005ag,V,424.82,18.76,0.028
raw_expected_unmatched,1,sn2005ag,V,425.8,18.835,0.044
raw_expected_unmatched,1,sn2005ag,V,426.85,18.801,0.034
raw_expected_unmatched,1,sn2005ag,V,427.84,18.942,0.03
raw_expected_unmatched,1,sn2005ag,V,428.87,18.986,0.033
raw_expected_unmatched,1,sn2005ag,V,429.84,18.959,0.052
raw_expected_unmatched,1,sn2005ag,V,430.89,19.096,0.027
raw_expected_unmatched,1,sn2005ag,V,431.88,19.185,0.032
raw_expected_unmatched,1,sn2005ag,V,432.87,19.275,0.026
raw_expected_unmatched,1,sn2005ag,V,436.82,19.529,0.021
raw_expected_unmatched,1,sn2005ag,V,444.86,20.14,0.032
raw_expected_unmatched,1,sn2005ag,V,445.85,20.2,0.031
raw_expected_unmatched,1,sn2005ag,V,446.86,20.191,0.033
raw_expected_unmatched,1,sn2005ag,V,452.8,20.574,0.078
raw_expected_unmatched,1,sn2005ag,V,453.75,20.62,0.092
raw_expected_unmatched,1,sn2005ag,V,455.83,20.624,0.15
raw_expected_unmatched,1,sn2005ag,V,456.83,20.714,0.095
raw_expected_unmatched,1,sn2005ag,V,457.83,20.856,0.118
raw_expected_unmatched,1,sn2005ag,V,458.82,20.731,0.094
raw_expected_unmatched,1,sn2005ag,V,459.85,20.886,0.079
raw_expected_unmatched,1,sn2005ag,V,460.78,20.985,0.096
raw_expected_unmatched,1,sn2005ag,V,464.85,21.006,0.084
raw_expected_unmatched,1,sn2005ag,V,465.85,20.921,0.05
raw_expected_unmatched,1,sn2005ag,V,466.85,20.998,0.058
raw_expected_unmatched,1,sn2005ag,V,467.83,20.976,0.046
raw_expected_unmatched,1,sn2005ag,V,468.8,21.01,0.033
raw_expected_unmatched,1,sn2005ag,V,472.86,21.102,0.04
raw_expected_unmatched,1,sn2005ag,V,474.78,21.065,0.036
raw_expected_unmatched,1,sn2005ag,V,475.83,21.142,0.046
raw_expected_unmatched,1,sn2005ag,V,477.75,21.082,0.043
raw_expected_unmatched,1,sn2005ag,V,478.83,21.206,0.073
raw_expected_unmatched,1,sn2005ag,V,479.84,21.155,0.046
raw_expected_unmatched,1,sn2005al,V,429.76,15.098,0.007
raw_expected_unmatched,1,sn2005al,V,430.8,15.08,0.008
raw_expected_unmatched,1,sn2005al,V,431.82,15.082,0.007
raw_expected_unmatched,1,sn2005al,V,432.81,15.089,0.008
raw_expected_unmatched,1,sn2005al,V,436.79,15.227,0.005
raw_expected_unmatched,1,sn2005al,V,444.81,15.751,0.01
raw_expected_unmatched,1,sn2005al,V,445.81,15.82,0.009
raw_expected_unmatched,1,sn2005al,V,446.82,15.876,0.007
raw_expected_unmatched,1,sn2005al,V,452.76,16.226,0.01
raw_expected_unmatched,1,sn2005al,V,453.7,16.306,0.009
raw_expected_unmatched,1,sn2005al,V,454.75,16.382,0.009
raw_expected_unmatched,1,sn2005al,V,455.79,16.501,0.011
raw_expected_unmatched,1,sn2005al,V,456.79,16.569,0.01
raw_expected_unmatched,1,sn2005al,V,457.77,16.667,0.012
raw_expected_unmatched,1,sn2005al,V,458.77,16.729,0.011
raw_expected_unmatched,1,sn2005al,V,459.79,16.796,0.01
raw_expected_unmatched,1,sn2005al,V,460.73,16.885,0.011
raw_expected_unmatched,1,sn2005al,V,461.7,16.947,0.012
raw_expected_unmatched,1,sn2005al,V,464.8,17.106,0.011
raw_expected_unmatched,1,sn2005al,V,465.8,17.157,0.01
raw_expected_unmatched,1,sn2005al,V,466.81,17.2,0.01
raw_expected_unmatched,1,sn2005al,V,467.78,17.217,0.01
raw_expected_unmatched,1,sn2005al,V,468.75,17.258,0.01
raw_expected_unmatched,1,sn2005al,V,473.72,17.438,0.009
raw_expected_unmatched,1,sn2005al,V,474.84,17.479,0.012
raw_expected_unmatched,1,sn2005al,V,475.73,17.512,0.011
raw_expected_unmatched,1,sn2005al,V,476.82,17.534,0.011
raw_expected_unmatched,1,sn2005al,V,477.86,17.574,0.011
raw_expected_unmatched,1,sn2005al,V,478.77,17.597,0.012
raw_expected_unmatched,1,sn2005al,V,479.74,17.619,0.014
raw_expected_unmatched,1,sn2005al,V,480.75,17.643,0.014
raw_expected_unmatched,1,sn2005al,V,483.75,17.699,0.038
raw_expected_unmatched,1,sn2005al,V,490.73,17.912,0.014
raw_expected_unmatched,1,sn2005al,V,491.73,17.951,0.015
raw_expected_unmatched,1,sn2005al,V,512.79,18.45,0.034
raw_expected_unmatched,1,sn2005am,V,436.63,13.792,0.003
raw_expected_unmatched,1,sn2005am,V,438.6,13.776,0.005
raw_expected_unmatched,1,sn2005am,V,444.65,13.986,0.007
raw_expected_unmatched,1,sn2005am,V,445.64,14.053,0.006
raw_expected_unmatched,1,sn2005am,V,452.57,14.553,0.009
raw_expected_unmatched,1,sn2005am,V,453.56,14.63,0.007
raw_expected_unmatched,1,sn2005am,V,454.58,14.704,0.008
raw_expected_unmatched,1,sn2005am,V,455.65,14.78,0.007
raw_expected_unmatched,1,sn2005am,V,456.56,14.855,0.007
raw_expected_unmatched,1,sn2005am,V,457.57,14.94,0.007
raw_expected_unmatched,1,sn2005am,V,458.54,15.05,0.006
raw_expected_unmatched,1,sn2005am,V,459.67,15.166,0.007
raw_expected_unmatched,1,sn2005am,V,460.5,15.244,0.007
raw_expected_unmatched,1,sn2005am,V,461.5,15.35,0.008
raw_expected_unmatched,1,sn2005am,V,464.53,15.569,0.009
raw_expected_unmatched,1,sn2005am,V,465.53,15.639,0.007
raw_expected_unmatched,1,sn2005am,V,466.52,15.68,0.007
raw_expected_unmatched,1,sn2005am,V,467.63,15.727,0.006
raw_expected_unmatched,1,sn2005am,V,468.53,15.779,0.008
raw_expected_unmatched,1,sn2005am,V,472.5,15.934,0.007
raw_expected_unmatched,1,sn2005am,V,473.48,15.958,0.007
raw_expected_unmatched,1,sn2005am,V,474.5,15.999,0.007
raw_expected_unmatched,1,sn2005am,V,475.49,16.037,0.007
raw_expected_unmatched,1,sn2005am,V,478.48,16.122,0.009
raw_expected_unmatched,1,sn2005am,V,479.48,16.097,0.029
raw_expected_unmatched,1,sn2005am,V,480.48,16.197,0.011
raw_expected_unmatched,1,sn2005am,V,481.47,16.211,0.009
raw_expected_unmatched,1,sn2005am,V,482.51,16.261,0.013
raw_expected_unmatched,1,sn2005am,V,483.51,16.277,0.011
raw_expected_unmatched,1,sn2005am,V,489.5,16.45,0.009
raw_expected_unmatched,1,sn2005am,V,512.46,17.079,0.015
raw_expected_unmatched,1,sn2005be,V,467.89,17.177,0.006
raw_expected_unmatched,1,sn2005be,V,468.85,17.245,0.006
raw_expected_unmatched,1,sn2005be,V,472.8,17.524,0.009
raw_expected_unmatched,1,sn2005be,V,473.81,17.604,0.008
raw_expected_unmatched,1,sn2005be,V,475.77,17.736,0.009
raw_expected_unmatched,1,sn2005be,V,476.78,17.841,0.01
raw_expected_unmatched,1,sn2005be,V,477.81,17.92,0.009
raw_expected_unmatched,1,sn2005be,V,481.76,18.246,0.016
raw_expected_unmatched,1,sn2005be,V,483.8,18.438,0.024
raw_expected_unmatched,1,sn2005be,V,484.76,18.421,0.045
raw_expected_unmatched,1,sn2005be,V,489.75,18.917,0.033
raw_expected_unmatched,1,sn2005be,V,490.77,18.966,0.014
raw_expected_unmatched,1,sn2005be,V,491.77,19.02,0.016
raw_expected_unmatched,1,sn2005bg,V,471.65,15.905,0.006
raw_expected_unmatched,1,sn2005bg,V,472.67,15.919,0.006
raw_expected_unmatched,1,sn2005bg,V,473.65,15.955,0.007
raw_expected_unmatched,1,sn2005bg,V,474.65,15.953,0.007
raw_expected_unmatched,1,sn2005bg,V,475.68,16.002,0.007
raw_expected_unmatched,1,sn2005bg,V,476.67,16.019,0.011
raw_expected_unmatched,1,sn2005bg,V,477.69,16.116,0.011
raw_expected_unmatched,1,sn2005bg,V,478.71,16.145,0.008
raw_expected_unmatched,1,sn2005bg,V,479.7,16.209,0.007
raw_expected_unmatched,1,sn2005bg,V,480.7,16.236,0.009
raw_expected_unmatched,1,sn2005bg,V,481.66,16.34,0.008
raw_expected_unmatched,1,sn2005bg,V,483.68,16.468,0.01
raw_expected_unmatched,1,sn2005bg,V,484.7,16.512,0.011
raw_expected_unmatched,1,sn2005bg,V,489.64,16.77,0.008
raw_expected_unmatched,1,sn2005bg,V,490.65,16.819,0.011
raw_expected_unmatched,1,sn2005bg,V,491.62,16.875,0.013
raw_expected_unmatched,1,sn2005bg,V,512.61,18.029,0.019
raw_expected_unmatched,1,sn2005bl,V,476.61,18.907,0.015
raw_expected_unmatched,1,sn2005bl,V,477.63,18.65,0.013
raw_expected_unmatched,1,sn2005bl,V,478.65,18.431,0.016
raw_expected_unmatched,1,sn2005bl,V,479.64,18.288,0.018
raw_expected_unmatched,1,sn2005bl,V,480.65,18.144,0.015
raw_expected_unmatched,1,sn2005bl,V,481.6,18.059,0.016
raw_expected_unmatched,1,sn2005bl,V,483.63,17.943,0.016
raw_expected_unmatched,1,sn2005bl,V,484.64,17.874,0.017
raw_expected_unmatched,1,sn2005bl,V,489.59,18.218,0.011
raw_expected_unmatched,1,sn2005bl,V,490.6,18.346,0.011
raw_expected_unmatched,1,sn2005bl,V,491.56,18.46,0.013
raw_expected_unmatched,1,sn2005bl,V,512.57,19.956,0.057
raw_expected_unmatched,1,sn2005bo,V,478.75,15.578,0.011
raw_expected_unmatched,1,sn2005bo,V,479.72,15.579,0.011
raw_expected_unmatched,1,sn2005bo,V,480.73,15.553,0.013
raw_expected_unmatched,1,sn2005bo,V,481.69,15.581,0.011
raw_expected_unmatched,1,sn2005bo,V,484.74,15.678,0.021
raw_expected_unmatched,1,sn2005bo,V,487.72,15.812,0.012
raw_expected_unmatched,1,sn2005bo,V,489.72,15.945,0.009
raw_expected_unmatched,1,sn2005bo,V,490.7,16.013,0.012
raw_expected_unmatched,1,sn2005bo,V,491.71,16.089,0.015
raw_expected_unmatched,1,sn2005bo,V,512.76,17.501,0.063
raw_expected_unmatched,1,sn2005el,V,639.89,15.822,0.006
raw_expected_unmatched,1,sn2005el,V,641.88,15.521,0.004
raw_expected_unmatched,1,sn2005el,V,655.84,15.536,0.005
raw_expected_unmatched,1,sn2005el,V,659.79,15.839,0.005
raw_expected_unmatched,1,sn2005el,V,663.82,16.101,0.005
raw_expected_unmatched,1,sn2005el,V,665.83,16.228,0.005
raw_expected_unmatched,1,sn2005el,V,666.8,16.284,0.005
raw_expected_unmatched,1,sn2005el,V,669.82,16.53,0.004
raw_expected_unmatched,1,sn2005el,V,671.83,16.684,0.005
raw_expected_unmatched,1,sn2005el,V,673.82,16.831,0.008
raw_expected_unmatched,1,sn2005el,V,675.84,17.001,0.009
raw_expected_unmatched,1,sn2005el,V,682.83,17.346,0.017
raw_expected_unmatched,1,sn2005el,V,683.81,17.397,0.007
raw_expected_unmatched,1,sn2005el,V,687.78,17.535,0.012
raw_expected_unmatched,1,sn2005el,V,689.81,17.589,0.016
raw_expected_unmatched,1,sn2005el,V,690.83,17.596,0.017
raw_expected_unmatched,1,sn2005el,V,694.83,17.744,0.015
raw_expected_unmatched,1,sn2005el,V,698.77,17.867,0.011
raw_expected_unmatched,1,sn2005el,V,699.76,17.868,0.011
raw_expected_unmatched,1,sn2005el,V,702.76,17.966,0.011
raw_expected_unmatched,1,sn2005el,V,712.74,18.253,0.013
raw_expected_unmatched,1,sn2005el,V,721.71,18.468,0.03
raw_expected_unmatched,1,sn2005el,V,730.75,18.761,0.019
raw_expected_unmatched,1,sn2005eq,V,650.81,16.52,0.006
raw_expected_unmatched,1,sn2005eq,V,655.77,16.465,0.009
raw_expected_unmatched,1,sn2005eq,V,658.71,16.495,0.008
raw_expected_unmatched,1,sn2005eq,V,659.69,16.516,0.009
raw_expected_unmatched,1,sn2005eq,V,662.77,16.606,0.012
raw_expected_unmatched,1,sn2005eq,V,663.73,16.644,0.009
raw_expected_unmatched,1,sn2005eq,V,665.71,16.737,0.009
raw_expected_unmatched,1,sn2005eq,V,666.76,16.782,0.008
raw_expected_unmatched,1,sn2005eq,V,669.73,16.949,0.008
raw_expected_unmatched,1,sn2005eq,V,671.77,17.078,0.009
raw_expected_unmatched,1,sn2005eq,V,673.77,17.169,0.01
raw_expected_unmatched,1,sn2005eq,V,675.74,17.27,0.013
raw_expected_unmatched,1,sn2005eq,V,682.79,17.632,0.041
raw_expected_unmatched,1,sn2005eq,V,683.74,17.694,0.012
raw_expected_unmatched,1,sn2005eq,V,687.75,17.87,0.017
raw_expected_unmatched,1,sn2005eq,V,694.73,18.273,0.016
raw_expected_unmatched,1,sn2005eq,V,698.67,18.459,0.015
raw_expected_unmatched,1,sn2005eq,V,699.7,18.529,0.017
raw_expected_unmatched,1,sn2005eq,V,707.75,18.769,0.022
raw_expected_unmatched,1,sn2005eq,V,712.69,18.884,0.019
raw_expected_unmatched,1,sn2005eq,V,721.63,19.07,0.038
raw_expected_unmatched,1,sn2005eq,V,726.69,19.233,0.028
raw_expected_unmatched,1,sn2005eq,V,730.7,19.267,0.027
raw_expected_unmatched,1,sn2005eq,V,737.66,19.456,0.031
raw_expected_unmatched,1,sn2005eq,V,741.62,19.516,0.03
raw_expected_unmatched,1,sn2005eq,V,746.65,19.671,0.055
raw_expected_unmatched,1,sn2005gj,V,698.7,17.552,0.01
raw_expected_unmatched,1,sn2005gj,V,699.68,17.559,0.013
raw_expected_unmatched,1,sn2005gj,V,702.68,17.613,0.012
raw_expected_unmatched,1,sn2005gj,V,706.69,17.682,0.013
raw_expected_unmatched,1,sn2005gj,V,712.65,17.764,0.012
raw_expected_unmatched,1,sn2005gj,V,720.66,17.885,0.019
raw_expected_unmatched,1,sn2005gj,V,725.65,17.971,0.014
raw_expected_unmatched,1,sn2005gj,V,728.7,18.024,0.014
raw_expected_unmatched,1,sn2005gj,V,736.62,18.141,0.014
raw_expected_unmatched,1,sn2005gj,V,740.65,18.197,0.015
raw_expected_unmatched,1,sn2005gj,V,741.6,18.225,0.017
raw_expected_unmatched,1,sn2005gj,V,746.62,18.235,0.02
raw_expected_unmatched,1,sn2005hc,V,662.72,17.557,0.012
raw_expected_unmatched,1,sn2005hc,V,663.69,17.499,0.009
raw_expected_unmatched,1,sn2005hc,V,665.66,17.411,0.008
raw_expected_unmatched,1,sn2005hc,V,666.72,17.396,0.008
raw_expected_unmatched,1,sn2005hc,V,669.65,17.401,0.007
raw_expected_unmatched,1,sn2005hc,V,671.74,17.416,0.008
raw_expected_unmatched,1,sn2005hc,V,673.72,17.456,0.009
raw_expected_unmatched,1,sn2005hc,V,675.7,17.528,0.01
raw_expected_unmatched,1,sn2005hc,V,682.75,17.919,0.016
raw_expected_unmatched,1,sn2005hc,V,684.7,18.005,0.01
raw_expected_unmatched,1,sn2005hc,V,687.71,18.164,0.012
raw_expected_unmatched,1,sn2005hc,V,690.73,18.358,0.02
raw_expected_unmatched,1,sn2005hc,V,695.75,18.639,0.015
raw_expected_unmatched,1,sn2005hc,V,699.65,18.869,0.014
raw_expected_unmatched,1,sn2005hc,V,703.69,19.132,0.017
raw_expected_unmatched,1,sn2005hc,V,713.55,19.559,0.021
raw_expected_unmatched,1,sn2005hc,V,722.63,19.796,0.03
raw_expected_unmatched,1,sn2005hc,V,726.63,19.892,0.023
raw_expected_unmatched,1,sn2005hc,V,730.66,20.026,0.024
raw_expected_unmatched,1,sn2005hc,V,737.59,20.161,0.03
raw_expected_unmatched,1,sn2005hc,V,739.63,20.192,0.032
raw_expected_unmatched,1,sn2005hc,V,740.61,20.126,0.034
raw_expected_unmatched,1,sn2005hc,V,746.58,20.29,0.066
raw_expected_unmatched,1,sn2005hj,V,671.67,17.808,0.009
raw_expected_unmatched,1,sn2005hj,V,673.66,17.765,0.01
raw_expected_unmatched,1,sn2005hj,V,675.64,17.805,0.015
raw_expected_unmatched,1,sn2005hj,V,682.69,17.959,0.022
raw_expected_unmatched,1,sn2005hj,V,683.66,18.011,0.012
raw_expected_unmatched,1,sn2005hj,V,690.68,18.304,0.033
raw_expected_unmatched,1,sn2005hj,V,695.7,18.659,0.014
raw_expected_unmatched,1,sn2005hj,V,702.66,19.046,0.017
raw_expected_unmatched,1,sn2005hj,V,707.72,19.19,0.028
raw_expected_unmatched,1,sn2005hj,V,712.6,19.691,0.031
raw_expected_unmatched,1,sn2005hj,V,725.63,20.15,0.044
raw_expected_unmatched,1,sn2005hj,V,729.63,20.201,0.052
raw_expected_unmatched,1,sn2005hj,V,739.6,20.367,0.046
raw_expected_unmatched,1,sn2005hj,V,747.57,20.511,0.128
raw_expected_unmatched,1,sn2005hk,V,675.61,16.866,0.01
raw_expected_unmatched,1,sn2005hk,V,682.58,15.937,0.006
raw_expected_unmatched,1,sn2005hk,V,683.58,15.877,0.007
raw_expected_unmatched,1,sn2005hk,V,684.62,15.825,0.007
raw_expected_unmatched,1,sn2005hk,V,687.59,15.73,0.009
raw_expected_unmatched,1,sn2005hk,V,689.66,15.765,0.008
raw_expected_unmatched,1,sn2005hk,V,690.61,15.762,0.007
raw_expected_unmatched,1,sn2005hk,V,694.65,15.932,0.008
raw_expected_unmatched,1,sn2005hk,V,695.64,15.981,0.007
raw_expected_unmatched,1,sn2005hk,V,698.59,16.24,0.006
raw_expected_unmatched,1,sn2005hk,V,699.62,16.324,0.007
raw_expected_unmatched,1,sn2005hk,V,702.63,16.585,0.008
raw_expected_unmatched,1,sn2005hk,V,706.66,16.887,0.009
raw_expected_unmatched,1,sn2005hk,V,712.57,17.182,0.011
raw_expected_unmatched,1,sn2005hk,V,720.57,17.471,0.015
raw_expected_unmatched,1,sn2005hk,V,725.6,17.574,0.012
raw_expected_unmatched,1,sn2005hk,V,728.61,17.663,0.01
raw_expected_unmatched,1,sn2005hk,V,730.62,17.7,0.011
raw_expected_unmatched,1,sn2005hk,V,736.56,17.787,0.009
raw_expected_unmatched,1,sn2005hk,V,739.56,17.845,0.01
raw_expected_unmatched,1,sn2005hk,V,745.55,17.93,0.019
raw_expected_unmatched,1,sn2005hk,V,748.57,17.995,0.024
raw_expected_unmatched,1,sn2005iq,V,682.55,17.187,0.009
raw_expected_unmatched,1,sn2005iq,V,683.56,17.081,0.01
raw_expected_unmatched,1,sn2005iq,V,684.6,17.001,0.01
raw_expected_unmatched,1,sn2005iq,V,687.55,16.871,0.009
raw_expected_unmatched,1,sn2005iq,V,689.63,16.864,0.011
raw_expected_unmatched,1,sn2005iq,V,690.58,16.869,0.011
raw_expected_unmatched,1,sn2005iq,V,694.62,17.022,0.009
raw_expected_unmatched,1,sn2005iq,V,695.61,17.077,0.01
raw_expected_unmatched,1,sn2005iq,V,698.57,17.27,0.008
raw_expected_unmatched,1,sn2005iq,V,699.6,17.339,0.008
raw_expected_unmatched,1,sn2005iq,V,702.61,17.542,0.011
raw_expected_unmatched,1,sn2005iq,V,706.64,17.822,0.011
raw_expected_unmatched,1,sn2005iq,V,716.61,18.543,0.028
raw_expected_unmatched,1,sn2005iq,V,721.58,18.853,0.033
raw_expected_unmatched,1,sn2005iq,V,726.6,19.106,0.028
raw_expected_unmatched,1,sn2005iq,V,730.59,19.239,0.021
raw_expected_unmatched,1,sn2005iq,V,738.54,19.443,0.022
raw_expected_unmatched,1,sn2005iq,V,746.55,19.676,0.054
raw_expected_unmatched,1,sn2005ir,V,682.62,18.456,0.023
raw_expected_unmatched,1,sn2005ir,V,683.62,18.375,0.025
raw_expected_unmatched,1,sn2005ir,V,684.66,18.402,0.019
raw_expected_unmatched,1,sn2005ir,V,687.64,18.33,0.028
raw_expected_unmatched,1,sn2005ir,V,690.64,18.393,0.03
raw_expected_unmatched,1,sn2005ir,V,694.69,18.615,0.017
raw_expected_unmatched,1,sn2005ir,V,695.67,18.695,0.016
raw_expected_unmatched,1,sn2005ir,V,698.62,18.806,0.017
raw_expected_unmatched,1,sn2005ir,V,703.65,19.172,0.019
raw_expected_unmatched,1,sn2005ir,V,707.68,19.37,0.019
raw_expected_unmatched,1,sn2005ir,V,722.6,20.479,0.044
raw_expected_unmatched,1,sn2005ir,V,728.63,20.655,0.04
raw_expected_unmatched,1,sn2005kc,V,687.52,17.01,0.013
raw_expected_unmatched,1,sn2005kc,V,689.57,16.502,0.011
raw_expected_unmatched,1,sn2005kc,V,690.54,16.347,0.008
raw_expected_unmatched,1,sn2005kc,V,694.58,15.899,0.007
raw_expected_unmatched,1,sn2005kc,V,695.59,15.852,0.009
raw_expected_unmatched,1,sn2005kc,V,698.55,15.769,0.006
raw_expected_unmatched,1,sn2005kc,V,699.54,15.758,0.008
raw_expected_unmatched,1,sn2005kc,V,702.55,15.803,0.007
raw_expected_unmatched,1,sn2005kc,V,706.56,15.93,0.007
raw_expected_unmatched,1,sn2005kc,V,712.53,16.343,0.01
raw_expected_unmatched,1,sn2005kc,V,716.54,16.63,0.01
raw_expected_unmatched,1,sn2005kc,V,720.54,16.848,0.011
raw_expected_unmatched,1,sn2005kc,V,728.54,17.345,0.014
raw_expected_unmatched,1,sn2005ke,V,689.69,16.247,0.01
raw_expected_unmatched,1,sn2005ke,V,690.77,15.768,0.009
raw_expected_unmatched,1,sn2005ke,V,694.76,14.755,0.008
raw_expected_unmatched,1,sn2005ke,V,695.72,14.619,0.01
raw_expected_unmatched,1,sn2005ke,V,698.72,14.3,0.006
raw_expected_unmatched,1,sn2005ke,V,699.72,14.25,0.009
raw_expected_unmatched,1,sn2005ke,V,702.71,14.253,0.011
raw_expected_unmatched,1,sn2005ke,V,703.77,14.291,0.009
raw_expected_unmatched,1,sn2005ke,V,706.72,14.562,0.011
raw_expected_unmatched,1,sn2005ke,V,707.83,14.691,0.01
raw_expected_unmatched,1,sn2005ke,V,712.71,15.193,0.01
raw_expected_unmatched,1,sn2005ke,V,713.68,15.288,0.008
raw_expected_unmatched,1,sn2005ke,V,716.67,15.527,0.006
raw_expected_unmatched,1,sn2005ke,V,720.68,15.813,0.01
raw_expected_unmatched,1,sn2005ke,V,721.66,15.879,0.01
raw_expected_unmatched,1,sn2005ke,V,725.72,16.106,0.009
raw_expected_unmatched,1,sn2005ke,V,730.72,16.335,0.009
raw_expected_unmatched,1,sn2005ke,V,736.67,16.54,0.009
raw_expected_unmatched,1,sn2005ke,V,737.68,16.569,0.01
raw_expected_unmatched,1,sn2005ke,V,741.65,16.721,0.009
raw_expected_unmatched,1,sn2005ke,V,746.68,16.87,0.011
raw_expected_unmatched,1,sn2005ki,V,695.86,16.965,0.009
raw_expected_unmatched,1,sn2005ki,V,702.83,15.776,0.006
raw_expected_unmatched,1,sn2005ki,V,703.86,15.733,0.006
raw_expected_unmatched,1,sn2005ki,V,706.84,15.676,0.007
raw_expected_unmatched,1,sn2005ki,V,707.86,15.691,0.006
raw_expected_unmatched,1,sn2005ki,V,712.84,15.878,0.006
raw_expected_unmatched,1,sn2005ki,V,716.86,16.173,0.006
raw_expected_unmatched,1,sn2005ki,V,720.83,16.448,0.011
raw_expected_unmatched,1,sn2005ki,V,721.84,16.496,0.01
raw_expected_unmatched,1,sn2005ki,V,728.85,17.019,0.009
raw_expected_unmatched,1,sn2005ki,V,730.86,17.189,0.013
raw_expected_unmatched,1,sn2005ki,V,736.81,17.622,0.025
raw_expected_unmatched,1,sn2005ki,V,738.85,17.72,0.011
raw_expected_unmatched,1,sn2005ki,V,740.85,17.795,0.012
raw_expected_unmatched,1,sn2005ki,V,741.82,17.845,0.011
raw_expected_unmatched,1,sn2005ki,V,745.77,17.982,0.013
raw_expected_unmatched,1,sn2005ki,V,748.77,18.046,0.014
raw_expected_unmatched,1,sn2005ku,V,699.56,17.66,0.017
raw_expected_unmatched,1,sn2005ku,V,702.57,17.631,0.013
raw_expected_unmatched,1,sn2005ku,V,707.57,17.796,0.018
raw_expected_unmatched,1,sn2005ku,V,712.55,18.13,0.023
raw_expected_unmatched,1,sn2005ku,V,716.56,18.232,0.032
raw_expected_unmatched,1,sn2005ku,V,729.56,19.06,0.054
raw_expected_unmatched,1,sn2005lu,V,720.63,17.328,0.013
raw_expected_unmatched,1,sn2005lu,V,721.61,17.378,0.011
raw_expected_unmatched,1,sn2005lu,V,726.66,17.656,0.013
raw_expected_unmatched,1,sn2005lu,V,728.67,17.75,0.02
raw_expected_unmatched,1,sn2005lu,V,737.63,18.197,0.022
raw_expected_unmatched,1,sn2005lu,V,738.63,18.245,0.019
raw_expected_unmatched,1,sn2005lu,V,745.58,18.713,0.028
raw_expected_unmatched,1,sn2005lu,V,748.63,18.854,0.029
raw_expected_unmatched,1,sn2005m,V,396.77,16.555,0.024
raw_expected_unmatched,1,sn2005m,V,397.73,16.505,0.019
raw_expected_unmatched,1,sn2005m,V,398.76,16.363,0.01
raw_expected_unmatched,1,sn2005m,V,399.72,16.257,0.008
raw_expected_unmatched,1,sn2005m,V,400.72,16.18,0.008
raw_expected_unmatched,1,sn2005m,V,401.7,16.125,0.006
raw_expected_unmatched,1,sn2005m,V,402.69,16.081,0.008
raw_expected_unmatched,1,sn2005m,V,403.74,16.042,0.007
raw_expected_unmatched,1,sn2005m,V,404.72,16.025,0.007
raw_expected_unmatched,1,sn2005m,V,406.72,15.992,0.008
raw_expected_unmatched,1,sn2005m,V,407.77,16.012,0.008
raw_expected_unmatched,1,sn2005m,V,408.73,16.021,0.008
raw_expected_unmatched,1,sn2005m,V,409.73,16.028,0.008
raw_expected_unmatched,1,sn2005m,V,410.74,16.04,0.007
raw_expected_unmatched,1,sn2005m,V,411.73,16.061,0.007
raw_expected_unmatched,1,sn2005m,V,412.72,16.079,0.008
raw_expected_unmatched,1,sn2005m,V,413.7,16.118,0.009
raw_expected_unmatched,1,sn2005m,V,414.68,16.145,0.008
raw_expected_unmatched,1,sn2005m,V,415.73,16.188,0.009
raw_expected_unmatched,1,sn2005m,V,416.66,16.232,0.008
raw_expected_unmatched,1,sn2005m,V,417.71,16.274,0.008
raw_expected_unmatched,1,sn2005m,V,418.71,16.338,0.009
raw_expected_unmatched,1,sn2005m,V,419.68,16.392,0.009
raw_expected_unmatched,1,sn2005m,V,420.74,16.44,0.01
raw_expected_unmatched,1,sn2005m,V,421.77,16.509,0.012
raw_expected_unmatched,1,sn2005m,V,422.69,16.56,0.024
raw_expected_unmatched,1,sn2005m,V,424.67,16.647,0.036
raw_expected_unmatched,1,sn2005m,V,425.66,16.742,0.025
raw_expected_unmatched,1,sn2005m,V,426.67,16.804,0.016
raw_expected_unmatched,1,sn2005m,V,427.67,16.873,0.016
raw_expected_unmatched,1,sn2005m,V,428.64,16.904,0.013
raw_expected_unmatched,1,sn2005m,V,429.66,16.933,0.016
raw_expected_unmatched,1,sn2005m,V,430.65,17.017,0.014
raw_expected_unmatched,1,sn2005m,V,431.62,17.068,0.012
raw_expected_unmatched,1,sn2005m,V,432.65,17.125,0.013
raw_expected_unmatched,1,sn2005m,V,436.66,17.329,0.012
raw_expected_unmatched,1,sn2005m,V,438.65,17.416,0.012
raw_expected_unmatched,1,sn2005m,V,444.67,17.759,0.014
raw_expected_unmatched,1,sn2005m,V,445.66,17.815,0.013
raw_expected_unmatched,1,sn2005m,V,446.67,17.877,0.013
raw_expected_unmatched,1,sn2005m,V,453.58,18.134,0.029
raw_expected_unmatched,1,sn2005m,V,454.61,18.158,0.028
raw_expected_unmatched,1,sn2005m,V,455.62,18.169,0.03
raw_expected_unmatched,1,sn2005m,V,456.59,18.23,0.027
raw_expected_unmatched,1,sn2005m,V,457.59,18.276,0.022
raw_expected_unmatched,1,sn2005m,V,458.58,18.29,0.021
raw_expected_unmatched,1,sn2005m,V,459.57,18.315,0.016
raw_expected_unmatched,1,sn2005m,V,460.57,18.332,0.015
raw_expected_unmatched,1,sn2005m,V,464.55,18.421,0.016
raw_expected_unmatched,1,sn2005m,V,465.61,18.451,0.015
raw_expected_unmatched,1,sn2005m,V,466.6,18.486,0.018
raw_expected_unmatched,1,sn2005m,V,472.55,18.583,0.015
raw_expected_unmatched,1,sn2005m,V,474.53,18.622,0.016
raw_expected_unmatched,1,sn2005m,V,476.52,18.696,0.021
raw_expected_unmatched,1,sn2005m,V,478.55,18.675,0.027
raw_expected_unmatched,1,sn2005m,V,479.55,18.772,0.046
raw_expected_unmatched,1,sn2005m,V,480.51,18.797,0.03
raw_expected_unmatched,1,sn2005mc,V,736.79,17.101,0.009
raw_expected_unmatched,1,sn2005mc,V,737.77,17.121,0.01
raw_expected_unmatched,1,sn2005mc,V,738.75,17.153,0.009
raw_expected_unmatched,1,sn2005mc,V,740.79,17.245,0.009
raw_expected_unmatched,1,sn2005mc,V,741.72,17.279,0.009
raw_expected_unmatched,1,sn2005mc,V,746.75,17.703,0.011
raw_expected_unmatched,1,sn2005mc,V,747.76,17.813,0.015
raw_expected_unmatched,1,sn2005na,V,738.71,16.276,0.007
raw_expected_unmatched,1,sn2005na,V,740.77,16.244,0.01
raw_expected_unmatched,1,sn2005na,V,741.7,16.247,0.006
raw_expected_unmatched,1,sn2005na,V,745.65,16.315,0.008
raw_expected_unmatched,1,sn2005na,V,748.71,16.421,0.008
raw_expected_unmatched,1,sn2005w,V,404.54,14.91,0.006
raw_expected_unmatched,1,sn2005w,V,406.54,14.611,0.007
raw_expected_unmatched,1,sn2005w,V,408.53,14.417,0.006
raw_expected_unmatched,1,sn2005w,V,409.53,14.361,0.006
raw_expected_unmatched,1,sn2005w,V,410.53,14.313,0.007
raw_expected_unmatched,1,sn2005w,V,411.53,14.279,0.006
raw_expected_unmatched,1,sn2005w,V,412.53,14.278,0.006
raw_expected_unmatched,1,sn2005w,V,413.53,14.251,0.011
raw_expected_unmatched,1,sn2005w,V,414.52,14.299,0.011
raw_expected_unmatched,1,sn2005w,V,415.52,14.279,0.009
raw_expected_unmatched,1,sn2005w,V,416.52,14.281,0.01
raw_expected_unmatched,1,sn2005w,V,417.52,14.293,0.009
raw_expected_unmatched,1,sn2005w,V,418.52,14.339,0.009
raw_expected_unmatched,1,sn2005w,V,419.52,14.374,0.016
raw_expected_unmatched,1,sn2005w,V,420.51,14.378,0.013
raw_expected_unmatched,1,sn2005w,V,421.52,14.478,0.019
raw_expected_unmatched,1,sn2005w,V,422.51,14.531,0.025
raw_expected_unmatched,1,sn2005w,V,425.51,14.699,0.017
raw_expected_unmatched,1,sn2005w,V,426.5,14.777,0.017
raw_expected_unmatched,1,sn2005w,V,427.51,14.868,0.014
raw_expected_unmatched,1,sn2005w,V,429.51,14.957,0.013
snpy_unmatched,1,sn2004dt,V0,249.79,15.575,0.006
snpy_unmatched,1,sn2004dt,V0,250.81,15.63,0.009
snpy_unmatched,1,sn2004dt,V0,251.83,15.677,0.008
snpy_unmatched,1,sn2004dt,V0,252.86,15.723,0.006
snpy_unmatched,1,sn2004dt,V0,253.78,15.77,0.006
snpy_unmatched,1,sn2004dt,V0,256.75,15.95,0.006
snpy_unmatched,1,sn2004dt,V0,257.73,16.012,0.008
snpy_unmatched,1,sn2004dt,V0,258.76,16.078,0.008
snpy_unmatched,1,sn2004dt,V0,259.78,16.151,0.006
snpy_unmatched,1,sn2004dt,V0,260.8,16.227,0.008
snpy_unmatched,1,sn2004dt,V0,261.71,16.325,0.01
snpy_unmatched,1,sn2004dt,V0,262.7,16.402,0.009
snpy_unmatched,1,sn2004dt,V0,263.76,16.518,0.013
snpy_unmatched,1,sn2004dt,V0,264.75,16.589,0.013
snpy_unmatched,1,sn2004dt,V0,265.79,16.66,0.009
snpy_unmatched,1,sn2004dt,V0,266.73,16.735,0.007
snpy_unmatched,1,sn2004dt,V0,267.74,16.796,0.008
snpy_unmatched,1,sn2004dt,V0,268.74,16.853,0.007
snpy_unmatched,1,sn2004dt,V0,269.68,16.931,0.008
snpy_unmatched,1,sn2004dt,V0,270.68,16.951,0.006
snpy_unmatched,1,sn2004dt,V0,271.79,16.99,0.007
snpy_unmatched,1,sn2004dt,V0,272.78,17.023,0.008
snpy_unmatched,1,sn2004dt,V0,273.79,17.052,0.009
snpy_unmatched,1,sn2004dt,V0,274.71,17.082,0.009
snpy_unmatched,1,sn2004dt,V0,275.74,17.12,0.009
snpy_unmatched,1,sn2004dt,V0,276.74,17.154,0.01
snpy_unmatched,1,sn2004dt,V0,277.69,17.16,0.016
snpy_unmatched,1,sn2004dt,V0,278.77,17.169,0.017
snpy_unmatched,1,sn2004dt,V0,279.7,17.201,0.01
snpy_unmatched,1,sn2004dt,V0,280.71,17.25,0.011
snpy_unmatched,1,sn2004dt,V0,281.72,17.269,0.009
snpy_unmatched,1,sn2004dt,V0,284.83,17.363,0.01
snpy_unmatched,1,sn2004dt,V0,287.69,17.406,0.008
snpy_unmatched,1,sn2004dt,V0,289.77,17.45,0.009
snpy_unmatched,1,sn2004dt,V0,291.69,17.5,0.008
snpy_unmatched,1,sn2004dt,V0,293.73,17.539,0.009
snpy_unmatched,1,sn2004dt,V0,294.79,17.562,0.007
snpy_unmatched,1,sn2004dt,V0,295.75,17.577,0.011
snpy_unmatched,1,sn2004dt,V0,299.69,17.67,0.011
snpy_unmatched,1,sn2004dt,V0,324.69,18.189,0.009
snpy_unmatched,1,sn2004dt,V0,329.7,18.298,0.013
snpy_unmatched,1,sn2004dt,V0,331.62,18.323,0.015
snpy_unmatched,1,sn2004dt,V0,341.61,18.55,0.011
snpy_unmatched,1,sn2004dt,V0,345.63,18.641,0.012
snpy_unmatched,1,sn2004dt,V0,349.61,18.724,0.012
snpy_unmatched,1,sn2004dt,V0,365.62,19.051,0.024
snpy_unmatched,1,sn2004ef,V0,255.69,17.875,0.006
snpy_unmatched,1,sn2004ef,V0,256.65,17.644,0.007
snpy_unmatched,1,sn2004ef,V0,257.66,17.476,0.007
snpy_unmatched,1,sn2004ef,V0,258.63,17.334,0.006
snpy_unmatched,1,sn2004ef,V0,259.63,17.209,0.005
snpy_unmatched,1,sn2004ef,V0,260.66,17.104,0.006
snpy_unmatched,1,sn2004ef,V0,261.6,17.028,0.006
snpy_unmatched,1,sn2004ef,V0,262.57,16.994,0.005
snpy_unmatched,1,sn2004ef,V0,263.6,16.949,0.007
snpy_unmatched,1,sn2004ef,V0,264.6,16.919,0.007
snpy_unmatched,1,sn2004ef,V0,265.65,16.91,0.005
snpy_unmatched,1,sn2004ef,V0,266.63,16.914,0.005
snpy_unmatched,1,sn2004ef,V0,267.62,16.929,0.007
snpy_unmatched,1,sn2004ef,V0,268.64,16.952,0.005
snpy_unmatched,1,sn2004ef,V0,270.59,17.015,0.005
snpy_unmatched,1,sn2004ef,V0,271.6,17.063,0.006
snpy_unmatched,1,sn2004ef,V0,272.65,17.125,0.006
snpy_unmatched,1,sn2004ef,V0,273.69,17.191,0.007
snpy_unmatched,1,sn2004ef,V0,274.64,17.267,0.008
snpy_unmatched,1,sn2004ef,V0,275.68,17.319,0.012
snpy_unmatched,1,sn2004ef,V0,276.65,17.415,0.014
snpy_unmatched,1,sn2004ef,V0,277.6,17.48,0.012
snpy_unmatched,1,sn2004ef,V0,278.61,17.551,0.011
snpy_unmatched,1,sn2004ef,V0,279.62,17.612,0.009
snpy_unmatched,1,sn2004ef,V0,280.61,17.692,0.008
snpy_unmatched,1,sn2004ef,V0,281.61,17.767,0.008
snpy_unmatched,1,sn2004ef,V0,287.62,18.165,0.008
snpy_unmatched,1,sn2004ef,V0,289.63,18.353,0.009
snpy_unmatched,1,sn2004ef,V0,290.61,18.429,0.01
snpy_unmatched,1,sn2004ef,V0,291.6,18.528,0.01
snpy_unmatched,1,sn2004ef,V0,292.6,18.607,0.011
snpy_unmatched,1,sn2004ef,V0,294.61,18.743,0.01
snpy_unmatched,1,sn2004ef,V0,295.64,18.834,0.01
snpy_unmatched,1,sn2004ef,V0,300.6,19.028,0.016
snpy_unmatched,1,sn2004ef,V0,301.59,19.111,0.025
snpy_unmatched,1,sn2004ef,V0,302.61,19.08,0.027
snpy_unmatched,1,sn2004ef,V0,303.6,19.174,0.035
snpy_unmatched,1,sn2004ef,V0,305.61,19.182,0.027
snpy_unmatched,1,sn2004ef,V0,308.61,19.262,0.028
snpy_unmatched,1,sn2004ef,V0,309.61,19.256,0.027
snpy_unmatched,1,sn2004ef,V0,310.6,19.315,0.017
snpy_unmatched,1,sn2004ef,V0,311.61,19.343,0.014
snpy_unmatched,1,sn2004ef,V0,321.59,19.599,0.02
snpy_unmatched,1,sn2004ef,V0,329.57,19.761,0.037
snpy_unmatched,1,sn2004eo,V0,266.52,17.356,0.01
snpy_unmatched,1,sn2004eo,V0,267.52,16.983,0.012
snpy_unmatched,1,sn2004eo,V0,268.52,16.671,0.01
snpy_unmatched,1,sn2004eo,V0,269.54,16.369,0.012
snpy_unmatched,1,sn2004eo,V0,270.55,16.16,0.009
snpy_unmatched,1,sn2004eo,V0,271.55,16,0.01
snpy_unmatched,1,sn2004eo,V0,272.55,15.852,0.011
snpy_unmatched,1,sn2004eo,V0,273.54,15.729,0.011
snpy_unmatched,1,sn2004eo,V0,274.51,15.627,0.011
snpy_unmatched,1,sn2004eo,V0,275.52,15.568,0.027
snpy_unmatched,1,sn2004eo,V0,276.58,15.494,0.015
snpy_unmatched,1,sn2004eo,V0,277.51,15.465,0.012
snpy_unmatched,1,sn2004eo,V0,278.51,15.443,0.012
snpy_unmatched,1,sn2004eo,V0,279.52,15.421,0.01
snpy_unmatched,1,sn2004eo,V0,280.51,15.418,0.009
snpy_unmatched,1,sn2004eo,V0,281.51,15.419,0.01
snpy_unmatched,1,sn2004eo,V0,285.55,15.586,0.056
snpy_unmatched,1,sn2004eo,V0,287.56,15.607,0.01
snpy_unmatched,1,sn2004eo,V0,288.56,15.688,0.01
snpy_unmatched,1,sn2004eo,V0,289.57,15.745,0.01
snpy_unmatched,1,sn2004eo,V0,290.57,15.82,0.009
snpy_unmatched,1,sn2004eo,V0,291.55,15.898,0.009
snpy_unmatched,1,sn2004eo,V0,292.55,15.978,0.01
snpy_unmatched,1,sn2004eo,V0,294.5,16.141,0.01
snpy_unmatched,1,sn2004eo,V0,295.5,16.199,0.011
snpy_unmatched,1,sn2004eo,V0,298.53,16.408,0.012
snpy_unmatched,1,sn2004eo,V0,300.51,16.547,0.013
snpy_unmatched,1,sn2004eo,V0,301.51,16.606,0.014
snpy_unmatched,1,sn2004eo,V0,302.51,16.684,0.013
snpy_unmatched,1,sn2004eo,V0,303.51,16.732,0.014
snpy_unmatched,1,sn2004eo,V0,304.52,16.802,0.089
snpy_unmatched,1,sn2004eo,V0,305.51,16.895,0.017
snpy_unmatched,1,sn2004eo,V0,307.55,16.994,0.024
snpy_unmatched,1,sn2004eo,V0,308.52,17.122,0.01
snpy_unmatched,1,sn2004eo,V0,309.51,17.186,0.011
snpy_unmatched,1,sn2004eo,V0,310.52,17.261,0.011
snpy_unmatched,1,sn2004eo,V0,311.52,17.3,0.011
snpy_unmatched,1,sn2004eo,V0,329.53,17.907,0.015
snpy_unmatched,1,sn2004eo,V0,341.54,18.15,0.029
snpy_unmatched,1,sn2004ey,V0,295.53,15.987,0.006
snpy_unmatched,1,sn2004ey,V0,298.68,15.521,0.006
snpy_unmatched,1,sn2004ey,V0,299.52,15.444,0.007
snpy_unmatched,1,sn2004ey,V0,300.55,15.363,0.007
snpy_unmatched,1,sn2004ey,V0,301.54,15.303,0.006
snpy_unmatched,1,sn2004ey,V0,302.55,15.248,0.006
snpy_unmatched,1,sn2004ey,V0,303.55,15.222,0.007
snpy_unmatched,1,sn2004ey,V0,304.57,15.205,0.005
snpy_unmatched,1,sn2004ey,V0,305.55,15.199,0.007
snpy_unmatched,1,sn2004ey,V0,307.58,15.222,0.005
snpy_unmatched,1,sn2004ey,V0,308.56,15.24,0.006
snpy_unmatched,1,sn2004ey,V0,309.55,15.267,0.007
snpy_unmatched,1,sn2004ey,V0,310.55,15.291,0.005
snpy_unmatched,1,sn2004ey,V0,311.56,15.326,0.006
snpy_unmatched,1,sn2004ey,V0,314.57,15.476,0.005
snpy_unmatched,1,sn2004ey,V0,315.56,15.532,0.008
snpy_unmatched,1,sn2004ey,V0,328.54,16.262,0.008
snpy_unmatched,1,sn2004ey,V0,330.58,16.403,0.009
snpy_unmatched,1,sn2004ey,V0,331.53,16.464,0.009
snpy_unmatched,1,sn2004ey,V0,335.54,16.709,0.009
snpy_unmatched,1,sn2004ey,V0,337.53,16.803,0.009
snpy_unmatched,1,sn2004ey,V0,338.55,16.874,0.006
snpy_unmatched,1,sn2004ey,V0,339.54,16.945,0.008
snpy_unmatched,1,sn2004ey,V0,340.56,16.996,0.009
snpy_unmatched,1,sn2004ey,V0,342.52,17.08,0.026
snpy_unmatched,1,sn2004ey,V0,344.54,17.181,0.01
snpy_unmatched,1,sn2004ey,V0,346.54,17.269,0.01
snpy_unmatched,1,sn2004ey,V0,348.54,17.335,0.012
snpy_unmatched,1,sn2004ey,V0,351.54,17.422,0.012
snpy_unmatched,1,sn2004ey,V0,352.55,17.429,0.017
snpy_unmatched,1,sn2004gc,V0,329.83,17.349,0.01
snpy_unmatched,1,sn2004gc,V0,330.78,17.359,0.01
snpy_unmatched,1,sn2004gc,V0,331.76,17.363,0.009
snpy_unmatched,1,sn2004gc,V0,332.75,17.389,0.009
snpy_unmatched,1,sn2004gc,V0,333.79,17.408,0.008
snpy_unmatched,1,sn2004gc,V0,336.76,17.561,0.011
snpy_unmatched,1,sn2004gc,V0,337.78,17.602,0.011
snpy_unmatched,1,sn2004gc,V0,340.76,17.812,0.011
snpy_unmatched,1,sn2004gc,V0,341.76,17.888,0.009
snpy_unmatched,1,sn2004gc,V0,344.75,18.079,0.013
snpy_unmatched,1,sn2004gc,V0,345.74,18.185,0.011
snpy_unmatched,1,sn2004gc,V0,348.8,18.384,0.013
snpy_unmatched,1,sn2004gc,V0,349.79,18.394,0.04
snpy_unmatched,1,sn2004gc,V0,352.73,18.603,0.014
snpy_unmatched,1,sn2004gc,V0,353.69,18.693,0.015
snpy_unmatched,1,sn2004gc,V0,356.76,18.892,0.013
snpy_unmatched,1,sn2004gc,V0,361.68,19.231,0.018
snpy_unmatched,1,sn2004gc,V0,369.71,19.413,0.036
snpy_unmatched,1,sn2004gc,V0,372.71,19.577,0.02
snpy_unmatched,1,sn2004gc,V0,373.7,19.552,0.029
snpy_unmatched,1,sn2004gc,V0,376.71,19.668,0.024
snpy_unmatched,1,sn2004gc,V0,380.72,19.849,0.059
snpy_unmatched,1,sn2004gc,V0,381.7,19.703,0.031
snpy_unmatched,1,sn2004gc,V0,385.7,19.888,0.026
snpy_unmatched,1,sn2004gc,V0,387.71,19.867,0.031
snpy_unmatched,1,sn2004gc,V0,390.62,19.947,0.049
snpy_unmatched,1,sn2004gc,V0,394.65,19.996,0.069
snpy_unmatched,1,sn2004gc,V0,397.66,20.038,0.051
snpy_unmatched,1,sn2004gs,V0,352.85,17.314,0.009
snpy_unmatched,1,sn2004gs,V0,353.82,17.241,0.007
snpy_unmatched,1,sn2004gs,V0,356.83,17.098,0.008
snpy_unmatched,1,sn2004gs,V0,357.77,17.075,0.009
snpy_unmatched,1,sn2004gs,V0,361.76,17.158,0.01
snpy_unmatched,1,sn2004gs,V0,362.8,17.199,0.009
snpy_unmatched,1,sn2004gs,V0,363.79,17.272,0.011
snpy_unmatched,1,sn2004gs,V0,365.76,17.393,0.014
snpy_unmatched,1,sn2004gs,V0,372.75,18,0.013
snpy_unmatched,1,sn2004gs,V0,373.79,18.092,0.014
snpy_unmatched,1,sn2004gs,V0,376.81,18.337,0.014
snpy_unmatched,1,sn2004gs,V0,377.74,18.392,0.015
snpy_unmatched,1,sn2004gs,V0,380.77,18.665,0.036
snpy_unmatched,1,sn2004gs,V0,381.76,18.718,0.027
snpy_unmatched,1,sn2004gs,V0,383.77,18.883,0.022
snpy_unmatched,1,sn2004gs,V0,384.73,18.974,0.037
snpy_unmatched,1,sn2004gs,V0,385.76,19.024,0.019
snpy_unmatched,1,sn2004gs,V0,386.73,19.065,0.021
snpy_unmatched,1,sn2004gs,V0,387.75,19.095,0.026
snpy_unmatched,1,sn2004gs,V0,388.74,19.22,0.029
snpy_unmatched,1,sn2004gs,V0,389.71,19.23,0.03
snpy_unmatched,1,sn2004gs,V0,390.7,19.281,0.028
snpy_unmatched,1,sn2004gs,V0,391.66,19.257,0.041
snpy_unmatched,1,sn2004gs,V0,392.69,19.213,0.092
snpy_unmatched,1,sn2004gs,V0,393.73,19.37,0.134
snpy_unmatched,1,sn2004gs,V0,394.74,19.392,0.075
snpy_unmatched,1,sn2004gs,V0,398.7,19.537,0.045
snpy_unmatched,1,sn2004gs,V0,400.65,19.562,0.033
snpy_unmatched,1,sn2004gs,V0,403.68,19.638,0.017
snpy_unmatched,1,sn2004gs,V0,406.68,19.713,0.016
snpy_unmatched,1,sn2004gs,V0,407.7,19.748,0.023
snpy_unmatched,1,sn2004gs,V0,408.69,19.785,0.017
snpy_unmatched,1,sn2004gs,V0,409.68,19.807,0.021
snpy_unmatched,1,sn2004gs,V0,410.7,19.847,0.019
snpy_unmatched,1,sn2004gs,V0,411.69,19.832,0.022
snpy_unmatched,1,sn2004gs,V0,412.68,19.863,0.024
snpy_unmatched,1,sn2004gs,V0,415.68,19.964,0.017
snpy_unmatched,1,sn2004gs,V0,416.7,2E+1,0.018
snpy_unmatched,1,sn2004gs,V0,417.67,20.059,0.028
snpy_unmatched,1,sn2004gs,V0,418.67,20.031,0.027
snpy_unmatched,1,sn2004gs,V0,419.73,20.032,0.03
snpy_unmatched,1,sn2004gs,V0,420.65,20.121,0.054
snpy_unmatched,1,sn2004gs,V0,421.68,20.046,0.111
snpy_unmatched,1,sn2004gs,V0,425.63,20.309,0.131
snpy_unmatched,1,sn2004gs,V0,426.63,20.267,0.078
snpy_unmatched,1,sn2004gs,V0,427.63,20.164,0.067
snpy_unmatched,1,sn2004gs,V0,428.58,20.323,0.147
snpy_unmatched,1,sn2004gs,V0,429.6,20.362,0.04
snpy_unmatched,1,sn2004gs,V0,432.71,20.345,0.044
snpy_unmatched,1,sn2004gs,V0,444.6,20.57,0.029
snpy_unmatched,1,sn2004gs,V0,445.6,20.688,0.033
snpy_unmatched,1,sn2004gs,V0,446.59,20.668,0.05
snpy_unmatched,1,sn2004gs,V0,461.56,21.026,0.057
snpy_unmatched,1,sn2004gu,V0,357.86,17.437,0.02
snpy_unmatched,1,sn2004gu,V0,361.84,17.395,0.014
snpy_unmatched,1,sn2004gu,V0,363.86,17.411,0.01
snpy_unmatched,1,sn2004gu,V0,365.85,17.404,0.012
snpy_unmatched,1,sn2004gu,V0,369.86,17.573,0.013
snpy_unmatched,1,sn2004gu,V0,373.85,17.678,0.011
snpy_unmatched,1,sn2004gu,V0,376.86,17.863,0.01
snpy_unmatched,1,sn2004gu,V0,380.86,18.067,0.012
snpy_unmatched,1,sn2004gu,V0,381.85,18.134,0.017
snpy_unmatched,1,sn2004gu,V0,384.83,18.284,0.01
snpy_unmatched,1,sn2004gu,V0,385.85,18.318,0.012
snpy_unmatched,1,sn2004gu,V0,386.82,18.385,0.013
snpy_unmatched,1,sn2004gu,V0,387.81,18.457,0.013
snpy_unmatched,1,sn2004gu,V0,388.82,18.468,0.012
snpy_unmatched,1,sn2004gu,V0,390.86,18.571,0.015
snpy_unmatched,1,sn2004gu,V0,391.81,18.666,0.013
snpy_unmatched,1,sn2004gu,V0,393.83,18.748,0.019
snpy_unmatched,1,sn2004gu,V0,394.83,18.774,0.02
snpy_unmatched,1,sn2004gu,V0,399.84,19.083,0.025
snpy_unmatched,1,sn2004gu,V0,401.84,19.306,0.034
snpy_unmatched,1,sn2004gu,V0,402.87,19.217,0.018
snpy_unmatched,1,sn2004gu,V0,403.83,19.312,0.019
snpy_unmatched,1,sn2004gu,V0,404.85,19.385,0.019
snpy_unmatched,1,sn2004gu,V0,406.84,19.451,0.018
snpy_unmatched,1,sn2004gu,V0,408.82,19.499,0.017
snpy_unmatched,1,sn2004gu,V0,410.84,19.491,0.021
snpy_unmatched,1,sn2005a,V0,376.65,17.45,0.01
snpy_unmatched,1,sn2005a,V0,377.62,17.366,0.01
snpy_unmatched,1,sn2005a,V0,381.59,17.283,0.013
snpy_unmatched,1,sn2005a,V0,383.63,17.306,0.01
snpy_unmatched,1,sn2005a,V0,385.58,17.334,0.011
snpy_unmatched,1,sn2005a,V0,386.59,17.413,0.013
snpy_unmatched,1,sn2005a,V0,387.62,17.449,0.012
snpy_unmatched,1,sn2005a,V0,389.55,17.557,0.017
snpy_unmatched,1,sn2005a,V0,390.55,17.612,0.017
snpy_unmatched,1,sn2005a,V0,391.62,17.699,0.018
snpy_unmatched,1,sn2005a,V0,394.56,17.885,0.018
snpy_unmatched,1,sn2005a,V0,396.54,17.995,0.015
snpy_unmatched,1,sn2005a,V0,398.58,18.09,0.02
snpy_unmatched,1,sn2005a,V0,399.58,18.131,0.014
snpy_unmatched,1,sn2005a,V0,400.6,18.158,0.017
snpy_unmatched,1,sn2005a,V0,404.61,18.382,0.017
snpy_unmatched,1,sn2005a,V0,406.59,18.538,0.02
snpy_unmatched,1,sn2005a,V0,407.56,18.635,0.021
snpy_unmatched,1,sn2005a,V0,408.57,18.709,0.021
snpy_unmatched,1,sn2005a,V0,409.56,18.798,0.022
snpy_unmatched,1,sn2005a,V0,410.55,18.853,0.018
snpy_unmatched,1,sn2005a,V0,411.57,18.87,0.033
snpy_unmatched,1,sn2005a,V0,412.56,18.961,0.026
snpy_unmatched,1,sn2005a,V0,414.57,19.055,0.026
snpy_unmatched,1,sn2005a,V0,415.57,19.029,0.023
snpy_unmatched,1,sn2005a,V0,416.57,19.185,0.029
snpy_unmatched,1,sn2005a,V0,418.56,19.231,0.027
snpy_unmatched,1,sn2005a,V0,420.57,19.366,0.066
snpy_unmatched,1,sn2005ag,V0,412.82,18.515,0.017
snpy_unmatched,1,sn2005ag,V0,413.82,18.499,0.017
snpy_unmatched,1,sn2005ag,V0,414.87,18.509,0.011
snpy_unmatched,1,sn2005ag,V0,415.86,18.506,0.012
snpy_unmatched,1,sn2005ag,V0,416.86,18.525,0.011
snpy_unmatched,1,sn2005ag,V0,417.85,18.532,0.013
snpy_unmatched,1,sn2005ag,V0,418.87,18.535,0.013
snpy_unmatched,1,sn2005ag,V0,419.86,18.569,0.013
snpy_unmatched,1,sn2005ag,V0,420.89,18.625,0.034
snpy_unmatched,1,sn2005ag,V0,421.88,18.641,0.015
snpy_unmatched,1,sn2005ag,V0,422.82,18.671,0.015
snpy_unmatched,1,sn2005ag,V0,424.82,18.76,0.028
snpy_unmatched,1,sn2005ag,V0,425.8,18.835,0.044
snpy_unmatched,1,sn2005ag,V0,426.85,18.801,0.034
snpy_unmatched,1,sn2005ag,V0,427.84,18.942,0.03
snpy_unmatched,1,sn2005ag,V0,428.87,18.986,0.033
snpy_unmatched,1,sn2005ag,V0,429.84,18.959,0.052
snpy_unmatched,1,sn2005ag,V0,430.89,19.096,0.027
snpy_unmatched,1,sn2005ag,V0,431.88,19.185,0.032
snpy_unmatched,1,sn2005ag,V0,432.87,19.275,0.026
snpy_unmatched,1,sn2005ag,V0,436.82,19.529,0.021
snpy_unmatched,1,sn2005ag,V0,444.86,20.14,0.032
snpy_unmatched,1,sn2005ag,V0,445.85,20.2,0.031
snpy_unmatched,1,sn2005ag,V0,446.86,20.191,0.033
snpy_unmatched,1,sn2005ag,V0,452.8,20.574,0.078
snpy_unmatched,1,sn2005ag,V0,453.75,20.62,0.092
snpy_unmatched,1,sn2005ag,V0,455.83,20.624,0.15
snpy_unmatched,1,sn2005ag,V0,456.83,20.714,0.095
snpy_unmatched,1,sn2005ag,V0,457.83,20.856,0.118
snpy_unmatched,1,sn2005ag,V0,458.82,20.731,0.094
snpy_unmatched,1,sn2005ag,V0,459.85,20.886,0.079
snpy_unmatched,1,sn2005ag,V0,460.78,20.985,0.096
snpy_unmatched,1,sn2005ag,V0,464.85,21.006,0.084
snpy_unmatched,1,sn2005ag,V0,465.85,20.921,0.05
snpy_unmatched,1,sn2005ag,V0,466.85,20.998,0.058
snpy_unmatched,1,sn2005ag,V0,467.83,20.976,0.046
snpy_unmatched,1,sn2005ag,V0,468.8,21.01,0.033
snpy_unmatched,1,sn2005ag,V0,472.86,21.102,0.04
snpy_unmatched,1,sn2005ag,V0,474.78,21.065,0.036
snpy_unmatched,1,sn2005ag,V0,475.83,21.142,0.046
snpy_unmatched,1,sn2005ag,V0,477.75,21.082,0.043
snpy_unmatched,1,sn2005ag,V0,478.83,21.206,0.073
snpy_unmatched,1,sn2005ag,V0,479.84,21.155,0.046
snpy_unmatched,1,sn2005al,V0,429.76,15.098,0.007
snpy_unmatched,1,sn2005al,V0,430.8,15.08,0.008
snpy_unmatched,1,sn2005al,V0,431.82,15.082,0.007
snpy_unmatched,1,sn2005al,V0,432.81,15.089,0.008
snpy_unmatched,1,sn2005al,V0,436.79,15.227,0.005
snpy_unmatched,1,sn2005al,V0,444.81,15.751,0.01
snpy_unmatched,1,sn2005al,V0,445.81,15.82,0.009
snpy_unmatched,1,sn2005al,V0,446.82,15.876,0.007
snpy_unmatched,1,sn2005al,V0,452.76,16.226,0.01
snpy_unmatched,1,sn2005al,V0,453.7,16.306,0.009
snpy_unmatched,1,sn2005al,V0,454.75,16.382,0.009
snpy_unmatched,1,sn2005al,V0,455.79,16.501,0.011
snpy_unmatched,1,sn2005al,V0,456.79,16.569,0.01
snpy_unmatched,1,sn2005al,V0,457.77,16.667,0.012
snpy_unmatched,1,sn2005al,V0,458.77,16.729,0.011
snpy_unmatched,1,sn2005al,V0,459.79,16.796,0.01
snpy_unmatched,1,sn2005al,V0,460.73,16.885,0.011
snpy_unmatched,1,sn2005al,V0,461.7,16.947,0.012
snpy_unmatched,1,sn2005al,V0,464.8,17.106,0.011
snpy_unmatched,1,sn2005al,V0,465.8,17.157,0.01
snpy_unmatched,1,sn2005al,V0,466.81,17.2,0.01
snpy_unmatched,1,sn2005al,V0,467.78,17.217,0.01
snpy_unmatched,1,sn2005al,V0,468.75,17.258,0.01
snpy_unmatched,1,sn2005al,V0,473.72,17.438,0.009
snpy_unmatched,1,sn2005al,V0,474.84,17.479,0.012
snpy_unmatched,1,sn2005al,V0,475.73,17.512,0.011
snpy_unmatched,1,sn2005al,V0,476.82,17.534,0.011
snpy_unmatched,1,sn2005al,V0,477.86,17.574,0.011
snpy_unmatched,1,sn2005al,V0,478.77,17.597,0.012
snpy_unmatched,1,sn2005al,V0,479.74,17.619,0.014
snpy_unmatched,1,sn2005al,V0,480.75,17.643,0.014
snpy_unmatched,1,sn2005al,V0,483.75,17.699,0.038
snpy_unmatched,1,sn2005al,V0,490.73,17.912,0.014
snpy_unmatched,1,sn2005al,V0,491.73,17.951,0.015
snpy_unmatched,1,sn2005al,V0,512.79,18.45,0.034
snpy_unmatched,1,sn2005am,V0,436.63,13.792,0.003
snpy_unmatched,1,sn2005am,V0,438.6,13.776,0.005
snpy_unmatched,1,sn2005am,V0,444.65,13.986,0.007
snpy_unmatched,1,sn2005am,V0,445.64,14.053,0.006
snpy_unmatched,1,sn2005am,V0,452.57,14.553,0.009
snpy_unmatched,1,sn2005am,V0,453.56,14.63,0.007
snpy_unmatched,1,sn2005am,V0,454.58,14.704,0.008
snpy_unmatched,1,sn2005am,V0,455.65,14.78,0.007
snpy_unmatched,1,sn2005am,V0,456.56,14.855,0.007
snpy_unmatched,1,sn2005am,V0,457.57,14.94,0.007
snpy_unmatched,1,sn2005am,V0,458.54,15.05,0.006
snpy_unmatched,1,sn2005am,V0,459.67,15.166,0.007
snpy_unmatched,1,sn2005am,V0,460.5,15.244,0.007
snpy_unmatched,1,sn2005am,V0,461.5,15.35,0.008
snpy_unmatched,1,sn2005am,V0,464.53,15.569,0.009
snpy_unmatched,1,sn2005am,V0,465.53,15.639,0.007
snpy_unmatched,1,sn2005am,V0,466.52,15.68,0.007
snpy_unmatched,1,sn2005am,V0,467.63,15.727,0.006
snpy_unmatched,1,sn2005am,V0,468.53,15.779,0.008
snpy_unmatched,1,sn2005am,V0,472.5,15.934,0.007
snpy_unmatched,1,sn2005am,V0,473.48,15.958,0.007
snpy_unmatched,1,sn2005am,V0,474.5,15.999,0.007
snpy_unmatched,1,sn2005am,V0,475.49,16.037,0.007
snpy_unmatched,1,sn2005am,V0,478.48,16.122,0.009
snpy_unmatched,1,sn2005am,V0,479.48,16.097,0.029
snpy_unmatched,1,sn2005am,V0,480.48,16.197,0.011
snpy_unmatched,1,sn2005am,V0,481.47,16.211,0.009
snpy_unmatched,1,sn2005am,V0,482.51,16.261,0.013
snpy_unmatched,1,sn2005am,V0,483.51,16.277,0.011
snpy_unmatched,1,sn2005am,V0,489.5,16.45,0.009
snpy_unmatched,1,sn2005am,V0,512.46,17.079,0.015
snpy_unmatched,1,sn2005be,V0,467.89,17.177,0.006
snpy_unmatched,1,sn2005be,V0,468.85,17.245,0.006
snpy_unmatched,1,sn2005be,V0,472.8,17.524,0.009
snpy_unmatched,1,sn2005be,V0,473.81,17.604,0.008
snpy_unmatched,1,sn2005be,V0,475.77,17.736,0.009
snpy_unmatched,1,sn2005be,V0,476.78,17.841,0.01
snpy_unmatched,1,sn2005be,V0,477.81,17.92,0.009
snpy_unmatched,1,sn2005be,V0,481.76,18.246,0.016
snpy_unmatched,1,sn2005be,V0,483.8,18.438,0.024
snpy_unmatched,1,sn2005be,V0,484.76,18.421,0.045
snpy_unmatched,1,sn2005be,V0,489.75,18.917,0.033
snpy_unmatched,1,sn2005be,V0,490.77,18.966,0.014
snpy_unmatched,1,sn2005be,V0,491.77,19.02,0.016
snpy_unmatched,1,sn2005bg,V0,471.65,15.905,0.006
snpy_unmatched,1,sn2005bg,V0,472.67,15.919,0.006
snpy_unmatched,1,sn2005bg,V0,473.65,15.955,0.007
snpy_unmatched,1,sn2005bg,V0,474.65,15.953,0.007
snpy_unmatched,1,sn2005bg,V0,475.68,16.002,0.007
snpy_unmatched,1,sn2005bg,V0,476.67,16.019,0.011
snpy_unmatched,1,sn2005bg,V0,477.69,16.116,0.011
snpy_unmatched,1,sn2005bg,V0,478.71,16.145,0.008
snpy_unmatched,1,sn2005bg,V0,479.7,16.209,0.007
snpy_unmatched,1,sn2005bg,V0,480.7,16.236,0.009
snpy_unmatched,1,sn2005bg,V0,481.66,16.34,0.008
snpy_unmatched,1,sn2005bg,V0,483.68,16.468,0.01
snpy_unmatched,1,sn2005bg,V0,484.7,16.512,0.011
snpy_unmatched,1,sn2005bg,V0,489.64,16.77,0.008
snpy_unmatched,1,sn2005bg,V0,490.65,16.819,0.011
snpy_unmatched,1,sn2005bg,V0,491.62,16.875,0.013
snpy_unmatched,1,sn2005bg,V0,512.61,18.029,0.019
snpy_unmatched,1,sn2005bl,V0,476.61,18.907,0.015
snpy_unmatched,1,sn2005bl,V0,477.63,18.65,0.013
snpy_unmatched,1,sn2005bl,V0,478.65,18.431,0.016
snpy_unmatched,1,sn2005bl,V0,479.64,18.288,0.018
snpy_unmatched,1,sn2005bl,V0,480.65,18.144,0.015
snpy_unmatched,1,sn2005bl,V0,481.6,18.059,0.016
snpy_unmatched,1,sn2005bl,V0,483.63,17.943,0.016
snpy_unmatched,1,sn2005bl,V0,484.64,17.874,0.017
snpy_unmatched,1,sn2005bl,V0,489.59,18.218,0.011
snpy_unmatched,1,sn2005bl,V0,490.6,18.346,0.011
snpy_unmatched,1,sn2005bl,V0,491.56,18.46,0.013
snpy_unmatched,1,sn2005bl,V0,512.57,19.956,0.057
snpy_unmatched,1,sn2005bo,V0,478.75,15.578,0.011
snpy_unmatched,1,sn2005bo,V0,479.72,15.579,0.011
snpy_unmatched,1,sn2005bo,V0,480.73,15.553,0.013
snpy_unmatched,1,sn2005bo,V0,481.69,15.581,0.011
snpy_unmatched,1,sn2005bo,V0,484.74,15.678,0.021
snpy_unmatched,1,sn2005bo,V0,487.72,15.812,0.012
snpy_unmatched,1,sn2005bo,V0,489.72,15.945,0.009
snpy_unmatched,1,sn2005bo,V0,490.7,16.013,0.012
snpy_unmatched,1,sn2005bo,V0,491.71,16.089,0.015
snpy_unmatched,1,sn2005bo,V0,512.76,17.501,0.063
snpy_unmatched,1,sn2005el,V0,639.89,15.822,0.006
snpy_unmatched,1,sn2005el,V0,641.88,15.521,0.004
snpy_unmatched,1,sn2005el,V0,655.84,15.536,0.005
snpy_unmatched,1,sn2005el,V0,659.79,15.839,0.005
snpy_unmatched,1,sn2005el,V0,663.82,16.101,0.005
snpy_unmatched,1,sn2005el,V0,665.83,16.228,0.005
snpy_unmatched,1,sn2005el,V0,666.8,16.284,0.005
snpy_unmatched,1,sn2005el,V0,669.82,16.53,0.004
snpy_unmatched,1,sn2005el,V0,671.83,16.684,0.005
snpy_unmatched,1,sn2005el,V0,673.82,16.831,0.008
snpy_unmatched,1,sn2005el,V0,675.84,17.001,0.009
snpy_unmatched,1,sn2005el,V0,682.83,17.346,0.017
snpy_unmatched,1,sn2005el,V0,683.81,17.397,0.007
snpy_unmatched,1,sn2005el,V0,687.78,17.535,0.012
snpy_unmatched,1,sn2005el,V0,689.81,17.589,0.016
snpy_unmatched,1,sn2005el,V0,690.83,17.596,0.017
snpy_unmatched,1,sn2005el,V0,694.83,17.744,0.015
snpy_unmatched,1,sn2005el,V0,698.77,17.867,0.011
snpy_unmatched,1,sn2005el,V0,699.76,17.868,0.011
snpy_unmatched,1,sn2005el,V0,702.76,17.966,0.011
snpy_unmatched,1,sn2005el,V0,712.74,18.253,0.013
snpy_unmatched,1,sn2005el,V0,721.71,18.468,0.03
snpy_unmatched,1,sn2005el,V0,730.75,18.761,0.019
snpy_unmatched,1,sn2005eq,V0,650.81,16.52,0.006
snpy_unmatched,1,sn2005eq,V0,655.77,16.465,0.009
snpy_unmatched,1,sn2005eq,V0,658.71,16.495,0.008
snpy_unmatched,1,sn2005eq,V0,659.69,16.516,0.009
snpy_unmatched,1,sn2005eq,V0,662.77,16.606,0.012
snpy_unmatched,1,sn2005eq,V0,663.73,16.644,0.009
snpy_unmatched,1,sn2005eq,V0,665.71,16.737,0.009
snpy_unmatched,1,sn2005eq,V0,666.76,16.782,0.008
snpy_unmatched,1,sn2005eq,V0,669.73,16.949,0.008
snpy_unmatched,1,sn2005eq,V0,671.77,17.078,0.009
snpy_unmatched,1,sn2005eq,V0,673.77,17.169,0.01
snpy_unmatched,1,sn2005eq,V0,675.74,17.27,0.013
snpy_unmatched,1,sn2005eq,V0,682.79,17.632,0.041
snpy_unmatched,1,sn2005eq,V0,683.74,17.694,0.012
snpy_unmatched,1,sn2005eq,V0,687.75,17.87,0.017
snpy_unmatched,1,sn2005eq,V0,694.73,18.273,0.016
snpy_unmatched,1,sn2005eq,V0,698.67,18.459,0.015
snpy_unmatched,1,sn2005eq,V0,699.7,18.529,0.017
snpy_unmatched,1,sn2005eq,V0,707.75,18.769,0.022
snpy_unmatched,1,sn2005eq,V0,712.69,18.884,0.019
snpy_unmatched,1,sn2005eq,V0,721.63,19.07,0.038
snpy_unmatched,1,sn2005eq,V0,726.69,19.233,0.028
snpy_unmatched,1,sn2005eq,V0,730.7,19.267,0.027
snpy_unmatched,1,sn2005eq,V0,737.66,19.456,0.031
snpy_unmatched,1,sn2005eq,V0,741.62,19.516,0.03
snpy_unmatched,1,sn2005eq,V0,746.65,19.671,0.055
snpy_unmatched,1,sn2005gj,V0,698.7,17.552,0.01
snpy_unmatched,1,sn2005gj,V0,699.68,17.559,0.013
snpy_unmatched,1,sn2005gj,V0,702.68,17.613,0.012
snpy_unmatched,1,sn2005gj,V0,706.69,17.682,0.013
snpy_unmatched,1,sn2005gj,V0,712.65,17.764,0.012
snpy_unmatched,1,sn2005gj,V0,720.66,17.885,0.019
snpy_unmatched,1,sn2005gj,V0,725.65,17.971,0.014
snpy_unmatched,1,sn2005gj,V0,728.7,18.024,0.014
snpy_unmatched,1,sn2005gj,V0,736.62,18.141,0.014
snpy_unmatched,1,sn2005gj,V0,740.65,18.197,0.015
snpy_unmatched,1,sn2005gj,V0,741.6,18.225,0.017
snpy_unmatched,1,sn2005gj,V0,746.62,18.235,0.02
snpy_unmatched,1,sn2005hc,V0,662.72,17.557,0.012
snpy_unmatched,1,sn2005hc,V0,663.69,17.499,0.009
snpy_unmatched,1,sn2005hc,V0,665.66,17.411,0.008
snpy_unmatched,1,sn2005hc,V0,666.72,17.396,0.008
snpy_unmatched,1,sn2005hc,V0,669.65,17.401,0.007
snpy_unmatched,1,sn2005hc,V0,671.74,17.416,0.008
snpy_unmatched,1,sn2005hc,V0,673.72,17.456,0.009
snpy_unmatched,1,sn2005hc,V0,675.7,17.528,0.01
snpy_unmatched,1,sn2005hc,V0,682.75,17.919,0.016
snpy_unmatched,1,sn2005hc,V0,684.7,18.005,0.01
snpy_unmatched,1,sn2005hc,V0,687.71,18.164,0.012
snpy_unmatched,1,sn2005hc,V0,690.73,18.358,0.02
snpy_unmatched,1,sn2005hc,V0,695.75,18.639,0.015
snpy_unmatched,1,sn2005hc,V0,699.65,18.869,0.014
snpy_unmatched,1,sn2005hc,V0,703.69,19.132,0.017
snpy_unmatched,1,sn2005hc,V0,713.55,19.559,0.021
snpy_unmatched,1,sn2005hc,V0,722.63,19.796,0.03
snpy_unmatched,1,sn2005hc,V0,726.63,19.892,0.023
snpy_unmatched,1,sn2005hc,V0,730.66,20.026,0.024
snpy_unmatched,1,sn2005hc,V0,737.59,20.161,0.03
snpy_unmatched,1,sn2005hc,V0,739.63,20.192,0.032
snpy_unmatched,1,sn2005hc,V0,740.61,20.126,0.034
snpy_unmatched,1,sn2005hc,V0,746.58,20.29,0.066
snpy_unmatched,1,sn2005hj,V0,671.67,17.808,0.009
snpy_unmatched,1,sn2005hj,V0,673.66,17.765,0.01
snpy_unmatched,1,sn2005hj,V0,675.64,17.805,0.015
snpy_unmatched,1,sn2005hj,V0,682.69,17.959,0.022
snpy_unmatched,1,sn2005hj,V0,683.66,18.011,0.012
snpy_unmatched,1,sn2005hj,V0,690.68,18.304,0.033
snpy_unmatched,1,sn2005hj,V0,695.7,18.659,0.014
snpy_unmatched,1,sn2005hj,V0,702.66,19.046,0.017
snpy_unmatched,1,sn2005hj,V0,707.72,19.19,0.028
snpy_unmatched,1,sn2005hj,V0,712.6,19.691,0.031
snpy_unmatched,1,sn2005hj,V0,725.63,20.15,0.044
snpy_unmatched,1,sn2005hj,V0,729.63,20.201,0.052
snpy_unmatched,1,sn2005hj,V0,739.6,20.367,0.046
snpy_unmatched,1,sn2005hj,V0,747.57,20.511,0.128
snpy_unmatched,1,sn2005hk,V0,675.61,16.866,0.01
snpy_unmatched,1,sn2005hk,V0,682.58,15.937,0.006
snpy_unmatched,1,sn2005hk,V0,683.58,15.877,0.007
snpy_unmatched,1,sn2005hk,V0,684.62,15.825,0.007
snpy_unmatched,1,sn2005hk,V0,687.59,15.73,0.009
snpy_unmatched,1,sn2005hk,V0,689.66,15.765,0.008
snpy_unmatched,1,sn2005hk,V0,690.61,15.762,0.007
snpy_unmatched,1,sn2005hk,V0,694.65,15.932,0.008
snpy_unmatched,1,sn2005hk,V0,695.64,15.981,0.007
snpy_unmatched,1,sn2005hk,V0,698.59,16.24,0.006
snpy_unmatched,1,sn2005hk,V0,699.62,16.324,0.007
snpy_unmatched,1,sn2005hk,V0,702.63,16.585,0.008
snpy_unmatched,1,sn2005hk,V0,706.66,16.887,0.009
snpy_unmatched,1,sn2005hk,V0,712.57,17.182,0.011
snpy_unmatched,1,sn2005hk,V0,720.57,17.471,0.015
snpy_unmatched,1,sn2005hk,V0,725.6,17.574,0.012
snpy_unmatched,1,sn2005hk,V0,728.61,17.663,0.01
snpy_unmatched,1,sn2005hk,V0,730.62,17.7,0.011
snpy_unmatched,1,sn2005hk,V0,736.56,17.787,0.009
snpy_unmatched,1,sn2005hk,V0,739.56,17.845,0.01
snpy_unmatched,1,sn2005hk,V0,745.55,17.93,0.019
snpy_unmatched,1,sn2005hk,V0,748.57,17.995,0.024
snpy_unmatched,1,sn2005iq,V0,682.55,17.187,0.009
snpy_unmatched,1,sn2005iq,V0,683.56,17.081,0.01
snpy_unmatched,1,sn2005iq,V0,684.6,17.001,0.01
snpy_unmatched,1,sn2005iq,V0,687.55,16.871,0.009
snpy_unmatched,1,sn2005iq,V0,689.63,16.864,0.011
snpy_unmatched,1,sn2005iq,V0,690.58,16.869,0.011
snpy_unmatched,1,sn2005iq,V0,694.62,17.022,0.009
snpy_unmatched,1,sn2005iq,V0,695.61,17.077,0.01
snpy_unmatched,1,sn2005iq,V0,698.57,17.27,0.008
snpy_unmatched,1,sn2005iq,V0,699.6,17.339,0.008
snpy_unmatched,1,sn2005iq,V0,702.61,17.542,0.011
snpy_unmatched,1,sn2005iq,V0,706.64,17.822,0.011
snpy_unmatched,1,sn2005iq,V0,716.61,18.543,0.028
snpy_unmatched,1,sn2005iq,V0,721.58,18.853,0.033
snpy_unmatched,1,sn2005iq,V0,726.6,19.106,0.028
snpy_unmatched,1,sn2005iq,V0,730.59,19.239,0.021
snpy_unmatched,1,sn2005iq,V0,738.54,19.443,0.022
snpy_unmatched,1,sn2005iq,V0,746.55,19.676,0.054
snpy_unmatched,1,sn2005ir,V0,682.62,18.456,0.023
snpy_unmatched,1,sn2005ir,V0,683.62,18.375,0.025
snpy_unmatched,1,sn2005ir,V0,684.66,18.402,0.019
snpy_unmatched,1,sn2005ir,V0,687.64,18.33,0.028
snpy_unmatched,1,sn2005ir,V0,690.64,18.393,0.03
snpy_unmatched,1,sn2005ir,V0,694.69,18.615,0.017
snpy_unmatched,1,sn2005ir,V0,695.67,18.695,0.016
snpy_unmatched,1,sn2005ir,V0,698.62,18.806,0.017
snpy_unmatched,1,sn2005ir,V0,703.65,19.172,0.019
snpy_unmatched,1,sn2005ir,V0,707.68,19.37,0.019
snpy_unmatched,1,sn2005ir,V0,722.6,20.479,0.044
snpy_unmatched,1,sn2005ir,V0,728.63,20.655,0.04
snpy_unmatched,1,sn2005kc,V0,687.52,17.01,0.013
snpy_unmatched,1,sn2005kc,V0,689.57,16.502,0.011
snpy_unmatched,1,sn2005kc,V0,690.54,16.347,0.008
snpy_unmatched,1,sn2005kc,V0,694.58,15.899,0.007
snpy_unmatched,1,sn2005kc,V0,695.59,15.852,0.009
snpy_unmatched,1,sn2005kc,V0,698.55,15.769,0.006
snpy_unmatched,1,sn2005kc,V0,699.54,15.758,0.008
snpy_unmatched,1,sn2005kc,V0,702.55,15.803,0.007
snpy_unmatched,1,sn2005kc,V0,706.56,15.93,0.007
snpy_unmatched,1,sn2005kc,V0,712.53,16.343,0.01
snpy_unmatched,1,sn2005kc,V0,716.54,16.63,0.01
snpy_unmatched,1,sn2005kc,V0,720.54,16.848,0.011
snpy_unmatched,1,sn2005kc,V0,728.54,17.345,0.014
snpy_unmatched,1,sn2005ke,V0,689.69,16.247,0.01
snpy_unmatched,1,sn2005ke,V0,690.77,15.768,0.009
snpy_unmatched,1,sn2005ke,V0,694.76,14.755,0.008
snpy_unmatched,1,sn2005ke,V0,695.72,14.619,0.01
snpy_unmatched,1,sn2005ke,V0,698.72,14.3,0.006
snpy_unmatched,1,sn2005ke,V0,699.72,14.25,0.009
snpy_unmatched,1,sn2005ke,V0,702.71,14.253,0.011
snpy_unmatched,1,sn2005ke,V0,703.77,14.291,0.009
snpy_unmatched,1,sn2005ke,V0,706.72,14.562,0.011
snpy_unmatched,1,sn2005ke,V0,707.83,14.691,0.01
snpy_unmatched,1,sn2005ke,V0,712.71,15.193,0.01
snpy_unmatched,1,sn2005ke,V0,713.68,15.288,0.008
snpy_unmatched,1,sn2005ke,V0,716.67,15.527,0.006
snpy_unmatched,1,sn2005ke,V0,720.68,15.813,0.01
snpy_unmatched,1,sn2005ke,V0,721.66,15.879,0.01
snpy_unmatched,1,sn2005ke,V0,725.72,16.106,0.009
snpy_unmatched,1,sn2005ke,V0,730.72,16.335,0.009
snpy_unmatched,1,sn2005ke,V0,736.67,16.54,0.009
snpy_unmatched,1,sn2005ke,V0,737.68,16.569,0.01
snpy_unmatched,1,sn2005ke,V0,741.65,16.721,0.009
snpy_unmatched,1,sn2005ke,V0,746.68,16.87,0.011
snpy_unmatched,1,sn2005ki,V0,695.86,16.965,0.009
snpy_unmatched,1,sn2005ki,V0,702.83,15.776,0.006
snpy_unmatched,1,sn2005ki,V0,703.86,15.733,0.006
snpy_unmatched,1,sn2005ki,V0,706.84,15.676,0.007
snpy_unmatched,1,sn2005ki,V0,707.86,15.691,0.006
snpy_unmatched,1,sn2005ki,V0,712.84,15.878,0.006
snpy_unmatched,1,sn2005ki,V0,716.86,16.173,0.006
snpy_unmatched,1,sn2005ki,V0,720.83,16.448,0.011
snpy_unmatched,1,sn2005ki,V0,721.84,16.496,0.01
snpy_unmatched,1,sn2005ki,V0,728.85,17.019,0.009
snpy_unmatched,1,sn2005ki,V0,730.86,17.189,0.013
snpy_unmatched,1,sn2005ki,V0,736.81,17.622,0.025
snpy_unmatched,1,sn2005ki,V0,738.85,17.72,0.011
snpy_unmatched,1,sn2005ki,V0,740.85,17.795,0.012
snpy_unmatched,1,sn2005ki,V0,741.82,17.845,0.011
snpy_unmatched,1,sn2005ki,V0,745.77,17.982,0.013
snpy_unmatched,1,sn2005ki,V0,748.77,18.046,0.014
snpy_unmatched,1,sn2005ku,V0,699.56,17.66,0.017
snpy_unmatched,1,sn2005ku,V0,702.57,17.631,0.013
snpy_unmatched,1,sn2005ku,V0,707.57,17.796,0.018
snpy_unmatched,1,sn2005ku,V0,712.55,18.13,0.023
snpy_unmatched,1,sn2005ku,V0,716.56,18.232,0.032
snpy_unmatched,1,sn2005ku,V0,729.56,19.06,0.054
snpy_unmatched,1,sn2005lu,V0,720.63,17.328,0.013
snpy_unmatched,1,sn2005lu,V0,721.61,17.378,0.011
snpy_unmatched,1,sn2005lu,V0,726.66,17.656,0.013
snpy_unmatched,1,sn2005lu,V0,728.67,17.75,0.02
snpy_unmatched,1,sn2005lu,V0,737.63,18.197,0.022
snpy_unmatched,1,sn2005lu,V0,738.63,18.245,0.019
snpy_unmatched,1,sn2005lu,V0,745.58,18.713,0.028
snpy_unmatched,1,sn2005lu,V0,748.63,18.854,0.029
snpy_unmatched,1,sn2005m,V0,396.77,16.555,0.024
snpy_unmatched,1,sn2005m,V0,397.73,16.505,0.019
snpy_unmatched,1,sn2005m,V0,398.76,16.363,0.01
snpy_unmatched,1,sn2005m,V0,399.72,16.257,0.008
snpy_unmatched,1,sn2005m,V0,400.72,16.18,0.008
snpy_unmatched,1,sn2005m,V0,401.7,16.125,0.006
snpy_unmatched,1,sn2005m,V0,402.69,16.081,0.008
snpy_unmatched,1,sn2005m,V0,403.74,16.042,0.007
snpy_unmatched,1,sn2005m,V0,404.72,16.025,0.007
snpy_unmatched,1,sn2005m,V0,406.72,15.992,0.008
snpy_unmatched,1,sn2005m,V0,407.77,16.012,0.008
snpy_unmatched,1,sn2005m,V0,408.73,16.021,0.008
snpy_unmatched,1,sn2005m,V0,409.73,16.028,0.008
snpy_unmatched,1,sn2005m,V0,410.74,16.04,0.007
snpy_unmatched,1,sn2005m,V0,411.73,16.061,0.007
snpy_unmatched,1,sn2005m,V0,412.72,16.079,0.008
snpy_unmatched,1,sn2005m,V0,413.7,16.118,0.009
snpy_unmatched,1,sn2005m,V0,414.68,16.145,0.008
snpy_unmatched,1,sn2005m,V0,415.73,16.188,0.009
snpy_unmatched,1,sn2005m,V0,416.66,16.232,0.008
snpy_unmatched,1,sn2005m,V0,417.71,16.274,0.008
snpy_unmatched,1,sn2005m,V0,418.71,16.338,0.009
snpy_unmatched,1,sn2005m,V0,419.68,16.392,0.009
snpy_unmatched,1,sn2005m,V0,420.74,16.44,0.01
snpy_unmatched,1,sn2005m,V0,421.77,16.509,0.012
snpy_unmatched,1,sn2005m,V0,422.69,16.56,0.024
snpy_unmatched,1,sn2005m,V0,424.67,16.647,0.036
snpy_unmatched,1,sn2005m,V0,425.66,16.742,0.025
snpy_unmatched,1,sn2005m,V0,426.67,16.804,0.016
snpy_unmatched,1,sn2005m,V0,427.67,16.873,0.016
snpy_unmatched,1,sn2005m,V0,428.64,16.904,0.013
snpy_unmatched,1,sn2005m,V0,429.66,16.933,0.016
snpy_unmatched,1,sn2005m,V0,430.65,17.017,0.014
snpy_unmatched,1,sn2005m,V0,431.62,17.068,0.012
snpy_unmatched,1,sn2005m,V0,432.65,17.125,0.013
snpy_unmatched,1,sn2005m,V0,436.66,17.329,0.012
snpy_unmatched,1,sn2005m,V0,438.65,17.416,0.012
snpy_unmatched,1,sn2005m,V0,444.67,17.759,0.014
snpy_unmatched,1,sn2005m,V0,445.66,17.815,0.013
snpy_unmatched,1,sn2005m,V0,446.67,17.877,0.013
snpy_unmatched,1,sn2005m,V0,453.58,18.134,0.029
snpy_unmatched,1,sn2005m,V0,454.61,18.158,0.028
snpy_unmatched,1,sn2005m,V0,455.62,18.169,0.03
snpy_unmatched,1,sn2005m,V0,456.59,18.23,0.027
snpy_unmatched,1,sn2005m,V0,457.59,18.276,0.022
snpy_unmatched,1,sn2005m,V0,458.58,18.29,0.021
snpy_unmatched,1,sn2005m,V0,459.57,18.315,0.016
snpy_unmatched,1,sn2005m,V0,460.57,18.332,0.015
snpy_unmatched,1,sn2005m,V0,464.55,18.421,0.016
snpy_unmatched,1,sn2005m,V0,465.61,18.451,0.015
snpy_unmatched,1,sn2005m,V0,466.6,18.486,0.018
snpy_unmatched,1,sn2005m,V0,472.55,18.583,0.015
snpy_unmatched,1,sn2005m,V0,474.53,18.622,0.016
snpy_unmatched,1,sn2005m,V0,476.52,18.696,0.021
snpy_unmatched,1,sn2005m,V0,478.55,18.675,0.027
snpy_unmatched,1,sn2005m,V0,479.55,18.772,0.046
snpy_unmatched,1,sn2005m,V0,480.51,18.797,0.03
snpy_unmatched,1,sn2005mc,V0,736.79,17.101,0.009
snpy_unmatched,1,sn2005mc,V0,737.77,17.121,0.01
snpy_unmatched,1,sn2005mc,V0,738.75,17.153,0.009
snpy_unmatched,1,sn2005mc,V0,740.79,17.245,0.009
snpy_unmatched,1,sn2005mc,V0,741.72,17.279,0.009
snpy_unmatched,1,sn2005mc,V0,746.75,17.703,0.011
snpy_unmatched,1,sn2005mc,V0,747.76,17.813,0.015
snpy_unmatched,1,sn2005na,V0,738.71,16.276,0.007
snpy_unmatched,1,sn2005na,V0,740.77,16.244,0.01
snpy_unmatched,1,sn2005na,V0,741.7,16.247,0.006
snpy_unmatched,1,sn2005na,V0,745.65,16.315,0.008
snpy_unmatched,1,sn2005na,V0,748.71,16.421,0.008
snpy_unmatched,1,sn2005w,V0,404.54,14.91,0.006
snpy_unmatched,1,sn2005w,V0,406.54,14.611,0.007
snpy_unmatched,1,sn2005w,V0,408.53,14.417,0.006
snpy_unmatched,1,sn2005w,V0,409.53,14.361,0.006
snpy_unmatched,1,sn2005w,V0,410.53,14.313,0.007
snpy_unmatched,1,sn2005w,V0,411.53,14.279,0.006
snpy_unmatched,1,sn2005w,V0,412.53,14.278,0.006
snpy_unmatched,1,sn2005w,V0,413.53,14.251,0.011
snpy_unmatched,1,sn2005w,V0,414.52,14.299,0.011
snpy_unmatched,1,sn2005w,V0,415.52,14.279,0.009
snpy_unmatched,1,sn2005w,V0,416.52,14.281,0.01
snpy_unmatched,1,sn2005w,V0,417.52,14.293,0.009
snpy_unmatched,1,sn2005w,V0,418.52,14.339,0.009
snpy_unmatched,1,sn2005w,V0,419.52,14.374,0.016
snpy_unmatched,1,sn2005w,V0,420.51,14.378,0.013
snpy_unmatched,1,sn2005w,V0,421.52,14.478,0.019
snpy_unmatched,1,sn2005w,V0,422.51,14.531,0.025
snpy_unmatched,1,sn2005w,V0,425.51,14.699,0.017
snpy_unmatched,1,sn2005w,V0,426.5,14.777,0.017
snpy_unmatched,1,sn2005w,V0,427.51,14.868,0.014
snpy_unmatched,1,sn2005w,V0,429.51,14.957,0.013
