reference_Omega_m,alternative_q,z,delta_mu_same_H0_mag,delta_mu_after_z002_anchor_mag,peculiar_velocity_only_scale_mag
0.3,0.0,0.005,-0.0029704895960295805,0.008730208434907911,0.21714724095162588
0.3,0.0,0.01,-0.005910590025671996,0.005790108005265495,0.10857362047581294
0.3,0.0,0.02,-0.011700698030937491,0.0,0.05428681023790647
0.3,0.0,0.04,-0.022927928918169315,-0.011227230887231824,0.027143405118953235
0.3,0.0,0.06,-0.03369823729116398,-0.02199753926022649,0.01809560341263549
0.3,0.0,0.079,-0.04352135200914244,-0.03182065397820495,0.013743496262761131
0.3,0.0,0.08,-0.04402758680835679,-0.0323268887774193,0.013571702559476618
0.3,0.5,0.005,-0.005677504118624083,0.016764538517994334,0.21714724095162588
0.3,0.5,0.01,-0.011310067718037333,0.011131974918581084,0.10857362047581294
0.3,0.5,0.02,-0.022442042636618417,0.0,0.05428681023790647
0.3,0.5,0.04,-0.04418480837634518,-0.021742765739726767,0.027143405118953235
0.3,0.5,0.06,-0.06525377018941307,-0.04281172755279465,0.01809560341263549
0.3,0.5,0.079,-0.08466738989679301,-0.06222534726017459,0.013743496262761131
0.3,0.5,0.08,-0.08567330745453113,-0.0632312648179127,0.013571702559476618
0.28,0.0,0.005,-0.0031333600380286236,0.0092188672033646,0.21714724095162588
0.28,0.0,0.01,-0.006236344853799074,0.006115882387594149,0.10857362047581294
0.28,0.0,0.02,-0.012352227241393223,0.0,0.05428681023790647
0.28,0.0,0.04,-0.02423077941353976,-0.011878552172146535,0.027143405118953235
0.28,0.0,0.06,-0.035651639840945375,-0.02329941259955215,0.01809560341263549
0.28,0.0,0.079,-0.04609157205573271,-0.03373934481433948,0.013743496262761131
0.28,0.0,0.08,-0.04663022955749821,-0.034278002316104984,0.013571702559476618
0.28,0.5,0.005,-0.005840374560623168,0.01725319728645083,0.21714724095162588
0.28,0.5,0.01,-0.011635822546164458,0.01145774930090954,0.10857362047581294
0.28,0.5,0.02,-0.023093571847073998,0.0,0.05428681023790647
0.28,0.5,0.04,-0.04548765887171548,-0.02239408702464148,0.027143405118953235
0.28,0.5,0.06,-0.06720717273919449,-0.04411360089212049,0.01809560341263549
0.28,0.5,0.079,-0.08723760994338324,-0.06414403809630924,0.013743496262761131
0.28,0.5,0.08,-0.08827595020367258,-0.06518237835659858,0.013571702559476618
