association,filter,visit,constituent,exposure_seconds,drizzle_kernel,pixfrac,output_scale,input_scale,output_units
icxoi1010,F160W,1,"icxoi1b9q_flt.fits[sci,1]",302.934753,square,1.0,0.1282500028610229,0.1282500028610229,cps
icxoi1010,F160W,1,"icxoi1bcq_flt.fits[sci,1]",302.934753,square,1.0,0.1282500028610229,0.1282500028610229,cps
icxoi1010,F160W,1,"icxoi1bfq_flt.fits[sci,1]",302.934753,square,1.0,0.1282500028610229,0.1282500028610229,cps
icxoi1010,F160W,1,"icxoi1biq_flt.fits[sci,1]",302.934753,square,1.0,0.1282500028610229,0.1282500028610229,cps
icxoi4010,F160W,4,"icxoi4hdq_flt.fits[sci,1]",302.934753,square,1.0,0.1282500028610229,0.1282500028610229,cps
icxoi4010,F160W,4,"icxoi4hgq_flt.fits[sci,1]",302.934753,square,1.0,0.1282500028610229,0.1282500028610229,cps
icxoi4010,F160W,4,"icxoi4hjq_flt.fits[sci,1]",302.934753,square,1.0,0.1282500028610229,0.1282500028610229,cps
icxoi4010,F160W,4,"icxoi4hmq_flt.fits[sci,1]",302.934753,square,1.0,0.1282500028610229,0.1282500028610229,cps
icxoi1020,F125W,1,"icxoi1baq_flt.fits[sci,1]",252.934357,square,1.0,0.1282500028610229,0.1282500028610229,cps
icxoi1020,F125W,1,"icxoi1beq_flt.fits[sci,1]",252.934357,square,1.0,0.1282500028610229,0.1282500028610229,cps
icxoi1020,F125W,1,"icxoi1bhq_flt.fits[sci,1]",252.934357,square,1.0,0.1282500028610229,0.1282500028610229,cps
icxoi1020,F125W,1,"icxoi1bjq_flt.fits[sci,1]",252.934357,square,1.0,0.1282500028610229,0.1282500028610229,cps
icxoi2010,F160W,2,"icxoi2nfq_flt.fits[sci,1]",302.934753,square,1.0,0.12825000286102292,0.1282500028610229,cps
icxoi2010,F160W,2,"icxoi2nmq_flt.fits[sci,1]",302.934753,square,1.0,0.12825000286102292,0.1282500028610229,cps
icxoi2010,F160W,2,"icxoi2nqq_flt.fits[sci,1]",302.934753,square,1.0,0.12825000286102292,0.1282500028610229,cps
icxoi2010,F160W,2,"icxoi2nwq_flt.fits[sci,1]",302.934753,square,1.0,0.12825000286102292,0.1282500028610229,cps
icxoi2020,F125W,2,"icxoi2ngq_flt.fits[sci,1]",252.934357,square,1.0,0.1282500028610229,0.1282500028610229,cps
icxoi2020,F125W,2,"icxoi2noq_flt.fits[sci,1]",252.934357,square,1.0,0.1282500028610229,0.1282500028610229,cps
icxoi2020,F125W,2,"icxoi2nsq_flt.fits[sci,1]",252.934357,square,1.0,0.1282500028610229,0.1282500028610229,cps
icxoi2020,F125W,2,"icxoi2nxq_flt.fits[sci,1]",252.934357,square,1.0,0.1282500028610229,0.1282500028610229,cps
icxoi3010,F160W,3,"icxoi3s7q_flt.fits[sci,1]",302.934753,square,1.0,0.1282500028610229,0.1282500028610229,cps
icxoi3010,F160W,3,"icxoi3saq_flt.fits[sci,1]",302.934753,square,1.0,0.1282500028610229,0.1282500028610229,cps
icxoi3010,F160W,3,"icxoi3sdq_flt.fits[sci,1]",302.934753,square,1.0,0.1282500028610229,0.1282500028610229,cps
icxoi3010,F160W,3,"icxoi3sgq_flt.fits[sci,1]",302.934753,square,1.0,0.1282500028610229,0.1282500028610229,cps
icxoi3020,F125W,3,"icxoi3s8q_flt.fits[sci,1]",252.934357,square,1.0,0.1282500028610229,0.1282500028610229,cps
icxoi3020,F125W,3,"icxoi3scq_flt.fits[sci,1]",252.934357,square,1.0,0.1282500028610229,0.1282500028610229,cps
icxoi3020,F125W,3,"icxoi3sfq_flt.fits[sci,1]",252.934357,square,1.0,0.1282500028610229,0.1282500028610229,cps
icxoi3020,F125W,3,"icxoi3shq_flt.fits[sci,1]",252.934357,square,1.0,0.1282500028610229,0.1282500028610229,cps
icxoi4020,F125W,4,"icxoi4heq_flt.fits[sci,1]",252.934357,square,1.0,0.12825000286102292,0.1282500028610229,cps
icxoi4020,F125W,4,"icxoi4hiq_flt.fits[sci,1]",252.934357,square,1.0,0.12825000286102292,0.1282500028610229,cps
icxoi4020,F125W,4,"icxoi4hlq_flt.fits[sci,1]",252.934357,square,1.0,0.12825000286102292,0.1282500028610229,cps
icxoi4020,F125W,4,"icxoi4hnq_flt.fits[sci,1]",252.934357,square,1.0,0.12825000286102292,0.1282500028610229,cps
