z,n,mean_host_age_gyr,mean_delay_gyr,median_delay_gyr,sd_delay_gyr,high_mass_fraction,mean_host_lowmass,mean_host_highmass,mean_delay_lowmass,mean_delay_highmass,naive_delay_on_host_slope,illustrative_host_age_mass_step_mag,illustrative_delay_mass_step_mag
0.0005,10000,4.38697232119866,3.2009154500000006,0.86425,3.79294957030417,0.3654,2.4991469470028655,7.665609383225621,1.277662464544595,6.541080596606459,0.9040932063839672,0.15499387308668264,0.15790254396185593
0.0015,10000,4.314300933537884,3.08476485,0.79975,3.7387170919419455,0.3549,2.521387969818268,7.573270087934962,1.2569711672608899,6.407136517328825,0.8986046933867176,0.15155646354350083,0.15450496050203805
0.0025,10000,4.287216786642781,3.0909140500000003,0.7835,3.731650410242903,0.3508,2.4909832424396945,7.611375329677683,1.2829165126309303,6.436843358038769,0.9001094222588446,0.15361176261713963,0.15461780536223513
0.0035,10000,4.248126536124525,3.00142445,0.76275,3.676631382576928,0.3434,2.509118379555168,7.573207361993601,1.2351929637526653,6.3785578043098425,0.8968476005462418,0.15192266947315297,0.15430094521671534
0.0049999999999999,857,7.897896368314248,6.136670945157527,7.1835,3.522509988213477,0.8844807467911319,7.659327224727969,7.929055135088711,5.61979797979798,6.204178100263852,1.1285557715123236,0.008091837310822258,0.01753140361397617
0.005,19143,4.0997544155190715,2.9481889202319382,0.7315,3.6664434058574322,0.3291542600428355,2.4232696767521493,7.516579842474286,1.2171571016975549,6.476186160926837,0.908514011317087,0.1527993049716641,0.15777087177687849
0.0068333333333333,993,1.1190141726544964,0.3978776435045317,0.189,0.5766262135953658,0.0,1.1190141726544964,,0.3978776435045317,,0.17918312321695426,,
0.007,18020,4.4948895875498955,3.2369155105438403,0.905,3.8186204846442595,0.3796337402885683,2.649454694419535,7.510547630278197,1.2394695858305753,6.500977488671246,0.9538316677053404,0.14583278807575983,0.15784523708522014
0.0071666666666666,714,1.3009035680302559,0.508609943977591,0.19575,0.7874868347432648,0.0,1.3009035680302559,,0.508609943977591,,0.32182762060412407,,
0.0075,273,0.41314141699935936,0.22564468864468865,0.139,0.20974300218641642,0.0,0.41314141699935936,,0.22564468864468865,,,,
0.0085,10000,4.2425708785912155,2.99767195,0.6405,3.8242444526954076,0.3524,2.4263521725318786,7.580207751587886,1.0482916151945645,6.580017877412032,0.9749611015271431,0.1546156673716802,0.165951787866524
0.0095,10000,4.21437080023657,2.9627976499999997,0.641,3.7855327819969853,0.3495,2.4272611211821467,7.540593536216261,1.0554460415065334,6.512818311874105,0.9633509438685527,0.15339997245102344,0.16372116811102716
0.0108333333333333,1102,2.046694882786809,1.4467912885662433,0.53325,1.7680546911803598,0.0,2.046694882786809,,1.4467912885662433,,0.9331999186742808,,
0.0109999999999999,915,6.368005941401756,4.4736557377049175,1.6845,4.6121711965325005,0.44043715846994536,3.4551096177197422,10.068757598288084,1.256572265625,8.560868486352359,1.0518464789536475,0.19840943941705025,0.21912888662182076
0.011,16982,4.346424553704275,3.1368405370392183,0.8135000000000001,3.7749527180531097,0.3751030502885408,2.538533447492998,7.358251935040864,1.056091547304938,6.603231161695447,0.9263303731621569,0.144591554626436,0.1664141884317153
0.0111666666666666,1001,2.0722356719904003,0.9806188811188812,0.2725,1.530349775493546,0.0,2.0722356719904003,,0.9806188811188812,,0.5370171930709351,,
0.0125,10000,4.209776371946579,2.9900288,0.731,3.7203846776154075,0.3389,2.519622774157234,7.506797745503778,1.077679776130691,6.72049188551195,0.9251664640585764,0.1496152491403963,0.16928436328143776
0.0135,10000,4.171812309047027,2.9215297499999995,0.7115,3.669029609681232,0.3364,2.4988254900632367,7.472032443047155,1.0560167269439422,6.6015370095124855,0.9127031055704204,0.14919620858951754,0.1663656084770563
0.0148333333333333,288,0.4381663960098968,0.23385416666666664,0.13875,0.21700496449787673,0.0,0.4381663960098968,,0.23385416666666664,,,,
0.015,19443,4.280720158531738,3.046462042894615,0.834,3.7054243351535843,0.3511289410070462,2.571209220237151,7.43982225279342,1.1030395925808498,6.637822469605977,0.9333367101817408,0.14605839097668807,0.1660434863107538
0.0151666666666666,269,0.38442919936163744,0.2244739776951673,0.148,0.20414002654970906,0.0,0.38442919936163744,,0.2244739776951673,,,,
0.0165,10000,4.097319813707375,2.8285546999999998,0.67275,3.645162412336265,0.3339,2.4345284820031736,7.4144366332586396,0.9671128959615674,6.541961066187481,0.9107085398323548,0.14939724453766398,0.1672454451067774
0.0175,10000,4.08535247749307,2.8857615,0.649,3.6865786308131105,0.3318,2.4309022489497116,7.417189857579483,0.9903061957497756,6.702950271247739,0.942233475961719,0.14958862825889313,0.1713793222649389
0.0188333333333333,446,0.8979283144666226,0.34086659192825114,0.17375,0.40458000226124285,0.0,0.8979283144666226,,0.34086659192825114,,0.09153513011924688,,
0.019,19062,4.201729340752426,2.9192019725107543,0.72075,3.675786444674533,0.34602874829503727,2.496112371450716,7.425231635979095,1.0102001845018451,6.527088007883566,0.922028330794981,0.14787357793585137,0.1655066347014516
0.0191666666666666,492,0.8522272288390398,0.3116829268292683,0.15425,0.37345150086202705,0.0,0.8522272288390398,,0.3116829268292683,,0.07023213366564242,,
0.0205,10000,4.085518174542756,2.84049995,0.608,3.6592487075881297,0.3328,2.418265645057534,7.428038870674188,0.9628445743405276,6.604837890625,0.9278371609392823,0.1502931967684996,0.16925979948853417
0.0215,1476,5.693900423332036,5.5165447154471545,7.156750000000001,3.636165464485605,0.6714092140921409,5.206621604733195,5.932376938993427,3.002864948453608,6.74675126135217,0.7703623184340653,0.021772660027806943,0.11231658938695685
0.0217,237,4.912604370484999,3.2776582278481015,2.3355,3.288168062439843,0.0,4.912604370484999,,3.2776582278481015,,,,
0.02175,260,9.569540268987325,7.934776923076923,8.779499999999999,3.1042879573656377,1.0,,9.569540268987325,,7.934776923076923,,,
0.0218333333333333,1899,3.2986981448945754,1.8716856240126383,0.2925,3.2841387272911504,0.31121642969984203,1.3651553373195533,7.578011160644372,0.43457912844036695,5.052286802030457,0.7759766679965346,0.18638567469974454,0.1385312302077027
0.0219,463,1.974619948679863,0.5886792656587473,0.216,0.8233040736352485,0.0,1.974619948679863,,0.5886792656587473,,0.5134624883892135,,
0.0219285714285714,96,8.875936526426369,8.067182291666667,9.01575,2.9763671401999554,1.0,,8.875936526426369,,8.067182291666667,,,
0.022,9137,3.5084938905906404,1.9041286527306556,0.35,3.1160285626995474,0.22622304914085586,2.1216474247384878,8.252085817815953,0.7873128005657708,5.7241035316884386,0.7493257525808512,0.18391315179232395,0.14810372193368002
0.0220555555555555,399,7.543030561637922,7.185443609022557,8.692,3.517170157532643,1.0,,7.543030561637922,,7.185443609022557,,,
0.0221,1114,6.34331769734818,5.007995511669658,4.23325,4.143911514841621,0.4865350089766607,3.5575450269726576,9.283284426969582,1.8389606643356644,8.352438191881918,1.0471949955318482,0.1717721819999077,0.19540432582638761
0.0221666666666666,2917,3.6975371176613314,2.282968632156325,0.384,3.5554815233120136,0.2639698320191978,2.020597649785876,8.373367036529647,0.6361748952026084,6.874742857142857,0.8860472770747216,0.1905830816023131,0.18715703885820745
0.02225,1163,6.309275339367488,4.956326311263972,5.0635,3.74154682787201,1.0,,6.309275339367488,,4.956326311263972,3.0525144632290724,,
0.0223,157,6.810105236627477,3.6818057324840763,2.801,3.4570215664726005,0.0,6.810105236627477,,3.6818057324840763,,,,
0.0225,682,8.03104543542915,7.855621700879765,9.67625,3.7396496493457025,0.8401759530791789,5.0143915895959905,8.60489407276914,4.049642201834862,8.579621291448516,1.0120107425974736,0.10771507449519448,0.13589937268840963
0.0234999999999999,641,7.060945858217887,5.700531981279251,7.7765,4.190685801030659,0.9001560062402496,2.2041858545849204,7.599650607321023,0.636453125,6.262232235701906,1.2366954303202662,0.1618639425820831,0.16877337332105719
0.0235,9359,4.206645175044687,2.850074366919543,0.6055,3.7233048678628435,0.3388182498130142,2.4055978174932253,7.721271806557913,1.005059712346477,6.450500315357932,0.8737870296093193,0.1594702196719406,0.16336321809034363
0.0244999999999999,693,7.1515240855008315,5.4323549783549785,6.79,4.245610603629613,0.9076479076479076,2.1965273640190865,7.655689093727911,0.5816328125,5.925910174880763,1.1948999469124273,0.16377485189126473,0.1603283208714229
0.0245,9307,4.136662205936782,2.8866914687869345,0.598,3.7591101374313007,0.33781025034919954,2.3119655831018693,7.713508671118575,0.9666582021742658,6.650420801526717,0.9089044425909323,0.16204629264050116,0.17051287798057355
0.0255,10000,4.3071443724871274,3.00260785,0.62875,3.817609683861514,0.3642,2.3382638120377517,7.744305987900948,0.9981281849638252,6.501916392092257,0.8958836412112641,0.1621812652758959,0.16511364621385294
0.0265,10000,4.039445060809557,2.6368862999999996,0.512,3.638556793438329,0.3632,2.0552760561602894,7.518296443410476,0.8688867776381909,5.736726872246696,0.8939335951770012,0.16389061161750557,0.14603520283825516
0.0275,10000,4.007239077748346,2.57176095,0.5042500000000001,3.5821908723956524,0.3633,2.0565598124133886,7.425894426602646,0.8643064237474479,5.564153729699973,0.8830150302126472,0.16108003842567772,0.14099541917857575
0.0285,10000,4.043000574052489,2.5336055,0.49224999999999997,3.567831750196402,0.3651,2.08052666954479,7.455694854994526,0.8529820444164437,5.4561687208983844,0.8674024862728472,0.16125504556349207,0.13809560029445822
0.0295,10000,4.009354265460941,2.55518335,0.4925,3.592350495896289,0.3674,2.052570810593782,7.37860090005257,0.8489849035725577,5.492965432770822,0.8757094055080916,0.15978090268376363,0.1393194158759479
0.0305,10000,4.056538475477398,2.6346738,0.5209999999999999,3.632341661420094,0.3776,2.0029038530967465,7.441554865757369,0.841571899100257,5.590252780720339,0.8753666276019048,0.16315953037981867,0.14246042644860246
0.0315,10000,4.016320027366488,2.57285035,0.48975,3.589851444164368,0.3701,2.022921119932061,7.409030029509005,0.8471619304651532,5.509924479870305,0.8775979416818909,0.1615832672873083,0.13988287648215453
0.0325,10000,4.0542449711243504,2.6622578000000003,0.525,3.655392095415522,0.3715,2.040746820470492,7.460661088717755,0.8486819411296738,5.730447375504711,0.8978791731007091,0.1625974280474179,0.1464529630312511
0.0335,10000,3.956064860014437,2.56999845,0.5002500000000001,3.5901735500090406,0.365,1.985106308880512,7.38499275034332,0.8175281889763779,5.618816575342465,0.880380084993786,0.16199659324388424,0.1440386515909826
0.0345,10000,4.01729470267367,2.6192208000000003,0.50675,3.6213815233017206,0.3746,1.9775359887019253,7.422700735022652,0.8442827790214263,5.582504938601176,0.8724250477566895,0.1633549423896218,0.14214666478739246
0.0355,10000,3.9582620976905405,2.60912345,0.50375,3.6116238792736475,0.3648,1.9645762238841629,7.429723904274453,0.8289363979848867,5.708835115131579,0.8837716498494906,0.16395443041170868,0.14639696151440076
0.0365,10000,3.953821365841265,2.5562209,0.48375,3.5621453271780457,0.365,1.992484822446548,7.3660095988704315,0.8489379527559054,5.5264254794520555,0.8698913403551379,0.1612057432927165,0.1403246258008845
0.0375,10000,3.9440100551089308,2.5860828999999996,0.47775,3.6058549611538284,0.3678,1.9511933186867896,7.369400867414742,0.8165052198671306,5.627755029907559,0.8879606837218401,0.16254622646183858,0.14433749430121282
0.0385,10000,3.988144516478059,2.6581879499999994,0.5195,3.626134023729074,0.375,1.9636387572933154,7.362320781785965,0.8427315200000001,5.683948666666668,0.8907874726891569,0.1619604607347795,0.14523651440000002
0.0395,10000,3.9801239582650814,2.57238245,0.502,3.5795804876764223,0.3704,1.9653720656416092,7.404767024128306,0.7926353240152478,5.597568169546436,0.875106229845424,0.1631818487546009,0.14414798536593565
0.0405,10000,3.9839597450996016,2.6009391,0.5145,3.5813633470975246,0.39,1.9484464298608926,7.167711340729379,0.8348645901639344,5.363260769230769,0.8970120271968002,0.1565779473260546,0.13585188537200504
0.0415,10000,3.9378238735207263,2.51490065,0.473,3.5210667545381145,0.3796,1.9520079844236238,7.183345943056664,0.820917069632495,5.283466016859852,0.8691951727557085,0.1569401387589912,0.13387646841682072
0.0425,10000,3.8852113038689495,2.4550882,0.47024999999999995,3.47777731085864,0.378,1.912573628503222,7.131191817301442,0.8057584405144694,5.169064682539682,0.8681855123304708,0.15655854566394659,0.1308991872607564
0.0435,10000,3.963912995184017,2.5482056,0.46475,3.5483246665676713,0.3868,1.9608085280206005,7.139465371772971,0.8285720808871494,5.274367114788005,0.8817253242708494,0.1553597053125711,0.13337385101702565
0.0445,10000,3.8763305326996202,2.5034374500000003,0.474,3.516071780451734,0.379,1.902311210343496,7.110805464581291,0.8180739130434782,5.264943403693931,0.8817304292426318,0.15625482762713386,0.1334060847195136
0.0455,10000,3.8711762376173238,2.4331327000000003,0.4495,3.469103325930104,0.3752,1.9339768731774976,7.0970881856503825,0.8136384443021767,5.129987739872068,0.8652301519386475,0.15489333937418653,0.12949047886709675
0.0465,10000,3.9062174658357587,2.4907029,0.461,3.5121149405332877,0.3895,1.8997211671449774,7.051187916030167,0.7644891072891074,5.196360205391526,0.8803616218100725,0.15454400246655567,0.13295613294307257
0.0475,10000,3.8371123833707985,2.4560239499999996,0.46675,3.474911669411529,0.3837,1.8604369682330082,7.012053895879061,0.7695993022878468,5.164763878029711,0.8861095992346602,0.15454850782938157,0.13185493727225592
0.0485,10000,3.8289795665994606,2.4448729,0.4675,3.466595962309738,0.374,1.900293571206077,7.057207997391595,0.7819954472843449,5.228191844919786,0.8794048761873279,0.15470743278556554,0.13338589192906325
0.0495,10000,3.832524142021852,2.4102585,0.4605,3.4441260508078297,0.3705,1.9227660883568611,7.077308743323097,0.7790034948371722,5.181851012145749,0.8719523264696679,0.15463627964898705,0.1320854255192573
0.0505,10000,3.794793260797054,2.9243650000000003,0.5535,3.684814413827572,0.3169,2.0648350002467346,7.52383866244402,1.139774996340214,6.771172925213001,0.9493205107175983,0.16377010986591856,0.1689419378661836
0.0525,10000,3.7635580848200787,2.88520605,0.538,3.6551856639768947,0.3095,2.081853557294432,7.515470770624469,1.1463391020999276,6.7646491114701135,0.9483970058765536,0.16300851639990108,0.16854930028110557
0.0545,10000,3.8093817639900682,2.9385042,0.62225,3.654330533934702,0.314,2.1093506836606175,7.523462404455047,1.1664708454810495,6.809889171974522,0.9486142968228806,0.16242335162383287,0.16930254979480416
0.0565,10000,3.7438221022947937,2.8201670500000002,0.5365,3.650941054889537,0.2878,2.1328627326387757,7.730358805105831,1.1587459281100814,6.931578179291175,0.9558874403125962,0.16792488217401164,0.17318496753543278
0.0585,10000,3.663621579456328,2.78712315,0.5165,3.615045760684678,0.2831,2.0623071052196766,7.7186634253774,1.1340934579439252,6.973124514305899,0.9545449111155482,0.1696906896047317,0.17517093169085918
0.0605,10000,3.7235937879049104,2.8352581,0.5625,3.630802567238078,0.2976,2.0441109665313606,7.687534425447858,1.1250350939635534,6.871752184139785,0.950435921840878,0.1693027037674949,0.17240151270528692
0.0625,10000,3.633467504987867,2.7047427,0.497,3.5602187792286455,0.2844,2.027489573910625,7.674388065743402,1.1058149105645612,6.727923874824192,0.9292554463011673,0.16940695475498332,0.16866326892778893
0.0645,10000,3.647629162189533,2.7623591999999997,0.53525,3.5833168189217983,0.284,2.0412389965485414,7.697542396692877,1.1453076815642458,6.839151056338028,0.9445503420416824,0.16968910200433007,0.17081530124321345
0.0665,10000,3.651670387861001,2.7928762000000003,0.53075,3.5952892667022898,0.2893,2.0387182795747125,7.61407987060924,1.1265926551287464,6.886300725890079,0.9595932950811207,0.1672608477310358,0.17279124212283997
0.0685,10000,3.5286081204344364,2.6538960000000005,0.46275,3.529983597880326,0.2754,1.978757502781287,7.606392280025839,1.0797543472260558,6.7955918663761805,0.945024535439967,0.16882904331733656,0.17147512557450373
0.0705,10000,3.581577342564129,2.7280020499999997,0.498,3.561643620429856,0.2868,1.977531968591804,7.570437735580385,1.0950979388670778,6.7886269177126914,0.9535237485645194,0.16778717300965743,0.1708058693653684
0.0725,10000,3.6244382314327477,2.811716,0.5385,3.5837423581882932,0.3002,1.9542929151906903,7.517735007935716,1.096966490425836,6.808990173217854,0.9624573487020016,0.16690326278235076,0.17136071048376053
0.0745,10000,3.610145281162334,2.7726307499999994,0.52725,3.573832504987721,0.2941,1.97869055153267,7.525969469008577,1.0759998583368748,6.8448910234614075,0.9613945214462343,0.16641836752427722,0.17306673495373598
0.0765,10000,3.5724681520075543,2.74314905,0.5062500000000001,3.5575965222338803,0.2923,1.9513649164230926,7.497390354618311,1.080072841599548,6.769693807731783,0.960277590040793,0.16638076314585654,0.17068862898396706
0.0785,10000,3.5443897960764703,2.67274455,0.49875,3.50385699263009,0.2879,1.9578480864476842,7.468586918086401,1.0544633478444039,6.675447030218827,0.9416618575927397,0.1653221649491615,0.16862951047123267
0.0805,10000,3.544854759818705,2.65151745,0.47224999999999995,3.4802861710861888,0.2845,2.0049130203412626,7.417713510595894,1.0796840670859538,6.6045817223198595,0.9425253373983872,0.1623840147076389,0.16574692965701715
0.0825,10000,3.6117414989484287,2.7638771,0.5365,3.5245121102937285,0.3,1.9910488281604233,7.393357730787108,1.0976449285714287,6.651752166666668,0.9494777390429084,0.16206926707880054,0.1666232171428572
0.0845,10000,3.5595449063859137,2.7127398499999997,0.547,3.4723686994522156,0.291,2.015900720657818,7.3205199155997285,1.1046669252468264,6.630690721649484,0.9514417380331285,0.1591385758482573,0.1657807138920797
0.0865,10000,3.46630058875986,2.4414002,0.41774999999999995,3.3573992053198483,0.284,1.9549694806881484,7.276557889391357,0.9862574720670392,6.109999471830987,0.8800808944308506,0.15964765226109628,0.15371225999291843
0.0885,10000,3.4383581268914205,2.4290755500000003,0.404,3.3416423597511518,0.2803,1.9250035442601354,7.3240566396268285,0.962865568987078,6.193725294327507,0.8850255828514004,0.16197159286100077,0.15692579176021287
0.0905,10000,3.4348900909065376,2.4205446000000004,0.41174999999999995,3.3620767950254207,0.2835,1.9092398267367867,7.29072224003397,0.9397232379623168,6.16307901234568,0.8920762722836928,0.1614444723989155,0.15670067323150086
0.0925,10000,3.4557772360449497,2.4203156999999997,0.43174999999999997,3.320826140512186,0.2882,1.9283268225212045,7.228293559244817,0.9713217898286036,5.999059160305344,0.8710960359928733,0.1589990021017084,0.1508321211143022
0.0945,10000,3.4620133289224397,2.4561008499999994,0.42974999999999997,3.3406141948785675,0.2891,1.935565895458288,7.215563935804712,0.9788684765789843,6.088631096506399,0.8884558610167872,0.15839994121039272,0.15329287859782242
0.0965,10000,3.3991078309077216,2.3660303499999995,0.4065,3.2912494586560572,0.2806,1.9138738579463963,7.2069386225983045,0.9456490825688074,6.007592302209551,0.8773607724103203,0.15879194293955723,0.1518582965892223
0.0985,10000,3.3320629271658224,2.3290895500000004,0.395,3.248714416741175,0.2773,1.8727084771314706,7.135436389264007,0.9340309948803099,5.964894879192211,0.8761392741223549,0.1578818373639761,0.15092591652935702
0.1004999999999999,576,6.2154705508508385,4.351460069444444,4.89025,3.4984069833299087,0.7725694444444444,4.490778001500334,6.7231890316708744,2.3815190839694655,4.931375280898877,1.1696241978801576,0.06697233090511621,0.07649568590788233
0.1005,9424,3.0497924258025426,2.1572677737691004,0.401,3.0505454379701584,0.24182937181663838,1.9160461647288742,6.604253608501692,1.1398539538138557,5.347009653356736,0.8652639806380338,0.14064622331318452,0.1262146709862864
0.1025,10000,3.2686622193682773,2.2765708,0.4415,3.112948114976222,0.2814,1.9663696333981613,6.594275056177536,1.1312330225438354,5.2013743781094535,0.8590732825218996,0.13883716268338123,0.12210424066696854
0.1045,10000,3.2486195045699366,2.241683,0.455,3.048523622548909,0.28,1.96588036508321,6.547091577535807,1.1532165277777777,5.0405967857142855,0.8274114892978264,0.13743633637357788,0.11662140773809523
0.1065,10000,3.3267038938035562,2.2091883500000002,0.40525,3.0873453705802016,0.3099,1.9201961739731555,6.458781910760507,0.9714671062164904,4.965404646660213,0.8233103815005619,0.13615757210362053,0.11981812621331167
0.1085,10000,3.401545126441322,2.30046995,0.438,3.1286491803318817,0.3209,1.9692763183215392,6.432563348922296,1.0092115299661317,5.0330769710190095,0.8375531851239189,0.1338986109180227,0.12071596323158633
0.1105,10000,3.3932321659886715,2.2649057,0.43725,3.1022862377201084,0.3156,1.9955582064451156,6.42418291982774,1.010990867913501,4.984105038022814,0.8324282728257704,0.13285874140147874,0.11919342510327939
0.1125,10000,3.420674229630587,2.2825715,0.44,3.110730272937666,0.3254,1.9664253289681672,6.435536886013097,1.0175868662911356,4.905062692071297,0.8250471818586118,0.13407334671134788,0.11662427477340485
0.1145,10000,3.332612960399068,2.2660552,0.44675,3.071812839198519,0.3084,1.9637138786162416,6.402426854565743,1.0451993204164256,5.003875972762645,0.8345896052172521,0.13316138927848503,0.11876029957038658
0.1165,10000,3.2759494801687956,2.18549765,0.4005,3.0259302199718836,0.2986,1.98373860923563,6.311303481751256,1.0198472341032223,4.92356597454789,0.8419076917306623,0.1298269461754688,0.11711156221334003
0.1185,10000,3.3652091824765034,2.21954285,0.4085,3.063706644471565,0.3187,1.9660688571375426,6.35621735208251,0.9737066637311024,4.882825541261375,0.825735416764601,0.131704454848349,0.11727356632590817
0.1205,10000,3.3913073225171115,2.2921620999999996,0.4705,3.067594258376911,0.3216,2.000160986000818,6.325864768700736,1.07397648879717,4.8618670708955225,0.8252987591706243,0.12977111348099754,0.11363671746295058
0.1225,10000,3.370901384729837,2.2813631,0.479,3.058195334585225,0.3202,1.9694685153919227,6.34621076816492,1.0200638423065609,4.959162086196128,0.8304460709269511,0.1313022675831899,0.118172947316687
0.1245,10000,3.336139240119319,2.23117695,0.453,3.022067916967316,0.3179,1.9525412330542533,6.304847011805639,1.0093273713531739,4.852830292544826,0.8233786207545168,0.13056917336254156,0.11530508763574955
0.1265,10000,3.2932073940634137,2.1695692,0.437,2.979057586388968,0.3135,1.9271481671572759,6.284593867017363,1.0146073561544064,4.698696172248804,0.8035715994971567,0.13072337099580258,0.11052266448283192
0.1285,10000,3.2919167804305522,2.2647492500000004,0.4445,3.0508036483998024,0.3231,1.8590276207958676,6.29384396135509,1.0197739695671444,4.872993655215104,0.8257843637146929,0.13304449021677667,0.11559659056943877
0.1305,10000,3.289177307705777,2.2612269499999997,0.461,3.026307594914073,0.3236,1.8768413761516802,6.241291102833067,0.9834239355411001,4.932135352286774,0.8370544184926031,0.1309334918004416,0.11846134250237021
0.1325,10000,3.3178157969012987,2.2372773,0.4245,3.0468507416099126,0.3319,1.869694663718254,6.232819500063672,0.9700920520880109,4.788065079843326,0.8249641276114856,0.13089374509036256,0.11453919083265945
0.1345,10000,3.3038070299830156,1.9013933500000002,0.329,2.883368510760923,0.3308,1.8602999858733493,6.223985125261699,0.6328994321578004,4.467524334945586,0.7828425947963846,0.13091055418165046,0.11503874708363357
0.1365,10000,3.2719120851395442,1.882812,0.344,2.8589502027811187,0.324,1.8770764034478427,6.182124803730872,0.6311565828402368,4.494290586419752,0.7842899067618166,0.12915145200849087,0.11589402010738546
0.1385,10000,3.3049201939518085,1.93848845,0.345,2.9052739092192934,0.3356,1.8569350402642466,6.171551112038866,0.6505476369656833,4.488273539928486,0.7938873931023447,0.12943848215323858,0.11513177708888409
0.14,10000,3.133663918001922,2.2330054999999995,0.39575000000000005,3.0480679937165416,0.3001,1.7216240074137934,6.426855298943711,0.7139602800400057,5.775757080973008,0.9498754728674227,0.14115693874589752,0.15185390402799007
0.16,10000,3.1586280317552022,2.2814292000000003,0.492,2.9722087829495263,0.3045,1.7968242776805945,6.269086195823806,0.8008039539899352,5.663284236453202,0.9498921044304968,0.13416785754429633,0.145874408473898
0.1799999999999999,193,6.381177587872492,5.495404145077719,6.251,2.842491921324532,1.0,,6.381177587872492,,5.495404145077719,1.5656381942942064,,
0.18,9807,2.962015205194566,2.183548995615377,0.453,2.894651448425787,0.2955032119914347,1.6795154019215257,6.019569084012175,0.7644244463742943,5.566824189095929,0.9697701109849102,0.13020161046271947,0.14407199228164905
0.1999999999999999,10000,2.986114971360146,2.1285408500000003,0.4455,2.818811063025896,0.3108,1.689099909472987,5.862250044245057,0.7558306006964597,5.172530244530245,0.9466594711278505,0.1251945040431621,0.13250098931501356
0.2199999999999999,10000,2.8721255819373392,2.06167125,0.459,2.6856476698534184,0.2858,1.7242209551687782,5.740682210482148,0.8919683562027444,4.98470066480056,0.9351825550481306,0.1204938376594011,0.12278196925793446
0.2399999999999999,10000,2.80115054109135,1.9482997,0.44025000000000003,2.5880055989657245,0.2889,1.681557411044554,5.556923039451602,0.7784950077344958,4.827663205261336,0.9302710325620265,0.11626096885221145,0.1214750459258052
0.2599999999999999,10000,2.7591420627734697,1.97997725,0.469,2.5788924797768638,0.3065,1.6000195434221716,5.381822216672738,0.7415894015861573,4.782006525285481,0.953376162774891,0.11345408019751699,0.1212125137109797
0.2799999999999999,10000,2.8045901535814655,1.9251562000000002,0.46225000000000005,2.5038042051848524,0.3265,1.5568986377437852,5.378312162514628,0.6936021529324424,4.465590045941807,0.86536052366275,0.11464240574312527,0.11315963679028095
0.2999999999999999,10000,2.7507385313766,1.7592723,0.349,2.4699146536757812,0.3381,1.5082041335434078,5.183254112346107,0.6412946819761293,3.9479424726412304,0.8929845529979524,0.11025149936408099,0.09919943371995303
0.3199999999999999,10000,2.773120128313873,1.93469455,0.4665,2.481276652200994,0.3496,1.5006847378671784,5.140374069808525,0.7302945879458795,4.1753745709382155,0.8857707150292811,0.10919067995824037,0.10335239948977008
0.3399999999999999,10000,2.677939164112968,1.8425968000000001,0.45725000000000005,2.3847817201821746,0.3381,1.5012397297713649,4.981569319660757,0.7261914186432996,4.028188997338066,0.8907795197894237,0.10440988769668175,0.09905992736084297
0.3599999999999999,10000,2.6529267732698476,1.8387317499999998,0.4375,2.36102008210429,0.3467,1.4478026777896436,4.923787954628998,0.6707332006735038,4.039635852321892,0.8892156710385293,0.10427955830518064,0.10106707954945164
0.3799999999999999,10000,2.569824140291186,1.6969982499999998,0.398,2.253406104063118,0.351,1.4349922557685397,4.668131527912831,0.616955469953775,3.6940004273504274,0.8880627387739485,0.09699417816432872,0.09231134872189957
0.3999999999999999,10000,2.552307936725619,1.7059109500000003,0.4095,2.229848090250916,0.3689,1.4080746572796436,4.509818434579657,0.565479559499287,3.6569173217674167,0.9073700445080701,0.0930523133190004,0.09274313286804388
0.4199999999999998,229,3.8709061165763554,1.8863318777292577,0.926,1.9845703043437042,1.0,,3.8709061165763554,,1.8863318777292577,,,
0.4199999999999999,9771,2.453345847584382,1.6682329853648554,0.3825,2.188797747149844,0.3472520724593184,1.3883904916738536,4.455198267271193,0.5962786139855755,3.6832418213969937,0.9280500795504876,0.09200423326792016,0.09260889622234254
0.4399999999999998,10000,2.401927636338019,1.5767596000000001,0.38875000000000004,2.06696864522563,0.3805,1.3461680993555671,4.120831797075545,0.5696038740920096,3.2165308804204997,0.9003504725698452,0.08323991093159934,0.0794078101898547
0.4599999999999998,10000,2.357370999451202,1.5551511500000001,0.378,2.0209824718423035,0.4019,1.29727709763379,3.934982750327028,0.5255151312489551,3.087436053744713,0.9024615664331298,0.07913116958079712,0.07685762767487272
0.4799999999999998,10000,2.3305316271847163,1.56170415,0.40375000000000005,1.9849536687677356,0.4121,1.2718512668807194,3.840840250874887,0.5497448545671032,3.005360713419073,0.8998690691964993,0.07706966951982504,0.0736684757655591
0.4999999999999998,10000,2.24890309405263,1.4519186000000002,0.3775,1.901282945528607,0.4168,1.2481828732515425,3.6491430959029043,0.5194723079561042,2.756627519193858,0.9089096921383661,0.07202880667954085,0.06711465633713262
0.5199999999999998,10000,2.439007770250884,1.7246294999999998,0.5842499999999999,2.0207856904828962,0.459,1.3788335776637703,3.688581273931991,0.6986135859519408,2.933942374727669,0.9797083822537239,0.06929243088804661,0.06705986366327185
0.5399999999999998,10000,2.383444852106303,1.7121286,0.64225,1.954219041719311,0.4712,1.392110150849021,3.4959613844171074,0.7176116679273827,2.8282163624787775,0.9721939289375633,0.06311553700704259,0.06331814083654183
0.5599999999999998,10000,2.34166886034189,1.7375314,0.76275,1.9119432595835126,0.4579,1.3598656152688646,3.5040089764241946,0.7435046116952593,2.914342760428041,0.9697502561449671,0.0643243008346599,0.06512514446198345
0.5799999999999998,10000,2.3194238176713275,1.80844245,0.799,1.9135161256857292,0.4861,1.3405381592643217,3.354291828071164,0.6879622494648765,2.993002777206336,1.009108886771874,0.060412610064205265,0.06915121583224378
0.5999999999999998,10000,2.26004707265962,1.6924974,0.6905,1.8674450967865672,0.4503,1.3467452645809699,3.374952699798936,0.6617142077496817,2.95081745502998,1.0267310886121257,0.06084622305653899,0.06867309741840895
0.6199999999999998,10000,2.216530088497903,1.6113086500000002,0.632,1.799061877652945,0.4618,1.3307603629440619,3.248841189175853,0.6374037532515794,2.7463359679514943,0.9927628785786611,0.057542424786953726,0.06326796644099744
0.6399999999999998,10000,2.1342475516797332,1.56606705,0.6305000000000001,1.7413415315245422,0.4584,1.292108994071663,3.1292349923440685,0.6262111336779912,2.676507635253054,0.9920705125581707,0.05511377994817216,0.06150889504725188
0.6599999999999998,10000,2.157520322173105,1.59108865,0.70225,1.7168694572504635,0.4942,1.295045778635535,3.040239108335192,0.6139037168841439,2.591210339943343,1.0047942771521727,0.052355799890989714,0.05931919869177597
0.6799999999999997,10000,2.0590105258065576,1.5267997,0.66225,1.66669205308596,0.4665,1.2362657543315292,2.9999201412019003,0.5805270852858482,2.608978563772776,1.003020976832587,0.05290963160611113,0.06085354435460783
0.6999999999999997,10000,2.0367990011250225,1.4926258,0.6895,1.6064115202436757,0.4896,1.2360285926986014,2.8715890674257687,0.5525286050156739,2.472661764705882,0.9918631469281346,0.04906681424181501,0.05760399479070624
0.7199999999999998,10000,2.001606165057212,1.3792880500000002,0.50375,1.6170489055895942,0.399,1.1710860461359416,3.2525901035827354,0.5019668053244593,2.700766917293233,1.0044090918733446,0.06244512172340381,0.06596400335906322
0.7399999999999997,10000,1.9717869107423227,1.3375099,0.48375,1.580603836560827,0.4373,1.151246904836503,3.0276246910377838,0.4792224098098454,2.441919620397896,1.036504782431396,0.05629133358603842,0.058880916317641516
0.7599999999999997,10000,1.8917165845893782,1.2774841000000001,0.4645,1.5161151449875025,0.452,1.0542730240855827,2.9070242641382276,0.44397016423357666,2.2880275442477878,0.9812653983265301,0.055582537201579345,0.05532172140042633
0.7799999999999997,10000,1.8420262098761657,1.2577160500000002,0.45025000000000004,1.493029780108162,0.459,0.9989118209116848,2.835762341531469,0.4191278188539741,2.2461174291939,0.9888920792430234,0.055105515618593524,0.05480968831019777
0.7999999999999997,10000,1.81727256601599,1.2405385500000001,0.45425000000000004,1.4658127360739575,0.4526,1.0069023471185803,2.7973800733612006,0.4153758677383997,2.238536897923111,1.0084679921933322,0.05371433178727861,0.054694830905541336
0.8199999999999997,10000,1.7506011196901448,1.1822894499999999,0.423,1.4114278136309368,0.4715,0.9808533004538508,2.6134043486750467,0.39621239356669824,2.0633959703075293,1.017873659436921,0.04897653144663587,0.05001550730222493
0.84,10000,1.6597132931226712,0.99697605,0.38875000000000004,1.2090858601286818,0.4539,0.9611400255489271,2.500186660432699,0.45041558322651526,1.6545584930601454,0.8401692595483069,0.046171399046513156,0.0361242872950089
0.86,10000,1.6446264150745702,0.98309115,0.3715,1.2001231517326088,0.4654,0.958740828410657,2.432495849175403,0.4198834642723532,1.6300417920068757,0.8565927854165439,0.04421265062294238,0.036304749832035674
0.88,10000,1.5733661641933006,0.9156869000000001,0.33625000000000005,1.1388342603362622,0.4493,0.9276225135701609,2.364844081838889,0.40755547485019067,1.5384956599154238,0.8218548188057249,0.04311664704806184,0.033928205551957
0.9,10000,1.5424803050768543,0.9162711500000001,0.354,1.128592475652876,0.4681,0.8973877142794122,2.275496218439725,0.39073538259071255,1.5134351634266183,0.8522557843171117,0.04134325512480938,0.033680993425077174
0.92,10000,1.5244220106150557,0.89626185,0.35475,1.096345434997958,0.4813,0.8931773613315216,2.204718290655299,0.38589492963177174,1.4462874506544774,0.8593942765370446,0.03934622787971332,0.03181177563068117
0.94,10000,1.4622568145156303,0.85103675,0.33525000000000005,1.0480660271014197,0.4981,0.863431002363457,2.0656510628978344,0.3734033672046224,1.3323139931740617,0.8196015813723935,0.03606660181603132,0.02876731877908318
0.96,10000,1.4451249286265482,0.8299132500000002,0.3435,1.019049576494379,0.5216,0.8450459176790683,1.995504144188807,0.358101902173913,1.2626481978527608,0.8108435899149018,0.03451374679529216,0.027136388870365433
0.98,10000,1.419141844761611,0.8454709,0.332,1.0304289688955681,0.5018,0.8310051279461372,2.00305916703636,0.36386571657968686,1.3236209645277002,0.8318486872442464,0.035161621172706686,0.0287926574384404
1.0,10000,1.367337233989582,0.7961693999999999,0.3125,0.9697255658024785,0.4853,0.8548810433602274,1.910838576080925,0.3681317272197397,1.250138058932619,0.8292698055330259,0.03167872598162093,0.026460189951386374
1.02,10000,1.3910477907007661,0.8168255999999999,0.32275,0.980881218589253,0.5032,0.8457603269997583,1.9293999607457994,0.36365982286634463,1.2642277424483308,0.8372400871174268,0.032509189012381236,0.027017037587459585
1.04,10000,1.3619849307422534,0.7865581,0.322,0.9423978582831773,0.5658,0.8029503605838758,1.7909930791388027,0.35370462920313217,1.1187337398373982,0.8295857179267699,0.029641281556647806,0.02295087331902798
1.06,10000,1.3177518899261425,0.7626359500000001,0.313,0.9191521535147098,0.5296,0.7995051463274754,1.7780677286512427,0.3492627551020408,1.12980126510574,0.8317578175600563,0.02935687746971302,0.023416155300110975
1.08,10000,1.2899405689922536,0.7300941499999999,0.303,0.8895988743678271,0.4894,0.7898071613105551,1.8117389301738542,0.35075176263219743,1.1258690232938293,0.8352772056818005,0.030657953065898975,0.023253517819848957
1.1,10000,1.2898417487911937,0.7389282000000001,0.3225,0.883439397447078,0.5101,0.7734752566568288,1.7857600873456443,0.33986027760767507,1.12219300137228,0.8451823241986167,0.030368544920664462,0.023469981712938147
1.12,10000,1.2439747784617978,0.6926384,0.30174999999999996,0.8421068792291418,0.5001,0.750531790229247,1.7372204289666011,0.3277821564312863,1.0573487302539493,0.8331853466928522,0.029600659162120624,0.02188699721467989
1.14,10000,1.212705106504735,0.6607664500000001,0.29,0.8029758007829761,0.5194,0.7342122223292964,1.6554538168141608,0.3187679983354141,0.9772170773969964,0.7988461698044004,0.027637247834545933,0.019753472371847467
1.16,10000,1.1899129975164986,0.65521545,0.28625,0.7969489199844642,0.5239,0.7125288724775932,1.6237411745178785,0.31739455996639365,0.9622139721320863,0.8114910099573975,0.027336369061208555,0.01934458236497078
1.1800000000000002,10000,1.1580189218172017,0.6268388500000001,0.2695,0.7747334966004459,0.5586,0.6832351946822214,1.533188161268294,0.2970505210693249,0.8874342105263159,0.7732105808966595,0.02549858899758218,0.017711510683709727
1.2000000000000002,10000,1.115831029354451,0.59406775,0.2705,0.7269858969982712,0.5125,0.6784141339965387,1.5319105151827093,0.3028335384615385,0.8710954146341464,0.7024338885578969,0.025604891435585114,0.01704785628517824
1.2200000000000002,10000,1.0807691947343887,0.5472613000000001,0.257,0.6723872538457458,0.5127,0.6614452104360586,1.4793191802006969,0.29510229837882207,0.7869279305636824,0.6196515840621281,0.024536219092939144,0.014754768965545808
1.2400000000000002,10000,1.0619320866079496,0.54243975,0.256,0.6704178744690347,0.5511,0.6313267164693038,1.4126828589818161,0.2836809979950991,0.7532123933950281,0.654300869196801,0.023440684275375368,0.01408594186199787
