arm,CID,generated_attempt_index,AV,RV,support_class,A8000_historical,min_grid_A_historical
P21,10528,10528,0.0116229,1.55336,nonnegative_declared_grid,0.004763804297167973,0.004763804297167973
P21,11177,11177,0.0840913,2.68441,nonnegative_declared_grid,0.04500471344977837,0.04500471344977837
P21,24487,24487,0.237608,1.74382,nonnegative_declared_grid,0.10510600902844704,0.10510600902844704
P21,26132,26132,0.474559,4.51118,nonnegative_declared_grid,0.28705454672046277,0.28705454672046277
P21,12028,12028,0.044477,2.93985,nonnegative_declared_grid,0.0244687497106979,0.0244687497106979
P21,20729,20729,0.0241679,0.925184,nonnegative_declared_grid,0.005024676069754281,0.005024676069754281
P21,13909,13909,0.0430369,0.508631,negative_passive_attenuation,-0.008654136386642324,-0.008654136386642324
P21,20263,20263,0.225975,4.5913,nonnegative_declared_grid,0.1370932089886559,0.1370932089886559
P21,3542,3542,0.0297795,2.51123,nonnegative_declared_grid,0.015584178397268224,0.015584178397268224
P21,2195,2195,0.124977,3.30605,nonnegative_declared_grid,0.07093099190010393,0.07093099190010393
P21,18498,18498,0.376083,2.2252,nonnegative_declared_grid,0.18791698019718764,0.18791698019718764
P21,24374,24374,0.363278,2.9828,nonnegative_declared_grid,0.2006772814729707,0.2006772814729707
P21,2508,2508,0.348684,3.50693,nonnegative_declared_grid,0.20068774619799473,0.20068774619799473
P21,12930,12930,0.0762632,1.7762,nonnegative_declared_grid,0.034103424363548476,0.034103424363548476
P21,12984,12984,0.0167385,1.88977,nonnegative_declared_grid,0.007746804121171118,0.007746804121171118
P21,23344,23344,0.0727974,1.84147,nonnegative_declared_grid,0.03322478277437206,0.03322478277437206
P21,18074,18074,0.109297,1.74762,nonnegative_declared_grid,0.04841054669724665,0.04841054669724665
P21,17096,17096,0.201181,3.23151,nonnegative_declared_grid,0.11353220979654162,0.11353220979654162
P21,4672,4672,0.0460466,1.65816,nonnegative_declared_grid,0.019738467868476984,0.019738467868476984
P21,25272,25272,0.136311,5.54061,nonnegative_declared_grid,0.08504666778650141,0.08504666778650141
P21,20722,20722,0.0965535,2.89294,nonnegative_declared_grid,0.052872255146927324,0.052872255146927324
P21,16067,16067,0.0942434,2.49663,nonnegative_declared_grid,0.04921796208214542,0.04921796208214542
P21,73,73,0.00794553,3.12957,nonnegative_declared_grid,0.004446886037401245,0.004446886037401245
P21,25634,25634,0.0506084,2.72892,nonnegative_declared_grid,0.0272271187269393,0.0272271187269393
P21,18194,18194,0.128819,2.22718,nonnegative_declared_grid,0.06439062769581556,0.06439062769581556
P21,1362,1362,0.358442,3.55022,nonnegative_declared_grid,0.2068798768983131,0.2068798768983131
P21,689,689,0.0159009,1.28861,nonnegative_declared_grid,0.005545481155788314,0.005545481155788314
P21,4651,4651,0.184868,2.65794,nonnegative_declared_grid,0.09862238160629247,0.09862238160629247
P21,7824,7824,0.254745,3.59457,nonnegative_declared_grid,0.14743873253092998,0.14743873253092998
P21,25883,25883,0.0169469,2.00962,nonnegative_declared_grid,0.008090359970218168,0.008090359970218168
P21,3413,3413,0.0108873,2.47519,nonnegative_declared_grid,0.005668364357683636,0.005668364357683636
P21,4704,4704,0.0157661,2.37993,nonnegative_declared_grid,0.008090664672919664,0.008090664672919664
P21,19444,19444,0.113438,0.835035,nonnegative_declared_grid,0.0174686096834253,0.0174686096834253
P21,8329,8329,0.299508,1.87338,nonnegative_declared_grid,0.13797568915088904,0.13797568915088904
P21,1975,1975,0.0152492,1.43061,nonnegative_declared_grid,0.005860911357483917,0.005860911357483917
P21,15419,15419,0.0741069,0.982192,nonnegative_declared_grid,0.017555407506660684,0.017555407506660684
P21,12631,12631,0.226426,1.18323,nonnegative_declared_grid,0.07173612778731668,0.07173612778731668
P21,8468,8468,0.0443302,0.337681,negative_passive_attenuation,-0.029300405454666806,-0.029300405454666806
P21,19184,19184,0.422002,1.64079,nonnegative_declared_grid,0.17965175456692203,0.17965175456692203
P21,16442,16442,0.305301,1.52632,nonnegative_declared_grid,0.12352301332280716,0.12352301332280716
P21,10621,10621,0.142204,0.906156,nonnegative_declared_grid,0.02807395838185396,0.02807395838185396
P21,20199,20199,0.0110657,0.857587,nonnegative_declared_grid,0.001865047582635121,0.001865047582635121
P21,16143,16143,0.584385,4.01027,nonnegative_declared_grid,0.34601081420015406,0.34601081420015406
P21,14960,14960,0.152778,0.499623,negative_passive_attenuation,-0.03322377587205621,-0.03322377587205621
P21,19164,19164,0.203735,2.17789,nonnegative_declared_grid,0.10088109670312938,0.10088109670312938
P21,373,373,0.0385879,2.70279,nonnegative_declared_grid,0.020696974093349755,0.020696974093349755
P21,3881,3881,0.153318,1.72333,nonnegative_declared_grid,0.06733729410702183,0.06733729410702183
P21,10333,10333,0.0149203,1.81686,nonnegative_declared_grid,0.006758926627804735,0.006758926627804735
P21,19122,19122,0.223143,4.09017,nonnegative_declared_grid,0.13262383472929629,0.13262383472929629
P21,1528,1528,0.154098,1.93884,nonnegative_declared_grid,0.07227217849385609,0.07227217849385609
P21,6444,6444,0.000688007,1.05999,nonnegative_declared_grid,0.0001867382433653276,0.0001867382433653276
P21,23823,23823,0.104768,2.54405,nonnegative_declared_grid,0.05507576081988078,0.05507576081988078
P21,26406,26406,0.0261445,0.695375,nonnegative_declared_grid,0.0011206607733678792,0.0011206607733678792
P21,3913,3913,0.0155025,1.93734,nonnegative_declared_grid,0.007267833909691096,0.007267833909691096
P21,24141,24141,0.12623,3.11946,nonnegative_declared_grid,0.0705869244516948,0.0705869244516948
P21,7846,7846,0.456039,2.52301,nonnegative_declared_grid,0.23904563593242095,0.23904563593242095
P21,18205,18205,0.15273,1.11426,nonnegative_declared_grid,0.04469628672684678,0.04469628672684678
P21,12635,12635,0.369012,3.52721,nonnegative_declared_grid,0.2126672113699758,0.2126672113699758
P21,14778,14778,0.0456203,1.45278,nonnegative_declared_grid,0.01775865050008597,0.01775865050008597
P21,2314,2314,0.0819702,2.35206,nonnegative_declared_grid,0.041875954860169644,0.041875954860169644
P21,18511,18511,0.119711,1.90168,nonnegative_declared_grid,0.05558717531529022,0.05558717531529022
P21,20896,20896,0.024656,1.97987,nonnegative_declared_grid,0.011685463650759164,0.011685463650759164
P21,17254,17254,0.392548,0.889739,nonnegative_declared_grid,0.07380379068617324,0.07380379068617324
P21,14786,14786,0.0922623,1.42191,nonnegative_declared_grid,0.03527798005241645,0.03527798005241645
P21,3104,3104,0.0150853,1.64827,nonnegative_declared_grid,0.006441286454002848,0.006441286454002848
P21,11557,11557,0.250245,2.54149,nonnegative_declared_grid,0.1315061618958646,0.1315061618958646
P21,4110,4110,0.135311,1.62062,nonnegative_declared_grid,0.057129435096633666,0.057129435096633666
P21,24193,24193,0.229171,2.09351,nonnegative_declared_grid,0.1115163557442121,0.1115163557442121
P21,12902,12902,0.124057,1.90532,nonnegative_declared_grid,0.057662800636764384,0.057662800636764384
P21,5743,5743,0.515616,4.02454,nonnegative_declared_grid,0.3055037447705345,0.3055037447705345
P21,11239,11239,0.105717,1.58795,nonnegative_declared_grid,0.0440145134694265,0.0440145134694265
P21,4778,4778,0.130641,1.15987,nonnegative_declared_grid,0.040362163981006324,0.040362163981006324
P21,1812,1812,0.541302,2.86969,nonnegative_declared_grid,0.295714069566195,0.295714069566195
P21,7063,7063,0.0378823,2.24892,nonnegative_declared_grid,0.019011570402177325,0.019011570402177325
P21,23024,23024,0.387807,2.16806,nonnegative_declared_grid,0.1916528679152666,0.1916528679152666
P21,16751,16751,0.0326668,1.17467,nonnegative_declared_grid,0.010256517939632528,0.010256517939632528
P21,336,336,0.369217,0.811789,nonnegative_declared_grid,0.05100663284013926,0.05100663284013926
P21,7350,7350,0.185162,1.09695,nonnegative_declared_grid,0.05297589879840673,0.05297589879840673
P21,23760,23760,0.501309,1.52883,nonnegative_declared_grid,0.2030758575204947,0.2030758575204947
P21,3962,3962,0.242896,2.57789,nonnegative_declared_grid,0.12826770516345234,0.12826770516345234
P21,6686,6686,0.115833,1.30341,nonnegative_declared_grid,0.04086866099531574,0.04086866099531574
P21,21368,21368,0.000173082,1.70466,nonnegative_declared_grid,7.550940870844e-05,7.550940870844e-05
P21,19571,19571,0.022261,2.44854,nonnegative_declared_grid,0.011544740472989682,0.011544740472989682
P21,14030,14030,0.00944359,1.98732,nonnegative_declared_grid,0.0044839562994767705,0.0044839562994767705
P21,21597,21597,0.0555462,1.39362,nonnegative_declared_grid,0.020872592837252926,0.020872592837252926
P21,2247,2247,0.00797213,1.2236,nonnegative_declared_grid,0.0026284320248860927,0.0026284320248860927
P21,8041,8041,0.208494,0.97215,nonnegative_declared_grid,0.04837765321530002,0.04837765321530002
P21,1402,1402,0.0475142,1.99324,nonnegative_declared_grid,0.022593254514808495,0.022593254514808495
P21,15845,15845,0.0569788,1.33469,nonnegative_declared_grid,0.020576851861251973,0.020576851861251973
P21,9029,9029,0.0931651,1.49168,nonnegative_declared_grid,0.03703914098530367,0.03703914098530367
P21,26344,26344,0.0752217,1.66071,nonnegative_declared_grid,0.032276934074330736,0.032276934074330736
P21,20871,20871,0.343831,2.56093,nonnegative_declared_grid,0.18116100343603572,0.18116100343603572
P21,18632,18632,0.0486913,1.50892,nonnegative_declared_grid,0.019530250008119344,0.019530250008119344
P21,473,473,0.0125833,2.18691,nonnegative_declared_grid,0.006241737306517615,0.006241737306517615
P21,23509,23509,0.0235236,0.50629,negative_passive_attenuation,-0.004829081894901437,-0.004829081894901437
P21,14710,14710,0.923048,2.26068,nonnegative_declared_grid,0.464226374620922,0.464226374620922
P21,8540,8540,0.0943684,0.403041,negative_passive_attenuation,-0.04143437341385081,-0.04143437341385081
P21,19806,19806,0.0364801,3.1847,nonnegative_declared_grid,0.02051010188393241,0.02051010188393241
P21,26003,26003,0.0764528,1.49092,nonnegative_declared_grid,0.030382851670399207,0.030382851670399207
P21,10987,10987,0.125468,0.927637,nonnegative_declared_grid,0.02625136992548823,0.02625136992548823
P21,5094,5094,0.00150544,0.928636,nonnegative_declared_grid,0.00031578625992720484,0.00031578625992720484
P21,22200,22200,0.110626,2.31906,nonnegative_declared_grid,0.05620605265538414,0.05620605265538414
P21,16462,16462,0.0658248,0.598835,negative_passive_attenuation,-0.0042294280880742175,-0.0042294280880742175
P21,24169,24169,0.0752988,3.08469,nonnegative_declared_grid,0.041980844529686576,0.041980844529686576
P21,14841,14841,0.0396164,1.50872,nonnegative_declared_grid,0.015888667934599754,0.015888667934599754
P21,5888,5888,0.165897,1.93584,nonnegative_declared_grid,0.07774465924493355,0.07774465924493355
P21,4817,4817,0.291168,2.93505,nonnegative_declared_grid,0.1601094577713435,0.1601094577713435
P21,21640,21640,0.0654683,0.553667,negative_passive_attenuation,-0.00832733708879918,-0.00832733708879918
P21,1786,1786,0.0911084,1.31481,nonnegative_declared_grid,0.03242525366144412,0.03242525366144412
P21,19542,19542,0.0207774,1.39979,nonnegative_declared_grid,0.007837885675634093,0.007837885675634093
P21,14749,14749,0.165013,1.823,nonnegative_declared_grid,0.07489256569209868,0.07489256569209868
P21,15830,15830,0.116502,3.14592,nonnegative_declared_grid,0.0652922308900111,0.0652922308900111
P21,8691,8691,0.255266,2.48994,nonnegative_declared_grid,0.13318397154127246,0.13318397154127246
P21,25306,25306,0.850608,1.79877,nonnegative_declared_grid,0.38315173157857046,0.38315173157857046
P21,12148,12148,0.0829423,0.954241,nonnegative_declared_grid,0.018505584357692603,0.018505584357692603
P21,9985,9985,0.0352161,0.753048,nonnegative_declared_grid,0.0033015525894721236,0.0033015525894721236
P21,18437,18437,0.167172,2.83258,nonnegative_declared_grid,0.09097368062970905,0.09097368062970905
P21,17087,17087,0.0257482,1.50501,nonnegative_declared_grid,0.01030720962362271,0.01030720962362271
P21,24408,24408,0.00131095,1.56271,nonnegative_declared_grid,0.0005396438120430964,0.0005396438120430964
P21,26250,26250,0.00330238,2.50297,nonnegative_declared_grid,0.0017261930980441403,0.0017261930980441403
P21,22577,22577,0.0434847,2.03901,nonnegative_declared_grid,0.02090346985929412,0.02090346985929412
P21,9142,9142,0.674149,2.03426,nonnegative_declared_grid,0.3237125332674084,0.3237125332674084
P21,4869,4869,0.239859,2.33507,nonnegative_declared_grid,0.1221934661433393,0.1221934661433393
P21,6491,6491,0.454825,4.41918,nonnegative_declared_grid,0.27414791845539965,0.27414791845539965
P21,5595,5595,0.0042034,2.9627,nonnegative_declared_grid,0.0023175699002471683,0.0023175699002471683
P21,21263,21263,0.16514,0.69217,nonnegative_declared_grid,0.006570507170456558,0.006570507170456558
P21,11751,11751,0.0908263,0.861839,nonnegative_declared_grid,0.015549570215650078,0.015549570215650078
P21,24552,24552,0.099604,4.92384,nonnegative_declared_grid,0.061104132279475094,0.061104132279475094
P21,10914,10914,0.0742879,1.67411,nonnegative_declared_grid,0.03204168213821587,0.03204168213821587
P21,21508,21508,0.0123298,0.844905,nonnegative_declared_grid,0.001978393852871046,0.001978393852871046
P21,19351,19351,0.00285368,0.484777,negative_passive_attenuation,-0.0007013916596176707,-0.0007013916596176707
P21,9729,9729,0.0477469,1.68562,nonnegative_declared_grid,0.020684062131985093,0.020684062131985093
P21,15965,15965,0.114117,1.14028,nonnegative_declared_grid,0.03447601295053079,0.03447601295053079
P21,25872,25872,0.137854,1.87658,nonnegative_declared_grid,0.0635637950717313,0.0635637950717313
P21,25266,25266,0.0431539,1.85064,nonnegative_declared_grid,0.01974912049884939,0.01974912049884939
P21,5684,5684,0.421796,3.99973,nonnegative_declared_grid,0.2496147927248379,0.2496147927248379
P21,6169,6169,0.458612,2.83609,nonnegative_declared_grid,0.24966560648663097,0.24966560648663097
P21,10607,10607,0.169918,1.54783,nonnegative_declared_grid,0.06946264260944236,0.06946264260944236
P21,7584,7584,0.240489,2.44294,nonnegative_declared_grid,0.12461557780690907,0.12461557780690907
P21,18478,18478,0.078683,1.34169,nonnegative_declared_grid,0.02855703645601263,0.02855703645601263
P21,6931,6931,0.470537,2.04283,nonnegative_declared_grid,0.2263905694740559,0.2263905694740559
P21,5860,5860,0.0498458,2.71315,nonnegative_declared_grid,0.02676778914556369,0.02676778914556369
P21,14751,14751,0.412247,3.0356,nonnegative_declared_grid,0.22883880365591355,0.22883880365591355
P21,16407,16407,0.0229694,1.01768,nonnegative_declared_grid,0.005818081621887305,0.005818081621887305
P21,15837,15837,0.350616,2.91077,nonnegative_declared_grid,0.1923387332821143,0.1923387332821143
P21,15440,15440,0.0714483,1.63337,nonnegative_declared_grid,0.0303250753433322,0.0303250753433322
P21,5696,5696,0.0535969,3.16861,nonnegative_declared_grid,0.030094145905395744,0.030094145905395744
P21,12554,12554,0.181073,0.986169,nonnegative_declared_grid,0.04323843956425175,0.04323843956425175
P21,6452,6452,0.146896,0.814199,nonnegative_declared_grid,0.020540880021480076,0.020540880021480076
P21,16526,16526,0.0971963,0.885499,nonnegative_declared_grid,0.01803240398327022,0.01803240398327022
P21,23163,23163,0.0453496,2.40009,nonnegative_declared_grid,0.023345934606533017,0.023345934606533017
P21,19470,19470,0.0478199,3.06002,nonnegative_declared_grid,0.026602968592911416,0.026602968592911416
P21,10018,10018,0.0624201,1.2006,nonnegative_declared_grid,0.02012853445298069,0.02012853445298069
P21,4981,4981,0.259831,1.79967,nonnegative_declared_grid,0.1170728325661996,0.1170728325661996
P21,9396,9396,0.034051,2.00364,nonnegative_declared_grid,0.016232400919227924,0.016232400919227924
P21,24755,24755,0.0189831,1.28937,nonnegative_declared_grid,0.006624418580778755,0.006624418580778755
P21,15813,15813,0.44094,1.41209,nonnegative_declared_grid,0.1676041287780049,0.1676041287780049
P21,6171,6171,0.0800366,0.753067,nonnegative_declared_grid,0.007504768440957906,0.007504768440957906
P21,2124,2124,0.174736,2.96203,nonnegative_declared_grid,0.09633558182968685,0.09633558182968685
P21,13253,13253,0.477745,3.44021,nonnegative_declared_grid,0.27374906992778986,0.27374906992778986
P21,9188,9188,0.0304192,2.56199,nonnegative_declared_grid,0.016029833043503763,0.016029833043503763
P21,25487,25487,0.0199394,2.60759,nonnegative_declared_grid,0.010570235935912598,0.010570235935912598
P21,21584,21584,0.657237,2.89605,nonnegative_declared_grid,0.36001269960302446,0.36001269960302446
P21,21536,21536,0.300888,1.26172,nonnegative_declared_grid,0.10263622941910829,0.10263622941910829
P21,17149,17149,0.523019,2.41574,nonnegative_declared_grid,0.26990200151788185,0.26990200151788185
P21,3008,3008,0.023483,2.43196,nonnegative_declared_grid,0.012148269822817161,0.012148269822817161
P21,5785,5785,0.021247,0.923785,nonnegative_declared_grid,0.004401331289026877,0.004401331289026877
P21,5065,5065,0.120231,1.75556,nonnegative_declared_grid,0.05339727033256446,0.05339727033256446
P21,21156,21156,0.451074,3.83616,nonnegative_declared_grid,0.2647194497689819,0.2647194497689819
P21,19670,19670,0.0583311,2.03664,nonnegative_declared_grid,0.028024880963651428,0.028024880963651428
P21,4281,4281,0.0913295,2.43858,nonnegative_declared_grid,0.04729385252913164,0.04729385252913164
P21,23223,23223,0.0525282,1.25634,nonnegative_declared_grid,0.01783557843439209,0.01783557843439209
P21,25636,25636,0.543689,2.49996,nonnegative_declared_grid,0.2840718344364775,0.2840718344364775
P21,26171,26171,0.463047,2.44976,nonnegative_declared_grid,0.24018355472826367,0.24018355472826367
P21,15571,15571,0.219275,3.47522,nonnegative_declared_grid,0.12594180071823968,0.12594180071823968
P21,24289,24289,0.276831,1.83476,nonnegative_declared_grid,0.1260918348839874,0.1260918348839874
P21,12748,12748,0.115067,1.2033,nonnegative_declared_grid,0.037204878645343664,0.037204878645343664
P21,10849,10849,0.0261231,1.63927,nonnegative_declared_grid,0.011114123429046573,0.011114123429046573
P21,19156,19156,0.0590301,1.7394,nonnegative_declared_grid,0.026072248109043666,0.026072248109043666
P21,19616,19616,0.121317,2.90277,nonnegative_declared_grid,0.06649824907462829,0.06649824907462829
P21,10444,10444,0.280001,3.83415,nonnegative_declared_grid,0.1643050496136929,0.1643050496136929
P21,19730,19730,0.151699,2.44238,nonnegative_declared_grid,0.07860017090012003,0.07860017090012003
P21,4923,4923,0.0338863,1.73116,nonnegative_declared_grid,0.014923961260422655,0.014923961260422655
P21,4065,4065,0.00378142,0.756442,nonnegative_declared_grid,0.00036492263949155677,0.00036492263949155677
P21,7877,7877,0.710571,2.48297,nonnegative_declared_grid,0.37036732531505306,0.37036732531505306
P21,13067,13067,0.0138436,1.77251,nonnegative_declared_grid,0.006183092774757414,0.006183092774757414
P21,10671,10671,0.0245636,0.71333,nonnegative_declared_grid,0.0014637105674653638,0.0014637105674653638
P21,19805,19805,0.232882,2.99297,nonnegative_declared_grid,0.1287682051441877,0.1287682051441877
P21,23299,23299,0.0489044,2.0562,nonnegative_declared_grid,0.023601410082814002,0.023601410082814002
P21,6543,6543,0.143571,1.96576,nonnegative_declared_grid,0.06780354034199415,0.06780354034199415
P21,20545,20545,0.189759,0.810266,nonnegative_declared_grid,0.026011842451034876,0.026011842451034876
P21,20061,20061,0.321389,3.81354,nonnegative_declared_grid,0.18838228708030308,0.18838228708030308
P21,23073,23073,0.0649046,0.706041,nonnegative_declared_grid,0.00343356403134577,0.00343356403134577
P21,4537,4537,0.332601,3.46512,nonnegative_declared_grid,0.19090232067811544,0.19090232067811544
P21,18222,18222,0.514924,4.54421,nonnegative_declared_grid,0.3118541450153294,0.3118541450153294
P21,4815,4815,0.0628632,0.927127,nonnegative_declared_grid,0.013135493472579125,0.013135493472579125
P21,9594,9594,0.0898152,0.804434,nonnegative_declared_grid,0.011940414363093975,0.011940414363093975
P21,21218,21218,0.155409,1.09533,nonnegative_declared_grid,0.04436658307788072,0.04436658307788072
P21,20459,20459,0.141535,1.95968,nonnegative_declared_grid,0.06673879738913244,0.06673879738913244
P21,10222,10222,0.125028,0.571661,negative_passive_attenuation,-0.012618957217645303,-0.012618957217645303
P21,10516,10516,0.172804,2.0638,nonnegative_declared_grid,0.0835387204648444,0.0835387204648444
P21,6392,6392,0.0397878,4.73089,nonnegative_declared_grid,0.024256374473296663,0.024256374473296663
P21,11913,11913,0.00979539,2.1896,nonnegative_declared_grid,0.004861383247708035,0.004861383247708035
P21,21667,21667,0.0427718,1.8084,nonnegative_declared_grid,0.019324828584098837,0.019324828584098837
P21,2385,2385,0.0122032,2.12195,nonnegative_declared_grid,0.0059742670750099975,0.0059742670750099975
P21,12488,12488,0.148014,2.14498,nonnegative_declared_grid,0.07280859575959908,0.07280859575959908
P21,1143,1143,0.0200311,2.36328,nonnegative_declared_grid,0.010251930133434038,0.010251930133434038
P21,9881,9881,0.182668,0.955214,nonnegative_declared_grid,0.04084587294661868,0.04084587294661868
P21,1730,1730,0.511326,1.44184,nonnegative_declared_grid,0.19781039235443681,0.19781039235443681
P21,13907,13907,0.329303,1.10016,nonnegative_declared_grid,0.09462015847295019,0.09462015847295019
P21,6930,6930,0.0491413,2.26159,nonnegative_declared_grid,0.024718560442910677,0.024718560442910677
P21,23725,23725,0.188942,1.67767,nonnegative_declared_grid,0.08160467208959978,0.08160467208959978
P21,21453,21453,0.0715021,0.502841,negative_passive_attenuation,-0.015125997127983501,-0.015125997127983501
P21,1847,1847,0.140159,2.43878,nonnegative_declared_grid,0.07258178325940921,0.07258178325940921
P21,656,656,0.377974,1.68618,nonnegative_declared_grid,0.16377357672433723,0.16377357672433723
P21,14802,14802,0.246861,2.72,nonnegative_declared_grid,0.1326731725689213,0.1326731725689213
P21,10825,10825,0.143698,2.80828,nonnegative_declared_grid,0.07799649512751124,0.07799649512751124
P21,6917,6917,0.284429,2.08334,nonnegative_declared_grid,0.13809888602518797,0.13809888602518797
P21,19881,19881,0.165776,1.81963,nonnegative_declared_grid,0.07516104559422837,0.07516104559422837
P21,20918,20918,0.0678089,1.05182,nonnegative_declared_grid,0.018175046358683205,0.018175046358683205
P21,14034,14034,0.0219651,0.557069,negative_passive_attenuation,-0.0026819429203180385,-0.0026819429203180385
P21,13927,13927,0.0566529,2.47127,nonnegative_declared_grid,0.02947899361634896,0.02947899361634896
P21,15309,15309,0.011057,1.82822,nonnegative_declared_grid,0.005026315776382085,0.005026315776382085
P21,2240,2240,0.0592889,1.85964,nonnegative_declared_grid,0.027204843126579167,0.027204843126579167
P21,9596,9596,0.097746,1.72953,nonnegative_declared_grid,0.043024005830477934,0.043024005830477934
P21,22037,22037,0.146321,1.26192,nonnegative_declared_grid,0.04992020591708907,0.04992020591708907
P21,19612,19612,0.131436,2.75091,nonnegative_declared_grid,0.0708899364723307,0.0708899364723307
P21,25885,25885,0.0844546,2.33485,nonnegative_declared_grid,0.043022870224150404,0.043022870224150404
P21,15226,15226,0.252486,1.5426,nonnegative_declared_grid,0.10296099225667496,0.10296099225667496
P21,18651,18651,0.126889,2.44565,nonnegative_declared_grid,0.06577740069264987,0.06577740069264987
P21,8202,8202,0.112417,1.38345,nonnegative_declared_grid,0.041968948490807394,0.041968948490807394
P21,25646,25646,0.000740396,1.6329,nonnegative_declared_grid,0.0003141888241820272,0.0003141888241820272
P21,21382,21382,0.13205,2.59894,nonnegative_declared_grid,0.0699242144708341,0.0699242144708341
P21,25153,25153,0.613663,2.62833,nonnegative_declared_grid,0.32617185390464487,0.32617185390464487
P21,8651,8651,0.12042,0.542975,negative_passive_attenuation,-0.017295818935996042,-0.017295818935996042
P21,583,583,0.118998,1.12165,nonnegative_declared_grid,0.035149749752119694,0.035149749752119694
P21,941,941,0.0978998,1.59602,nonnegative_declared_grid,0.040903909817336444,0.040903909817336444
P21,13889,13889,0.240715,1.14457,nonnegative_declared_grid,0.07308825558797857,0.07308825558797857
P21,20924,20924,0.297767,1.47941,nonnegative_declared_grid,0.11761665157395919,0.11761665157395919
P21,956,956,0.0667192,1.52329,nonnegative_declared_grid,0.026954027489807315,0.026954027489807315
P21,5530,5530,0.0410398,1.57609,nonnegative_declared_grid,0.016996769476971325,0.016996769476971325
P21,5130,5130,0.0117122,1.17808,nonnegative_declared_grid,0.0036906580181815065,0.0036906580181815065
P21,3834,3834,0.471669,3.10514,nonnegative_declared_grid,0.2634317947986818,0.2634317947986818
P21,16626,16626,0.0137526,1.20039,nonnegative_declared_grid,0.004433858462821123,0.004433858462821123
P21,3141,3141,0.11839,2.87811,nonnegative_declared_grid,0.0647323941269635,0.0647323941269635
P21,8245,8245,0.0662175,0.536279,negative_passive_attenuation,-0.010214310861220327,-0.010214310861220327
P21,21835,21835,0.223184,1.68382,nonnegative_declared_grid,0.0966184029336254,0.0966184029336254
P21,23684,23684,0.285968,1.5523,nonnegative_declared_grid,0.11714980675186522,0.11714980675186522
P21,21518,21518,0.257167,3.16742,nonnegative_declared_grid,0.14438271840516223,0.14438271840516223
P21,18811,18811,0.536095,1.86411,nonnegative_declared_grid,0.24630777189376576,0.24630777189376576
P21,20931,20931,0.119215,1.35314,nonnegative_declared_grid,0.04361502310449207,0.04361502310449207
P21,19226,19226,0.170557,1.04302,nonnegative_declared_grid,0.04508284973357482,0.04508284973357482
P21,1720,1720,0.0356846,0.351983,negative_passive_attenuation,-0.021602096110769558,-0.021602096110769558
P21,2308,2308,0.0244188,1.16835,nonnegative_declared_grid,0.007614907121735745,0.007614907121735745
P21,20610,20610,0.184579,2.35917,nonnegative_declared_grid,0.09440478582795797,0.09440478582795797
P21,23558,23558,0.276648,2.185,nonnegative_declared_grid,0.1371755606605897,0.1371755606605897
G10,24487,24487,-9.0,-9.0,invalid_AV,,
G10,23193,23193,-9.0,-9.0,invalid_AV,,
G10,20527,20527,-9.0,-9.0,invalid_AV,,
G10,21385,21385,-9.0,-9.0,invalid_AV,,
G10,22708,22708,-9.0,-9.0,invalid_AV,,
G10,16692,16692,-9.0,-9.0,invalid_AV,,
G10,10883,10883,-9.0,-9.0,invalid_AV,,
G10,12241,12241,-9.0,-9.0,invalid_AV,,
G10,19144,19144,-9.0,-9.0,invalid_AV,,
G10,4731,4731,-9.0,-9.0,invalid_AV,,
G10,16434,16434,-9.0,-9.0,invalid_AV,,
G10,728,728,-9.0,-9.0,invalid_AV,,
G10,189,189,-9.0,-9.0,invalid_AV,,
G10,19956,19956,-9.0,-9.0,invalid_AV,,
G10,10824,10824,-9.0,-9.0,invalid_AV,,
G10,22223,22223,-9.0,-9.0,invalid_AV,,
G10,17096,17096,-9.0,-9.0,invalid_AV,,
G10,10770,10770,-9.0,-9.0,invalid_AV,,
G10,2971,2971,-9.0,-9.0,invalid_AV,,
G10,24468,24468,-9.0,-9.0,invalid_AV,,
G10,21974,21974,-9.0,-9.0,invalid_AV,,
G10,1272,1272,-9.0,-9.0,invalid_AV,,
G10,670,670,-9.0,-9.0,invalid_AV,,
G10,7291,7291,-9.0,-9.0,invalid_AV,,
G10,689,689,-9.0,-9.0,invalid_AV,,
G10,4651,4651,-9.0,-9.0,invalid_AV,,
G10,7824,7824,-9.0,-9.0,invalid_AV,,
G10,25883,25883,-9.0,-9.0,invalid_AV,,
G10,24254,24254,-9.0,-9.0,invalid_AV,,
G10,20100,20100,-9.0,-9.0,invalid_AV,,
G10,7027,7027,-9.0,-9.0,invalid_AV,,
G10,6889,6889,-9.0,-9.0,invalid_AV,,
G10,969,969,-9.0,-9.0,invalid_AV,,
G10,20240,20240,-9.0,-9.0,invalid_AV,,
G10,20274,20274,-9.0,-9.0,invalid_AV,,
G10,8570,8570,-9.0,-9.0,invalid_AV,,
G10,16566,16566,-9.0,-9.0,invalid_AV,,
G10,20199,20199,-9.0,-9.0,invalid_AV,,
G10,816,816,-9.0,-9.0,invalid_AV,,
G10,4264,4264,-9.0,-9.0,invalid_AV,,
G10,10333,10333,-9.0,-9.0,invalid_AV,,
G10,23638,23638,-9.0,-9.0,invalid_AV,,
G10,23824,23824,-9.0,-9.0,invalid_AV,,
G10,16961,16961,-9.0,-9.0,invalid_AV,,
G10,1469,1469,-9.0,-9.0,invalid_AV,,
G10,2235,2235,-9.0,-9.0,invalid_AV,,
G10,6406,6406,-9.0,-9.0,invalid_AV,,
G10,24752,24752,-9.0,-9.0,invalid_AV,,
G10,19987,19987,-9.0,-9.0,invalid_AV,,
G10,7846,7846,-9.0,-9.0,invalid_AV,,
G10,17147,17147,-9.0,-9.0,invalid_AV,,
G10,18205,18205,-9.0,-9.0,invalid_AV,,
G10,3699,3699,-9.0,-9.0,invalid_AV,,
G10,10913,10913,-9.0,-9.0,invalid_AV,,
G10,11278,11278,-9.0,-9.0,invalid_AV,,
G10,17457,17457,-9.0,-9.0,invalid_AV,,
G10,10483,10483,-9.0,-9.0,invalid_AV,,
G10,3248,3248,-9.0,-9.0,invalid_AV,,
G10,11646,11646,-9.0,-9.0,invalid_AV,,
G10,3218,3218,-9.0,-9.0,invalid_AV,,
G10,11564,11564,-9.0,-9.0,invalid_AV,,
G10,12137,12137,-9.0,-9.0,invalid_AV,,
G10,1931,1931,-9.0,-9.0,invalid_AV,,
G10,12828,12828,-9.0,-9.0,invalid_AV,,
G10,4339,4339,-9.0,-9.0,invalid_AV,,
G10,14380,14380,-9.0,-9.0,invalid_AV,,
G10,2064,2064,-9.0,-9.0,invalid_AV,,
G10,14191,14191,-9.0,-9.0,invalid_AV,,
G10,22609,22609,-9.0,-9.0,invalid_AV,,
G10,7909,7909,-9.0,-9.0,invalid_AV,,
G10,2157,2157,-9.0,-9.0,invalid_AV,,
G10,10130,10130,-9.0,-9.0,invalid_AV,,
G10,11362,11362,-9.0,-9.0,invalid_AV,,
G10,20103,20103,-9.0,-9.0,invalid_AV,,
G10,1522,1522,-9.0,-9.0,invalid_AV,,
G10,5460,5460,-9.0,-9.0,invalid_AV,,
G10,2208,2208,-9.0,-9.0,invalid_AV,,
G10,19578,19578,-9.0,-9.0,invalid_AV,,
G10,11966,11966,-9.0,-9.0,invalid_AV,,
G10,11506,11506,-9.0,-9.0,invalid_AV,,
G10,19134,19134,-9.0,-9.0,invalid_AV,,
G10,21501,21501,-9.0,-9.0,invalid_AV,,
G10,9578,9578,-9.0,-9.0,invalid_AV,,
G10,21930,21930,-9.0,-9.0,invalid_AV,,
G10,15845,15845,-9.0,-9.0,invalid_AV,,
G10,26344,26344,-9.0,-9.0,invalid_AV,,
G10,20871,20871,-9.0,-9.0,invalid_AV,,
G10,5518,5518,-9.0,-9.0,invalid_AV,,
G10,5878,5878,-9.0,-9.0,invalid_AV,,
G10,15755,15755,-9.0,-9.0,invalid_AV,,
G10,12332,12332,-9.0,-9.0,invalid_AV,,
G10,20894,20894,-9.0,-9.0,invalid_AV,,
G10,6616,6616,-9.0,-9.0,invalid_AV,,
G10,2306,2306,-9.0,-9.0,invalid_AV,,
G10,17972,17972,-9.0,-9.0,invalid_AV,,
G10,8543,8543,-9.0,-9.0,invalid_AV,,
G10,17483,17483,-9.0,-9.0,invalid_AV,,
G10,14346,14346,-9.0,-9.0,invalid_AV,,
G10,21560,21560,-9.0,-9.0,invalid_AV,,
G10,4291,4291,-9.0,-9.0,invalid_AV,,
G10,4817,4817,-9.0,-9.0,invalid_AV,,
G10,21757,21757,-9.0,-9.0,invalid_AV,,
G10,23860,23860,-9.0,-9.0,invalid_AV,,
G10,733,733,-9.0,-9.0,invalid_AV,,
G10,20734,20734,-9.0,-9.0,invalid_AV,,
G10,915,915,-9.0,-9.0,invalid_AV,,
G10,20250,20250,-9.0,-9.0,invalid_AV,,
G10,17144,17144,-9.0,-9.0,invalid_AV,,
G10,20208,20208,-9.0,-9.0,invalid_AV,,
G10,8691,8691,-9.0,-9.0,invalid_AV,,
G10,7318,7318,-9.0,-9.0,invalid_AV,,
G10,2006,2006,-9.0,-9.0,invalid_AV,,
G10,22494,22494,-9.0,-9.0,invalid_AV,,
G10,14869,14869,-9.0,-9.0,invalid_AV,,
G10,3162,3162,-9.0,-9.0,invalid_AV,,
G10,18364,18364,-9.0,-9.0,invalid_AV,,
G10,24117,24117,-9.0,-9.0,invalid_AV,,
G10,15626,15626,-9.0,-9.0,invalid_AV,,
G10,21197,21197,-9.0,-9.0,invalid_AV,,
G10,9142,9142,-9.0,-9.0,invalid_AV,,
G10,11936,11936,-9.0,-9.0,invalid_AV,,
G10,19373,19373,-9.0,-9.0,invalid_AV,,
G10,24799,24799,-9.0,-9.0,invalid_AV,,
G10,15455,15455,-9.0,-9.0,invalid_AV,,
G10,12078,12078,-9.0,-9.0,invalid_AV,,
G10,10121,10121,-9.0,-9.0,invalid_AV,,
G10,644,644,-9.0,-9.0,invalid_AV,,
G10,19351,19351,-9.0,-9.0,invalid_AV,,
G10,9729,9729,-9.0,-9.0,invalid_AV,,
G10,15965,15965,-9.0,-9.0,invalid_AV,,
G10,25872,25872,-9.0,-9.0,invalid_AV,,
G10,12003,12003,-9.0,-9.0,invalid_AV,,
G10,5684,5684,-9.0,-9.0,invalid_AV,,
G10,6169,6169,-9.0,-9.0,invalid_AV,,
G10,7349,7349,-9.0,-9.0,invalid_AV,,
G10,10607,10607,-9.0,-9.0,invalid_AV,,
G10,18478,18478,-9.0,-9.0,invalid_AV,,
G10,9502,9502,-9.0,-9.0,invalid_AV,,
G10,7726,7726,-9.0,-9.0,invalid_AV,,
G10,25784,25784,-9.0,-9.0,invalid_AV,,
G10,23330,23330,-9.0,-9.0,invalid_AV,,
G10,22541,22541,-9.0,-9.0,invalid_AV,,
G10,14493,14493,-9.0,-9.0,invalid_AV,,
G10,24858,24858,-9.0,-9.0,invalid_AV,,
G10,25545,25545,-9.0,-9.0,invalid_AV,,
G10,10589,10589,-9.0,-9.0,invalid_AV,,
G10,19321,19321,-9.0,-9.0,invalid_AV,,
G10,24318,24318,-9.0,-9.0,invalid_AV,,
G10,10018,10018,-9.0,-9.0,invalid_AV,,
G10,13160,13160,-9.0,-9.0,invalid_AV,,
G10,14975,14975,-9.0,-9.0,invalid_AV,,
G10,14083,14083,-9.0,-9.0,invalid_AV,,
G10,13119,13119,-9.0,-9.0,invalid_AV,,
G10,6171,6171,-9.0,-9.0,invalid_AV,,
G10,15640,15640,-9.0,-9.0,invalid_AV,,
G10,19467,19467,-9.0,-9.0,invalid_AV,,
G10,2124,2124,-9.0,-9.0,invalid_AV,,
G10,22403,22403,-9.0,-9.0,invalid_AV,,
G10,9188,9188,-9.0,-9.0,invalid_AV,,
G10,25416,25416,-9.0,-9.0,invalid_AV,,
G10,7252,7252,-9.0,-9.0,invalid_AV,,
G10,22758,22758,-9.0,-9.0,invalid_AV,,
G10,22191,22191,-9.0,-9.0,invalid_AV,,
G10,15416,15416,-9.0,-9.0,invalid_AV,,
G10,5785,5785,-9.0,-9.0,invalid_AV,,
G10,22462,22462,-9.0,-9.0,invalid_AV,,
G10,5535,5535,-9.0,-9.0,invalid_AV,,
G10,1894,1894,-9.0,-9.0,invalid_AV,,
G10,2298,2298,-9.0,-9.0,invalid_AV,,
G10,5911,5911,-9.0,-9.0,invalid_AV,,
G10,21571,21571,-9.0,-9.0,invalid_AV,,
G10,19261,19261,-9.0,-9.0,invalid_AV,,
G10,11927,11927,-9.0,-9.0,invalid_AV,,
G10,12956,12956,-9.0,-9.0,invalid_AV,,
G10,6969,6969,-9.0,-9.0,invalid_AV,,
G10,10566,10566,-9.0,-9.0,invalid_AV,,
G10,11756,11756,-9.0,-9.0,invalid_AV,,
G10,10056,10056,-9.0,-9.0,invalid_AV,,
G10,19730,19730,-9.0,-9.0,invalid_AV,,
G10,25637,25637,-9.0,-9.0,invalid_AV,,
G10,4923,4923,-9.0,-9.0,invalid_AV,,
G10,4065,4065,-9.0,-9.0,invalid_AV,,
G10,24575,24575,-9.0,-9.0,invalid_AV,,
G10,5055,5055,-9.0,-9.0,invalid_AV,,
G10,10671,10671,-9.0,-9.0,invalid_AV,,
G10,25106,25106,-9.0,-9.0,invalid_AV,,
G10,17301,17301,-9.0,-9.0,invalid_AV,,
G10,951,951,-9.0,-9.0,invalid_AV,,
G10,18838,18838,-9.0,-9.0,invalid_AV,,
G10,1987,1987,-9.0,-9.0,invalid_AV,,
G10,20048,20048,-9.0,-9.0,invalid_AV,,
G10,3108,3108,-9.0,-9.0,invalid_AV,,
G10,12685,12685,-9.0,-9.0,invalid_AV,,
G10,19723,19723,-9.0,-9.0,invalid_AV,,
G10,12650,12650,-9.0,-9.0,invalid_AV,,
G10,15955,15955,-9.0,-9.0,invalid_AV,,
G10,10182,10182,-9.0,-9.0,invalid_AV,,
G10,8222,8222,-9.0,-9.0,invalid_AV,,
G10,7863,7863,-9.0,-9.0,invalid_AV,,
G10,17671,17671,-9.0,-9.0,invalid_AV,,
G10,18430,18430,-9.0,-9.0,invalid_AV,,
G10,1143,1143,-9.0,-9.0,invalid_AV,,
G10,1730,1730,-9.0,-9.0,invalid_AV,,
G10,13907,13907,-9.0,-9.0,invalid_AV,,
G10,24490,24490,-9.0,-9.0,invalid_AV,,
G10,21456,21456,-9.0,-9.0,invalid_AV,,
G10,1211,1211,-9.0,-9.0,invalid_AV,,
G10,26002,26002,-9.0,-9.0,invalid_AV,,
G10,21322,21322,-9.0,-9.0,invalid_AV,,
G10,12814,12814,-9.0,-9.0,invalid_AV,,
G10,80,80,-9.0,-9.0,invalid_AV,,
G10,18553,18553,-9.0,-9.0,invalid_AV,,
G10,12741,12741,-9.0,-9.0,invalid_AV,,
G10,164,164,-9.0,-9.0,invalid_AV,,
G10,8289,8289,-9.0,-9.0,invalid_AV,,
G10,17945,17945,-9.0,-9.0,invalid_AV,,
G10,17196,17196,-9.0,-9.0,invalid_AV,,
G10,17035,17035,-9.0,-9.0,invalid_AV,,
G10,15411,15411,-9.0,-9.0,invalid_AV,,
G10,19892,19892,-9.0,-9.0,invalid_AV,,
G10,18107,18107,-9.0,-9.0,invalid_AV,,
G10,22336,22336,-9.0,-9.0,invalid_AV,,
G10,24448,24448,-9.0,-9.0,invalid_AV,,
G10,25885,25885,-9.0,-9.0,invalid_AV,,
G10,25780,25780,-9.0,-9.0,invalid_AV,,
G10,18651,18651,-9.0,-9.0,invalid_AV,,
G10,4058,4058,-9.0,-9.0,invalid_AV,,
G10,5862,5862,-9.0,-9.0,invalid_AV,,
G10,8959,8959,-9.0,-9.0,invalid_AV,,
G10,19674,19674,-9.0,-9.0,invalid_AV,,
G10,22618,22618,-9.0,-9.0,invalid_AV,,
G10,13349,13349,-9.0,-9.0,invalid_AV,,
G10,3655,3655,-9.0,-9.0,invalid_AV,,
G10,9561,9561,-9.0,-9.0,invalid_AV,,
G10,3681,3681,-9.0,-9.0,invalid_AV,,
G10,11842,11842,-9.0,-9.0,invalid_AV,,
G10,3134,3134,-9.0,-9.0,invalid_AV,,
G10,10321,10321,-9.0,-9.0,invalid_AV,,
G10,22491,22491,-9.0,-9.0,invalid_AV,,
G10,10659,10659,-9.0,-9.0,invalid_AV,,
G10,14043,14043,-9.0,-9.0,invalid_AV,,
G10,1526,1526,-9.0,-9.0,invalid_AV,,
G10,1912,1912,-9.0,-9.0,invalid_AV,,
G10,16945,16945,-9.0,-9.0,invalid_AV,,
G10,6427,6427,-9.0,-9.0,invalid_AV,,
G10,21592,21592,-9.0,-9.0,invalid_AV,,
G10,8779,8779,-9.0,-9.0,invalid_AV,,
G10,13342,13342,-9.0,-9.0,invalid_AV,,
G10,3726,3726,-9.0,-9.0,invalid_AV,,
G10,25399,25399,-9.0,-9.0,invalid_AV,,
G10,14723,14723,-9.0,-9.0,invalid_AV,,
G10,3006,3006,-9.0,-9.0,invalid_AV,,
G10,5840,5840,-9.0,-9.0,invalid_AV,,
G10,19661,19661,-9.0,-9.0,invalid_AV,,
G10,16817,16817,-9.0,-9.0,invalid_AV,,
G10,3591,3591,-9.0,-9.0,invalid_AV,,
