root,visit,header_sha256,source,EXPFLAG,QUALITY,QUALCOM1,QUALCOM2,EXPSTART,EXPEND,EXPTIME,SAMP_SEQ,NSAMP,SUBARRAY,SUBTYPE,FILTER,SAA_TIME,SAA_EXIT,CCDAMP,CCDGAIN,ATODGNA,READNSEA,CCDTAB,OSCNTAB,BPIXTAB,NLINFILE,DARKFILE,CRDS_CTX,CAL_VER,ZOFFCORR,BLEVCORR,NLINCORR,DQICORR,CRCORR,DARKCORR,FLATCORR,UNITCORR
idbx43p7q,search,49ddce7490f4ee4be4d47a3586f04d0a73f153424b48a105ddd3d9428c26038b,local pilot,NORMAL,,,,57704.77822661,57704.78636254,702.938171,SPARS50,16,False,FULLIMAG,Blank,2886,2016.317:17:51:59,ABCD,2.5,0.0,0.0,iref$t2c16200i_ccd.fits,iref$q911321mi_osc.fits,iref$3562029fi_bpx.fits,iref$a2412448i_lin.fits,N/A,hst_1337.pmap,,PERFORM,PERFORM,PERFORM,PERFORM,PERFORM,OMIT,OMIT,PERFORM
idbx42opq,search,c7d5c442440673798a53517227e2769c9f71515031faa178fc80c3640987f3d9,MAST HTTP206 primary header,INDETERMINATE,,,,57704.74482402,57704.75295995,702.938171,SPARS50,16,False,FULLIMAG,Blank,5993,2016.317:16:12:06,ABCD,2.5,0.0,0.0,iref$t2c16200i_ccd.fits,iref$q911321mi_osc.fits,iref$3562029fi_bpx.fits,iref$a2412448i_lin.fits,N/A,hst_1338.pmap,,PERFORM,PERFORM,PERFORM,PERFORM,PERFORM,OMIT,OMIT,PERFORM
idbx41onq,search,11bc3675245d44df0e56b3d17e16a05bb053afaad7eb09b03412bc66edd8a563,MAST HTTP206 primary header,NORMAL,,,,57704.70886328,57704.71699921,702.938171,SPARS50,16,False,FULLIMAG,Blank,2886,2016.317:16:12:06,ABCD,2.5,0.0,0.0,iref$t2c16200i_ccd.fits,iref$q911321mi_osc.fits,iref$3562029fi_bpx.fits,iref$a2412448i_lin.fits,N/A,hst_1338.pmap,,PERFORM,PERFORM,PERFORM,PERFORM,PERFORM,OMIT,OMIT,PERFORM
idbx40o7q,search,8933215bffa762dfb15483e7c2692eab033522e7d6b7c80468cce5dd88c03919,MAST HTTP206 primary header,INDETERMINATE,,,,57704.67546032,57704.68359624,702.938171,SPARS50,16,False,FULLIMAG,Blank,6000,2016.317:14:32:06,ABCD,2.5,0.0,0.0,iref$t2c16200i_ccd.fits,iref$q911321mi_osc.fits,iref$3562029fi_bpx.fits,iref$a2412448i_lin.fits,N/A,hst_1337.pmap,,PERFORM,PERFORM,PERFORM,PERFORM,PERFORM,OMIT,OMIT,PERFORM
idbx39nsq,search,3072829844cf2c1986a496405743776c6e8ee7cccea0010326a1144aa8e1feef,MAST HTTP206 primary header,INDETERMINATE,,,,57704.46373587,57704.4718718,702.938171,SPARS50,16,False,FULLIMAG,Blank,38049,2016.317:00:33:04,ABCD,2.5,0.0,0.0,iref$t2c16200i_ccd.fits,iref$q911321mi_osc.fits,iref$3562029fi_bpx.fits,iref$a2412448i_lin.fits,N/A,hst_1337.pmap,,PERFORM,PERFORM,PERFORM,PERFORM,PERFORM,OMIT,OMIT,PERFORM
idbx38naq,search,20a5da7610945b4097184db47ec03b1e70f4df1dc6ffc991baac2f6158a870ba,MAST HTTP206 primary header,INDETERMINATE,,,,57704.38308773,57704.39122365,702.938171,SPARS50,16,False,FULLIMAG,Blank,31081,2016.317:00:33:04,ABCD,2.5,0.0,0.0,iref$t2c16200i_ccd.fits,iref$q911321mi_osc.fits,iref$3562029fi_bpx.fits,iref$a2412448i_lin.fits,N/A,hst_1337.pmap,,PERFORM,PERFORM,PERFORM,PERFORM,PERFORM,OMIT,OMIT,PERFORM
idp247tnq,template,83a27ab078b1ee0d263c674ed41f705acdbfe1ae61badf14f6606c12f37b00ef,local pilot,INDETERMINATE,,,,58065.4798836,58065.48801953,702.938171,SPARS50,16,False,FULLIMAG,Blank,7242,2017.312:09:29:52,ABCD,2.5,0.0,0.0,iref$t2c16200i_ccd.fits,iref$q911321mi_osc.fits,iref$3562028ni_bpx.fits,iref$a2412448i_lin.fits,N/A,hst_1337.pmap,,PERFORM,PERFORM,PERFORM,PERFORM,PERFORM,OMIT,OMIT,PERFORM
idp246tlq,template,7f3968a291de63495ea6fe68e56a525d539ee3b4dcfca040efb4372f57e8281c,MAST HTTP206 primary header,INDETERMINATE,,,,58065.44648064,58065.45461656,702.938171,SPARS50,16,False,FULLIMAG,Blank,4356,2017.312:09:29:52,ABCD,2.5,0.0,0.0,iref$t2c16200i_ccd.fits,iref$q911321mi_osc.fits,iref$3562028ni_bpx.fits,iref$a2412448i_lin.fits,N/A,hst_1337.pmap,,PERFORM,PERFORM,PERFORM,PERFORM,PERFORM,OMIT,OMIT,PERFORM
idp245t7q,template,536547e972a4890cdfc1a629d6138a2179343d16e76f625d4b033b898c5746c4,MAST HTTP206 primary header,INDETERMINATE,,,,58065.40447841,58065.41261434,702.938171,SPARS50,16,False,FULLIMAG,Blank,727,2017.312:09:29:52,ABCD,2.5,0.0,0.0,iref$t2c16200i_ccd.fits,iref$q911321mi_osc.fits,iref$3562028ni_bpx.fits,iref$a2412448i_lin.fits,N/A,hst_1337.pmap,,PERFORM,PERFORM,PERFORM,PERFORM,PERFORM,OMIT,OMIT,PERFORM
idp244t1q,template,baa99c07188a6b8c7f399a3c680e304bdb623ebed11f983dc3646ce2fc484c6c,MAST HTTP206 primary header,INDETERMINATE,,,,58065.37107582,58065.37921138,702.938171,SPARS50,16,False,FULLIMAG,Blank,3542,2017.312:07:54:51,ABCD,2.5,0.0,0.0,iref$t2c16200i_ccd.fits,iref$q911321mi_osc.fits,iref$3562028ni_bpx.fits,iref$a2412448i_lin.fits,N/A,hst_1337.pmap,,PERFORM,PERFORM,PERFORM,PERFORM,PERFORM,OMIT,OMIT,PERFORM
idp243slq,template,b551a3079c6ff14e7c25cb1254cc7f09401777281833c1f99f73b428891a5914,MAST HTTP206 primary header,INDETERMINATE,,,,58065.23748767,58065.2456236,702.938171,SPARS50,16,False,FULLIMAG,Blank,3825,2017.312:04:37:46,ABCD,2.5,0.0,0.0,iref$t2c16200i_ccd.fits,iref$q911321mi_osc.fits,iref$3562028ni_bpx.fits,iref$a2412448i_lin.fits,N/A,hst_1338.pmap,,PERFORM,PERFORM,PERFORM,PERFORM,PERFORM,OMIT,OMIT,PERFORM
idp242q0q,template,7e3a85a7295a0fe48e945efb58639369a5dd407f9ee49f1ddcfe2081ca8e8283,MAST HTTP206 primary header,INDETERMINATE,,,,58064.75535804,58064.76349397,702.938171,SPARS50,16,False,FULLIMAG,Blank,30306,2017.311:09:42:08,ABCD,2.5,0.0,0.0,iref$t2c16200i_ccd.fits,iref$q911321mi_osc.fits,iref$3562028ni_bpx.fits,iref$a2412448i_lin.fits,N/A,hst_1339.pmap,,PERFORM,PERFORM,PERFORM,PERFORM,PERFORM,OMIT,OMIT,PERFORM
idp241psq,template,2e74d74149a2e3d0e6fce17c83ede19609cfe14732d05ac70cd217145c400617,MAST HTTP206 primary header,NORMAL,,,,58064.72195545,58064.73009138,702.938171,SPARS50,16,False,FULLIMAG,Blank,27420,2017.311:09:42:08,ABCD,2.5,0.0,0.0,iref$t2c16200i_ccd.fits,iref$q911321mi_osc.fits,iref$3562028ni_bpx.fits,iref$a2412448i_lin.fits,N/A,hst_1339.pmap,,PERFORM,PERFORM,PERFORM,PERFORM,PERFORM,OMIT,OMIT,PERFORM
idp240p7q,template,edd2d1ea7d1f56bed84144c286c58a2530a5f00ef50b5e54a7ff1978e4c8ec05,MAST HTTP206 primary header,INDETERMINATE,,,,58064.68530027,58064.69343619,702.938171,SPARS50,16,False,FULLIMAG,Blank,24253,2017.311:09:42:08,ABCD,2.5,0.0,0.0,iref$t2c16200i_ccd.fits,iref$q911321mi_osc.fits,iref$3562028ni_bpx.fits,iref$a2412448i_lin.fits,N/A,hst_1337.pmap,,PERFORM,PERFORM,PERFORM,PERFORM,PERFORM,OMIT,OMIT,PERFORM
