CID,zHEL,target,mask,mode,epochs,paired_gate,baseline_theta,alternative_theta,actual_shift,finite_mean_tangent_shift,infinitesimal_tangent_shift,nonlinear_standardized_mag,finite_mean_tangent_standardized_mag,infinitesimal_tangent_standardized_mag,nonlinear_minus_finite_tangent_mag,nonlinear_minus_infinitesimal_tangent_mag,baseline_chi2,alternative_chi2
1927242,0.2466599941253662,native_noiseless,accepted_full,observer,23,True,"[0.0, 0.0, 0.0, 0.0]","[-0.00030561179145966924, 0.02435359671871539, 0.0056055556868946, 0.006110049543555925]","[-0.00030561179145966924, 0.02435359671871539, 0.0056055556868946, 0.006110049543555925]","[-0.0003182124563163953, 0.023576415347315825, 0.0057334199940508425, 0.005824262688222422]","[-0.00034494314310589205, 0.02349538871773327, 0.0058035936854061, 0.0058334569326721295]",-0.013864850207919907,-0.014401131376845415,-0.01465968435244328,0.0005362811689255067,0.0007948341445233708,0.0,0.1955537378750436
1927242,0.2466599941253662,native_noiseless,accepted_full,sed,23,True,"[0.0, 0.0, 0.0, 0.0]","[-0.0020860493624930104, 0.02613175815945337, 1.521787850776606e-05, 0.009445827397561024]","[-0.0020860493624930104, 0.02613175815945337, 1.521787850776606e-05, 0.009445827397561024]","[-0.00210016007911685, 0.025593260251614902, 0.00015150219489357494, 0.00933410522900889]","[-0.002164720859977373, 0.02531020854805295, 0.00022412794674902438, 0.009265538911385795]",0.0020703202710067405,0.0015446741543212517,0.0012081462767737972,0.0005256461166854886,0.0008621739942329429,0.0,0.19411943860217526
1927242,0.2466599941253662,official_mean_sensitivity,accepted_full,observer,23,True,"[-6.695034256910069e-06, 0.0004054080628087716, 1.7170442333185627e-05, -0.002700777610630032]","[-0.00031249940443945647, 0.02475648201131578, 0.005623009256138672, 0.0034162917839559957]","[-0.0003058043701825464, 0.02435107394850701, 0.005605838813805487, 0.006117069394586028]","[-0.00031830351089620764, 0.023575366229091028, 0.0057334668574858085, 0.005829040127248509]","[-0.0003450302663948741, 0.02349435079553709, 0.005803642811820642, 0.005838211950573859]",-0.013866331357768972,-0.014401537313891585,-0.014660091612611219,0.0005352059561226176,0.0007937602548422506,9.106878107805269e-05,0.1948900434371883
1927242,0.2466599941253662,official_mean_sensitivity,accepted_full,sed,23,True,"[-6.695034256910069e-06, 0.0004054080628087716, 1.7170442333185627e-05, -0.002700777610630032]","[-0.0020926075909124702, 0.026538686540572117, 3.2993292494153566e-05, 0.0067535997324754075]","[-0.0020859125566555603, 0.026133278477763346, 1.582285016096794e-05, 0.00945437734310544]","[-0.0021001700656106087, 0.025592501716747568, 0.00015165979845355558, 0.009338941344888534]","[-0.0021647252995877077, 0.025309462959158445, 0.00022428703665677358, 0.009270303902733836]",0.0020688154698303637,0.0015440507659440772,0.0012075258837636231,0.0005247647038862863,0.0008612895860667406,9.106878107805269e-05,0.19357443222375922
1927242,0.2466599941253662,observed_flux,accepted_full,observer,23,True,"[-6.174463596845552e-05, 0.0007563804959804149, -3.5510070210821624e-05, -0.000261687320797553]","[-0.00030411619333121524, 0.028482095690781774, 0.005310637429516568, 0.010601799257906996]","[-0.00024237155736275972, 0.02772571519480136, 0.0053461474997273896, 0.01086348657870455]","[-0.00031795582042708746, 0.023573968426564663, 0.005734110912487689, 0.005825797226558401]","[-0.0003446891661178396, 0.023492945947904256, 0.0058042804916520925, 0.005834985654416279]",-0.012450354428625118,-0.014403422522599747,-0.014661964668351374,0.001953068093974628,0.002211610239726256,25.02167731392504,25.966089576911628
1927242,0.2466599941253662,observed_flux,accepted_full,sed,23,True,"[-6.174463596845552e-05, 0.0007563804959804149, -3.5510070210821624e-05, -0.000261687320797553]","[-0.002146068092346259, 0.030448285480001426, -0.00035735326366298926, 0.0141551293513506]","[-0.002084323456377803, 0.029691904984021012, -0.00032184319345216763, 0.014416816672148154]","[-0.0021000206665814946, 0.025589408385237763, 0.00015211073716553373, 0.009335096471728581]","[-0.0021645865656154256, 0.025306371020463812, 0.00022472696988233375, 0.009266506290024444]",0.003695656006946826,0.0015422966040170038,0.0012057955937474485,0.002153359402929822,0.002489860413199378,25.02167731392504,25.92254709414713
1301936,0.3435100018978119,native_noiseless,accepted_full,observer,48,True,"[0.0, 0.0, 0.0, 0.0]","[-0.0029995771687965364, 0.058521670186045406, 0.001825560086556055, -0.024186437201993653]","[-0.0029995771687965364, 0.058521670186045406, 0.001825560086556055, -0.024186437201993653]","[-0.0030785933103152857, 0.05788295585270112, 0.0019461884258094569, -0.0249912150965844]","[-0.003115556188245679, 0.057866892741310696, 0.0020339690463861484, -0.024924860165865242]",0.0007230726761681206,0.00016521152372001979,-0.00014801784577376034,0.0005578611524481012,0.0008710905219418805,0.0,0.4126193190445736
1301936,0.3435100018978119,native_noiseless,accepted_full,sed,48,True,"[0.0, 0.0, 0.0, 0.0]","[-0.011745380289382965, 0.053567704070129236, -0.0004438993615464939, -0.021476982293752788]","[-0.011745380289382965, 0.053567704070129236, -0.0004438993615464939, -0.021476982293752788]","[-0.011758053375323782, 0.052726325722884146, -0.0003504439630805673, -0.021778254410682377]","[-0.01186783589853442, 0.05274749656396768, -0.0002489699400222726, -0.021777804114944604]",-0.0017439543061916164,-0.0021833551681908164,-0.0026061076472874973,0.0004394008619992001,0.0008621533410958817,0.0,0.34565004781412056
1301936,0.3435100018978119,official_mean_sensitivity,accepted_full,observer,48,True,"[-1.7596089986855663e-05, -5.2809074100844454e-05, 1.2744443452836132e-05, -0.00026515325494935293]","[-0.0030175883980981216, 0.05845937688047723, 0.0018380049590749183, -0.02443735941436732]","[-0.002999992308111266, 0.05851218595457808, 0.0018252605156220821, -0.024172206159417967]","[-0.003078799282963312, 0.057881394929081995, 0.0019458863157480414, -0.024988283478567328]","[-0.0031157602653826685, 0.057865336898373004, 0.0020336688642431256, -0.024921926710525365]",0.0007220658107951828,0.0001656963640388658,-0.00014753630347862003,0.0005563694467563168,0.0008696021142738019,2.0690374884726513e-05,0.41184603198760256
1301936,0.3435100018978119,official_mean_sensitivity,accepted_full,sed,48,True,"[-1.7596089986855663e-05, -5.2809074100844454e-05, 1.2744443452836132e-05, -0.00026515325494935293]","[-0.011763424679457507, 0.05350543743919877, -0.00043147219746222996, -0.02172809682457323]","[-0.011745828589470651, 0.053558246513299615, -0.00044421664091506607, -0.021462943569623878]","[-0.011758297781136925, 0.052724793660003696, -0.0003507700622458537, -0.02177576256497671]","[-0.011868079875032946, 0.05274596379373531, -0.00024929578320345095, -0.021775305684168876]",-0.0017449348298311479,-0.0021828293249820073,-0.0026055822866630253,0.000437894495150859,0.0008606474568318774,2.0690374884726513e-05,0.34485549905168256
1301936,0.3435100018978119,observed_flux,accepted_full,observer,48,True,"[0.00038994287366810623, -0.00037816086681015165, 0.00021558113157786992, 0.014201639155328008]","[-0.002569225235949802, 0.05500807604163337, 0.0022798303968773193, -0.005248785897236878]","[-0.002959168109617908, 0.05538623690844353, 0.0020642492652994493, -0.019450425052564887]","[-0.0030786526656102382, 0.05804055450450256, 0.0019447170726142144, -0.02522720568039349]","[-0.0031156323421976497, 0.05802428499606736, 0.0020324922219958734, -0.025160911726000348]",-0.0004851005375072206,0.00019509244853249067,-0.00011816986461902611,-0.0006801929860397113,-0.00036693067288819364,36.25085048508479,36.05080317008219
1301936,0.3435100018978119,observed_flux,accepted_full,sed,48,True,"[0.00038994287366810623, -0.00037816086681015165, 0.00021558113157786992, 0.014201639155328008]","[-0.011419372038776365, 0.049141466641439153, -8.626855914108579e-05, -0.003185425328001296]","[-0.01180931491244447, 0.04951962750824931, -0.0003018496907189557, -0.017387064483329304]","[-0.011757802667192068, 0.052873260618615275, -0.0003519429166635654, -0.021984736993006584]","[-0.011867592172415422, 0.05289458579546731, -0.0002504699273473583, -0.021984712376010244]",-0.002901985469468844,-0.0021547936059017636,-0.002577525016015002,-0.0007471918635670793,-0.00032446045345384234,36.25085048508479,36.02892344767626
1660018,0.43549999594688416,native_noiseless,accepted_full,observer,18,True,"[0.0, 0.0, 0.0, 0.0]","[-0.014889790931851846, 0.016151296595916687, -0.01138328695301779, 0.00934672181631109]","[-0.014889790931851846, 0.016151296595916687, -0.01138328695301779, 0.00934672181631109]","[-0.014888019514998886, 0.016483978123873835, -0.011225356485080346, 0.009599338808789814]","[-0.014906083676524559, 0.016487208426778192, -0.011088622038974089, 0.009594196609241937]",0.02319928021365214,0.022762174494972198,0.022318319336204664,0.0004371057186799387,0.0008809608774474767,0.0,0.24962553413133254
1660018,0.43549999594688416,native_noiseless,accepted_full,sed,18,True,"[0.0, 0.0, 0.0, 0.0]","[-0.03242232343393103, 0.012975656148553207, -0.009066575561959627, 0.009458122755080213]","[-0.03242232343393103, 0.012975656148553207, -0.009066575561959627, 0.009458122755080213]","[-0.03214956502920908, 0.011103333302391417, -0.008853794014942589, 0.008238404087856616]","[-0.03258404247056613, 0.011232255396415196, -0.008847693268163526, 0.00834434537506408]",-0.0020671603422355543,-0.0027590128210653667,-0.0031917714734645726,0.0006918524788298128,0.001124611131229019,0.0,0.21410710786048887
1660018,0.43549999594688416,official_mean_sensitivity,accepted_full,observer,18,True,"[6.0708439999859486e-05, 0.0009850836801067458, 3.576196984735226e-05, -0.00014528194181064803]","[-0.014828243562529677, 0.017157955494179616, -0.011346867148025599, 0.009225898025577148]","[-0.014888952002529536, 0.01617287181407287, -0.011382629117872951, 0.009371179967387795]","[-0.014888289040107585, 0.01648329754313141, -0.011225627111816103, 0.009597545962667405]","[-0.014906352916840816, 0.016486529203015923, -0.011088892391452419, 0.009592406266088266]",0.023201538949904652,0.022762639244876214,0.022318783734118705,0.00043889970502844077,0.0008827552157859471,3.153664657340382e-05,0.24887404501639737
1660018,0.43549999594688416,official_mean_sensitivity,accepted_full,sed,18,True,"[6.0708439999859486e-05, 0.0009850836801067458, 3.576196984735226e-05, -0.00014528194181064803]","[-0.032360832061634016, 0.013979126138805241, -0.009029990547793756, 0.009335484450289451]","[-0.03242154050163388, 0.012994042458698495, -0.009065752517641109, 0.009480766392100099]","[-0.0321498732217404, 0.011099703296406402, -0.008853878231534494, 0.0082342206043944]","[-0.032584356061193115, 0.01122857997034574, -0.008847782039635436, 0.008340101739662733]",-0.0020659856918016015,-0.0027596424021692594,-0.0031923995581882338,0.0006936567103676532,0.0011264138663866306,3.153664657340382e-05,0.21341911515326614
1660018,0.43549999594688416,observed_flux,accepted_full,observer,18,True,"[-0.0006157595113855025, -0.012219657777399725, -0.00032933880395862156, -0.015264283780678775]","[-0.015931863693826806, -0.0038149188584664056, -0.011886755188938905, -0.008947165208881249]","[-0.015316104182441304, 0.008404738918933318, -0.011557416384980283, 0.006317118571797526]","[-0.01488408836719543, 0.016541303743992035, -0.011223551800895942, 0.00964111960495479]","[-0.014902152850764443, 0.016544571338993366, -0.0110868203743389, 0.009635971774210174]",0.022069678972539024,0.02276970097093393,0.022325860903653245,-0.0007000219983949098,-0.00025618193111421944,6.073255821160312,6.327342200445328
1660018,0.43549999594688416,observed_flux,accepted_full,sed,18,True,"[-0.0006157595113855025, -0.012219657777399725, -0.00032933880395862156, -0.015264283780678775]","[-0.03338544677272271, -0.005644142641419975, -0.009524595511851154, -0.008079060132451767]","[-0.03276968726133721, 0.00657551513597975, -0.009195256707892532, 0.007185223648227008]","[-0.032145363974301844, 0.011192191411167757, -0.008854084244811211, 0.00831114884817757]","[-0.03257977327598578, 0.011322319533890974, -0.008847956697591714, 0.008418048063698235]",-0.003042912777544808,-0.0027396122835148945,-0.0031721923408172953,-0.0003033004940299175,0.0001292795632724848,6.073255821160312,6.2725603239215
1341459,0.5234140157699585,native_noiseless,accepted_full,observer,21,True,"[0.0, 0.0, 0.0, 0.0]","[-0.01132405507990651, -0.0026147917987543825, -0.013060420448012342, -0.005029193453126822]","[-0.01132405507990651, -0.0026147917987543825, -0.013060420448012342, -0.005029193453126822]","[-0.01138889259696139, -0.0026811560089426813, -0.012965035350911846, -0.005156056803115783]","[-0.01143887437622621, -0.002707710736383132, -0.012831234614800931, -0.005204607046780043]",0.028975082236240755,0.028602177052952954,0.028130759479638175,0.0003729051832877976,0.0008443227566025746,0.0,0.15647315620518013
1341459,0.5234140157699585,native_noiseless,accepted_full,sed,21,True,"[0.0, 0.0, 0.0, 0.0]","[-0.036477541974314846, -0.007439276880311263, -6.668304839126223e-05, -0.0031267490099601263]","[-0.036477541974314846, -0.007439276880311263, -6.668304839126223e-05, -0.0031267490099601263]","[-0.03596909584009298, -0.007685706367524886, 8.628983637392835e-05, -0.0033532421316769586]","[-0.03668786608335984, -0.007947262410521024, 0.0002004096472401528, -0.003547141422092244]",-0.03746639403777624,-0.03747452987528334,-0.03859117938550571,8.135837507101257e-06,0.001124785347729463,0.0,0.16609132441135588
1341459,0.5234140157699585,official_mean_sensitivity,accepted_full,observer,21,True,"[1.2717836182243481e-05, 0.0005858348109595488, 1.9966285541016343e-05, 0.0004752290047120298]","[-0.01131127324084602, -0.0020284652215812196, -0.013040640206817241, -0.004556131081360632]","[-0.011323991077028264, -0.0026143000325407686, -0.013060606492358257, -0.005031360086072662]","[-0.0113889643806995, -0.0026823213597144267, -0.012965159068923655, -0.005157859387682044]","[-0.011438946172979329, -0.002708875020373986, -0.012831358313826778, -0.005206413152869331]",0.028975805398611477,0.02860230352725341,0.028130886053342234,0.0003735018713580632,0.0008449193452692399,2.4947064370978865e-06,0.15668760154823302
1341459,0.5234140157699585,official_mean_sensitivity,accepted_full,sed,21,True,"[1.2717836182243481e-05, 0.0005858348109595488, 1.9966285541016343e-05, 0.0004752290047120298]","[-0.03646474949039623, -0.006853651513915839, -4.673514159645169e-05, -0.0026541291774942978]","[-0.03647746732657847, -0.007439486324875388, -6.670142713746804e-05, -0.0031293581822063278]","[-0.03596917070687419, -0.00768770765985978, 8.632419761263892e-05, -0.003355351186070553]","[-0.03668794376925874, -0.007949324960510876, 0.00020044137090337034, -0.003549328434313459]",-0.037466295782131974,-0.037475033821432524,-0.038591687781858654,8.738039300543231e-06,0.0011253919997266755,2.4947064370978865e-06,0.1663164150513532
1341459,0.5234140157699585,observed_flux,accepted_full,observer,21,True,"[3.629855546665281e-05, 0.0008811089487848211, 2.6719280189272818e-05, 0.0010073357231511198]","[-0.011165121521217873, -0.00015154711953668538, -0.013038006866533234, -0.0018469767239338848]","[-0.011201420076684525, -0.0010326560683215065, -0.013064726146722506, -0.0028543124470850048]","[-0.011388968313562405, -0.0026832612016133737, -0.012965155523414327, -0.0051589798987142985]","[-0.011438950049538191, -0.0027098139513062336, -0.012831354665755586, -0.005207535329474766]",0.02936565972185602,0.02860213734783524,0.02813071975700794,0.0007635223740207844,0.0012349399648480834,17.25183321485512,17.50728562921984
1341459,0.5234140157699585,observed_flux,accepted_full,sed,21,True,"[3.629855546665281e-05, 0.0008811089487848211, 2.6719280189272818e-05, 0.0010073357231511198]","[-0.03633589296965231, -0.005472418365309499, -6.11841760249144e-05, -0.0005592653796983395]","[-0.03637219152511897, -0.00635352731409432, -8.790345621418721e-05, -0.0015666011028494593]","[-0.035969173635289876, -0.00768908555250734, 8.642271990552231e-05, -0.0033565717956476077]","[-0.03668794693560867, -0.007950744290393547, 0.00020054111293548276, -0.0035505936048755367]",-0.03712021806835273,-0.03747556558424317,-0.03859223025151453,0.0003553475158904419,0.0014720121831618034,17.25183321485512,17.551346612773948
1531033,0.6100199818611145,native_noiseless,accepted_full,observer,51,True,"[0.0, 0.0, 0.0, 0.0]","[-0.009019319977878236, -0.008413413384057883, -0.014739847876496168, 0.01197375135749207]","[-0.009019319977878236, -0.008413413384057883, -0.014739847876496168, 0.01197375135749207]","[-0.009134457251151983, -0.008471065745760006, -0.014720651144612266, 0.012106068183022716]","[-0.009221882012979483, -0.008497526817785542, -0.014592832983607154, 0.012106718823404548]",0.03558311192036812,0.03539884854099973,0.03490865552413374,0.0001842633793683957,0.0006744563962343816,0.0,0.05409876232217974
1531033,0.6100199818611145,native_noiseless,accepted_full,sed,51,True,"[0.0, 0.0, 0.0, 0.0]","[-0.041257303035607214, -0.016538078518064433, 0.018348850180505243, 0.010671611422784763]","[-0.041257303035607214, -0.016538078518064433, 0.018348850180505243, 0.010671611422784763]","[-0.040425097456027945, -0.01559382868041737, 0.017953297664010014, 0.01016716465148029]","[-0.041515128192336874, -0.016333004389947454, 0.01857111675611437, 0.010555290914017123]",-0.10112582881958748,-0.0989084681326971,-0.10204364643076111,-0.002217360686890377,0.0009178176111736229,0.0,0.059703082593975686
1531033,0.6100199818611145,official_mean_sensitivity,accepted_full,observer,51,True,"[0.00012473179917749758, 0.0002253460120469598, 5.559620689720149e-05, 0.0015292781277697208]","[-0.00889505672020921, -0.008190105055133127, -0.014685348795970382, 0.01350303139502359]","[-0.009019788519386708, -0.008415451067180087, -0.014740945002867585, 0.01197375326725387]","[-0.009135041686069488, -0.008472890085352939, -0.014721670404171602, 0.012105478688604494]","[-0.009222466435588213, -0.008499353059977035, -0.01459385308777209, 0.012106129845501232]",0.03558573619737658,0.035401148472026,0.034910957794709103,0.00018458772535058233,0.0006747784026674828,4.584345727110186e-06,0.05419842308863874
1531033,0.6100199818611145,official_mean_sensitivity,accepted_full,sed,51,True,"[0.00012473179917749758, 0.0002253460120469598, 5.559620689720149e-05, 0.0015292781277697208]","[-0.041133141716695305, -0.01631591206825254, 0.018403044714827368, 0.01220073936880469]","[-0.0412578735158728, -0.0165412580802995, 0.018347448507930166, 0.01067146124103497]","[-0.04042573990700838, -0.015596287071948638, 0.017952031647757893, 0.010166363840768486]","[-0.04151579576689081, -0.016335566581541856, 0.018569800341774342, 0.01055446900722464]",-0.10112254066127525,-0.09890555887965231,-0.10204062186844749,-0.002216981781622938,0.0009180812071722381,4.584345727110186e-06,0.059808631034575906
1531033,0.6100199818611145,observed_flux,accepted_full,observer,51,True,"[0.00021171670000109046, 0.00040910243733135684, 6.669087087469986e-05, 0.013592311165747509]","[-0.009230698696856594, -0.010786290264095942, -0.014413545329365712, 0.02137626055693408]","[-0.009442415396857685, -0.011195392701427298, -0.014480236200240412, 0.007783949391186571]","[-0.00913683241764815, -0.008483354603402403, -0.014722395898958478, 0.012094948691625543]","[-0.009224259430801626, -0.008509831238775053, -0.01459457962758877, 0.012095602103046194]",0.03390306220437326,0.035399936261075245,0.0349097443807129,-0.0014968740567019878,-0.0010066821763396404,25.830509564622037,25.675167617027334
1531033,0.6100199818611145,observed_flux,accepted_full,sed,51,True,"[0.00021171670000109046, 0.00040910243733135684, 6.669087087469986e-05, 0.013592311165747509]","[-0.041420319149945074, -0.01777103881215694, 0.018751029545021784, 0.01983171600419686]","[-0.04163203584994617, -0.018180141249488295, 0.018684338674147084, 0.006239404838449352]","[-0.04042777457791383, -0.015609143646434774, 0.01795132526204755, 0.010152558298844717]","[-0.04151792372069576, -0.01634899862544847, 0.01856905867696957, 0.010540214388103823]",-0.10281070629100714,-0.09890745941832765,-0.10204259827262738,-0.003903246872679482,-0.0007681080183797468,25.830509564622037,25.650346920673172
1319898,0.7292500138282776,native_noiseless,accepted_full,observer,65,True,"[0.0, 0.0, 0.0, 0.0]","[-0.004323269130554476, -0.007646570415126799, -0.01538638043811025, 0.013599465079746522]","[-0.004323269130554476, -0.007646570415126799, -0.01538638043811025, 0.013599465079746522]","[-0.0044835060174846075, -0.007853251031063734, -0.015472636306797603, 0.013574422528247249]","[-0.004619444008609488, -0.007899654997183612, -0.015361495846417996, 0.01352462500517811]",0.04241828401670421,0.04249372696648174,0.04200381024195561,-7.544294977752442e-05,0.0004144737747485989,0.0,0.23528858026200183
1319898,0.7292500138282776,native_noiseless,accepted_full,sed,65,True,"[0.0, 0.0, 0.0, 0.0]","[-0.05304026752815843, -0.015980477999158475, 0.04455402579685398, -0.0008853454520278609]","[-0.05304026752815843, -0.015980477999158475, 0.04455402579685398, -0.0008853454520278609]","[-0.05126344980445038, -0.015041057157593747, 0.043244410750863056, -0.00024451449069928376]","[-0.05335504032364159, -0.01627193938438797, 0.04475085396837092, -0.0011809245184546946]",-0.1945215886533144,-0.1885105285084333,-0.19549691971499494,-0.00601106014488108,0.000975331061680534,0.0,0.20008817576460003
1319898,0.7292500138282776,official_mean_sensitivity,accepted_full,observer,65,True,"[-3.279296905349918e-05, 0.0002069224352821884, -3.464518473932357e-05, -0.000730838989651835]","[-0.0043555499411657055, -0.007437041012162483, -0.01542002261424622, 0.012869185143046262]","[-0.004322756972112206, -0.007643963447444672, -0.015385377429506896, 0.013600024132698098]","[-0.004483157812988362, -0.00785151609500666, -0.01547161332670171, 0.01357537050971835]","[-0.00461909626533377, -0.007897920236122949, -0.015360472753868372, 0.01352557134469808]",0.042416088377813965,0.04249116482279851,0.042001247258291935,-7.507644498453735e-05,0.00041484111952202676,2.062033609584953e-05,0.23562033062216065
1319898,0.7292500138282776,official_mean_sensitivity,accepted_full,sed,65,True,"[-3.279296905349918e-05, 0.0002069224352821884, -3.464518473932357e-05, -0.000730838989651835]","[-0.05307274520313062, -0.01577273783690823, 0.04452029793309049, -0.001615911913728331]","[-0.05303995223407712, -0.015979660272190416, 0.04455494311782981, -0.0008850729240764961]","[-0.051263185464280214, -0.015039665364492265, 0.04324540940817798, -0.00024435260229655273]","[-0.05335477946893857, -0.01627056755756993, 0.044751869792549234, -0.0011808287078452638]",-0.19452400183483418,-0.1885131538842834,-0.19549960531113483,-0.006010847950550768,0.0009756034763006761,2.062033609584953e-05,0.20038215178941984
1319898,0.7292500138282776,observed_flux,accepted_full,observer,65,True,"[-6.426131387417708e-05, -6.080260684644121e-05, -1.2821502133257127e-05, -0.002833101146193138]","[-0.004819521554458844, -0.011477989449698838, -0.015535259478579859, 0.006947203833417504]","[-0.004755260240584667, -0.011417186842852397, -0.015522437976446602, 0.009780304979610643]","[-0.004482889289922482, -0.007847827886289384, -0.015472065858853698, 0.013578924552669864]","[-0.004618827252156607, -0.00789422717100098, -0.015360925908167336, 0.013529132482512557]",0.041803914034970885,0.0424934375727442,0.042003523219328584,-0.0006895235377733201,-0.00019960918435769925,55.11020121689691,54.965475611875455
1319898,0.7292500138282776,observed_flux,accepted_full,sed,65,True,"[-6.426131387417708e-05, -6.080260684644121e-05, -1.2821502133257127e-05, -0.002833101146193138]","[-0.0533187673841462, -0.01693617287049439, 0.04450923532233247, -0.0067151716630777115]","[-0.05325450607027202, -0.01687537026364795, 0.04452205682446572, -0.0038820705168845734]","[-0.051262922343685444, -0.015036387626995676, 0.0432448656188684, -0.00024119920620694385]","[-0.05335450697831373, -0.016267140470744748, 0.0447513038993879, -0.0011774690181922446]",-0.19478011565190428,-0.18851066804774816,-0.19549701716335402,-0.006269447604156152,0.0007169015114497315,55.11020121689691,54.957798554630166
